
━━━━━━━━━━━━━━━━━━━━━━━━━━━━━━━━━━━━━━━━━━━━━━━━━━━━━━━━━━━━
[2026-04-27  12:12:40]
  CONTAINER  objective_ardinghelli     [ÉTEINT]  (eliot_arduino_bridge-arduino_bridge:latest)
    └─ aucune node ROS2 détectée
  CONTAINER  docker_cmdvel             [ACTIF]  (auto_start_eliot-navigation)
    └─ NODE  /nav_tunnel_pid_node                     [ACTIF]
  CONTAINER  node_controller           [CRÉÉ]  (auto_start_eliot-node_controller)
    └─ aucune node ROS2 détectée
  CONTAINER  covaciel_camera           [CRÉÉ]  (auto_start_eliot-camera)
    └─ aucune node ROS2 détectée
  CONTAINER  voiture_complete          [REDÉMARRAGE]  (integration_ws_eliot-voiture)
    └─ aucune node ROS2 détectée
  CONTAINER  eliot_arduino_bridge      [ACTIF]  (eliot_arduino_bridge-arduino_bridge)
    └─ NODE  /nav_tunnel_pid_node                     [ACTIF]

━━━━━━━━━━━━━━━━━━━━━━━━━━━━━━━━━━━━━━━━━━━━━━━━━━━━━━━━━━━━
[2026-04-27  12:12:58]
  CONTAINER  objective_ardinghelli     [ÉTEINT]  (eliot_arduino_bridge-arduino_bridge:latest)
    └─ aucune node ROS2 détectée
  CONTAINER  docker_cmdvel             [ACTIF]  (auto_start_eliot-navigation)
    ├─ NODE  /arduino_bridge                          [ACTIF]
    └─ NODE  /nav_tunnel_pid_node                     [ACTIF]
  CONTAINER  node_controller           [CRÉÉ]  (auto_start_eliot-node_controller)
    └─ aucune node ROS2 détectée
  CONTAINER  covaciel_camera           [CRÉÉ]  (auto_start_eliot-camera)
    └─ aucune node ROS2 détectée
  CONTAINER  voiture_complete          [REDÉMARRAGE]  (integration_ws_eliot-voiture)
    └─ aucune node ROS2 détectée
  CONTAINER  eliot_arduino_bridge      [ACTIF]  (eliot_arduino_bridge-arduino_bridge)
    ├─ NODE  /arduino_bridge                          [ACTIF]
    └─ NODE  /nav_tunnel_pid_node                     [ACTIF]

━━━━━━━━━━━━━━━━━━━━━━━━━━━━━━━━━━━━━━━━━━━━━━━━━━━━━━━━━━━━
[2026-04-27  12:13:17]
  CONTAINER  objective_ardinghelli     [ÉTEINT]  (eliot_arduino_bridge-arduino_bridge:latest)
    └─ aucune node ROS2 détectée
  CONTAINER  docker_cmdvel             [ACTIF]  (auto_start_eliot-navigation)
    ├─ NODE  /arduino_bridge                          [ACTIF]
    └─ NODE  /nav_tunnel_pid_node                     [ACTIF]
  CONTAINER  node_controller           [CRÉÉ]  (auto_start_eliot-node_controller)
    └─ aucune node ROS2 détectée
  CONTAINER  covaciel_camera           [CRÉÉ]  (auto_start_eliot-camera)
    └─ aucune node ROS2 détectée
  CONTAINER  voiture_complete          [REDÉMARRAGE]  (integration_ws_eliot-voiture)
    └─ aucune node ROS2 détectée
  CONTAINER  eliot_arduino_bridge      [ACTIF]  (eliot_arduino_bridge-arduino_bridge)
    ├─ NODE  /arduino_bridge                          [ACTIF]
    └─ NODE  /nav_tunnel_pid_node                     [ACTIF]

━━━━━━━━━━━━━━━━━━━━━━━━━━━━━━━━━━━━━━━━━━━━━━━━━━━━━━━━━━━━
[2026-04-27  12:13:35]
  CONTAINER  objective_ardinghelli     [ÉTEINT]  (eliot_arduino_bridge-arduino_bridge:latest)
    └─ aucune node ROS2 détectée
  CONTAINER  docker_cmdvel             [ACTIF]  (auto_start_eliot-navigation)
    ├─ NODE  /arduino_bridge                          [ACTIF]
    └─ NODE  /nav_tunnel_pid_node                     [ACTIF]
  CONTAINER  node_controller           [CRÉÉ]  (auto_start_eliot-node_controller)
    └─ aucune node ROS2 détectée
  CONTAINER  covaciel_camera           [CRÉÉ]  (auto_start_eliot-camera)
    └─ aucune node ROS2 détectée
  CONTAINER  voiture_complete          [REDÉMARRAGE]  (integration_ws_eliot-voiture)
    └─ aucune node ROS2 détectée
  CONTAINER  eliot_arduino_bridge      [ACTIF]  (eliot_arduino_bridge-arduino_bridge)
    ├─ NODE  /arduino_bridge                          [ACTIF]
    └─ NODE  /nav_tunnel_pid_node                     [ACTIF]

━━━━━━━━━━━━━━━━━━━━━━━━━━━━━━━━━━━━━━━━━━━━━━━━━━━━━━━━━━━━
[2026-04-27  12:18:21]
  CONTAINER  objective_ardinghelli     [ÉTEINT]  (eliot_arduino_bridge-arduino_bridge:latest)
    └─ aucune node ROS2 détectée
  CONTAINER  docker_cmdvel             [ACTIF]  (auto_start_eliot-navigation)
    ├─ NODE  /arduino_bridge                          [ACTIF]
    └─ NODE  /nav_tunnel_pid_node                     [ACTIF]
  CONTAINER  node_controller           [CRÉÉ]  (auto_start_eliot-node_controller)
    └─ aucune node ROS2 détectée
  CONTAINER  covaciel_camera           [CRÉÉ]  (auto_start_eliot-camera)
    └─ aucune node ROS2 détectée
  CONTAINER  voiture_complete          [REDÉMARRAGE]  (integration_ws_eliot-voiture)
    └─ aucune node ROS2 détectée
  CONTAINER  eliot_arduino_bridge      [ACTIF]  (eliot_arduino_bridge-arduino_bridge)
    ├─ NODE  /arduino_bridge                          [ACTIF]
    └─ NODE  /nav_tunnel_pid_node                     [ACTIF]

━━━━━━━━━━━━━━━━━━━━━━━━━━━━━━━━━━━━━━━━━━━━━━━━━━━━━━━━━━━━
[2026-04-27  12:18:39]
  CONTAINER  objective_ardinghelli     [ÉTEINT]  (eliot_arduino_bridge-arduino_bridge:latest)
    └─ aucune node ROS2 détectée
  CONTAINER  docker_cmdvel             [ACTIF]  (auto_start_eliot-navigation)
    ├─ NODE  /arduino_bridge                          [ACTIF]
    └─ NODE  /nav_tunnel_pid_node                     [ACTIF]
  CONTAINER  node_controller           [CRÉÉ]  (auto_start_eliot-node_controller)
    └─ aucune node ROS2 détectée
  CONTAINER  covaciel_camera           [CRÉÉ]  (auto_start_eliot-camera)
    └─ aucune node ROS2 détectée
  CONTAINER  voiture_complete          [REDÉMARRAGE]  (integration_ws_eliot-voiture)
    └─ aucune node ROS2 détectée
  CONTAINER  eliot_arduino_bridge      [ACTIF]  (eliot_arduino_bridge-arduino_bridge)
    ├─ NODE  /arduino_bridge                          [ACTIF]
    └─ NODE  /nav_tunnel_pid_node                     [ACTIF]

━━━━━━━━━━━━━━━━━━━━━━━━━━━━━━━━━━━━━━━━━━━━━━━━━━━━━━━━━━━━
[2026-04-27  12:26:34]
  CONTAINER  objective_ardinghelli     [ÉTEINT]  (eliot_arduino_bridge-arduino_bridge:latest)
    └─ aucune node ROS2 détectée
  CONTAINER  docker_cmdvel             [ACTIF]  (auto_start_eliot-navigation)
    ├─ NODE  /arduino_bridge                          [ACTIF]
    └─ NODE  /nav_tunnel_pid_node                     [ACTIF]
  CONTAINER  node_controller           [CRÉÉ]  (auto_start_eliot-node_controller)
    └─ aucune node ROS2 détectée
  CONTAINER  covaciel_camera           [CRÉÉ]  (auto_start_eliot-camera)
    └─ aucune node ROS2 détectée
  CONTAINER  voiture_complete          [REDÉMARRAGE]  (integration_ws_eliot-voiture)
    └─ aucune node ROS2 détectée
  CONTAINER  eliot_arduino_bridge      [ACTIF]  (eliot_arduino_bridge-arduino_bridge)
    ├─ NODE  /arduino_bridge                          [ACTIF]
    └─ NODE  /nav_tunnel_pid_node                     [ACTIF]

━━━━━━━━━━━━━━━━━━━━━━━━━━━━━━━━━━━━━━━━━━━━━━━━━━━━━━━━━━━━
[2026-04-27  12:26:53]
  CONTAINER  objective_ardinghelli     [ÉTEINT]  (eliot_arduino_bridge-arduino_bridge:latest)
    └─ aucune node ROS2 détectée
  CONTAINER  docker_cmdvel             [ACTIF]  (auto_start_eliot-navigation)
    ├─ NODE  /arduino_bridge                          [ACTIF]
    └─ NODE  /nav_tunnel_pid_node                     [ACTIF]
  CONTAINER  node_controller           [CRÉÉ]  (auto_start_eliot-node_controller)
    └─ aucune node ROS2 détectée
  CONTAINER  covaciel_camera           [CRÉÉ]  (auto_start_eliot-camera)
    └─ aucune node ROS2 détectée
  CONTAINER  voiture_complete          [REDÉMARRAGE]  (integration_ws_eliot-voiture)
    └─ aucune node ROS2 détectée
  CONTAINER  eliot_arduino_bridge      [ACTIF]  (eliot_arduino_bridge-arduino_bridge)
    ├─ NODE  /arduino_bridge                          [ACTIF]
    └─ NODE  /nav_tunnel_pid_node                     [ACTIF]

━━━━━━━━━━━━━━━━━━━━━━━━━━━━━━━━━━━━━━━━━━━━━━━━━━━━━━━━━━━━
[2026-04-27  12:27:11]
  CONTAINER  objective_ardinghelli     [ÉTEINT]  (eliot_arduino_bridge-arduino_bridge:latest)
    └─ aucune node ROS2 détectée
  CONTAINER  docker_cmdvel             [ACTIF]  (auto_start_eliot-navigation)
    ├─ NODE  /arduino_bridge                          [ACTIF]
    └─ NODE  /nav_tunnel_pid_node                     [ACTIF]
  CONTAINER  node_controller           [CRÉÉ]  (auto_start_eliot-node_controller)
    └─ aucune node ROS2 détectée
  CONTAINER  covaciel_camera           [CRÉÉ]  (auto_start_eliot-camera)
    └─ aucune node ROS2 détectée
  CONTAINER  voiture_complete          [REDÉMARRAGE]  (integration_ws_eliot-voiture)
    └─ aucune node ROS2 détectée
  CONTAINER  eliot_arduino_bridge      [ACTIF]  (eliot_arduino_bridge-arduino_bridge)
    ├─ NODE  /arduino_bridge                          [ACTIF]
    └─ NODE  /nav_tunnel_pid_node                     [ACTIF]

━━━━━━━━━━━━━━━━━━━━━━━━━━━━━━━━━━━━━━━━━━━━━━━━━━━━━━━━━━━━
[2026-04-27  12:29:51]
  CONTAINER  objective_ardinghelli     [ÉTEINT]  (eliot_arduino_bridge-arduino_bridge:latest)
    └─ aucune node ROS2 détectée
  CONTAINER  docker_cmdvel             [ACTIF]  (auto_start_eliot-navigation)
    ├─ NODE  /arduino_bridge                          [ACTIF]
    └─ NODE  /nav_tunnel_pid_node                     [ACTIF]
  CONTAINER  node_controller           [CRÉÉ]  (auto_start_eliot-node_controller)
    └─ aucune node ROS2 détectée
  CONTAINER  covaciel_camera           [CRÉÉ]  (auto_start_eliot-camera)
    └─ aucune node ROS2 détectée
  CONTAINER  voiture_complete          [REDÉMARRAGE]  (integration_ws_eliot-voiture)
    └─ aucune node ROS2 détectée
  CONTAINER  eliot_arduino_bridge      [ACTIF]  (eliot_arduino_bridge-arduino_bridge)
    ├─ NODE  /arduino_bridge                          [ACTIF]
    └─ NODE  /nav_tunnel_pid_node                     [ACTIF]

━━━━━━━━━━━━━━━━━━━━━━━━━━━━━━━━━━━━━━━━━━━━━━━━━━━━━━━━━━━━
[2026-04-27  12:30:09]
  CONTAINER  objective_ardinghelli     [ÉTEINT]  (eliot_arduino_bridge-arduino_bridge:latest)
    └─ aucune node ROS2 détectée
  CONTAINER  docker_cmdvel             [ACTIF]  (auto_start_eliot-navigation)
    ├─ NODE  /arduino_bridge                          [ACTIF]
    └─ NODE  /nav_tunnel_pid_node                     [ACTIF]
  CONTAINER  node_controller           [CRÉÉ]  (auto_start_eliot-node_controller)
    └─ aucune node ROS2 détectée
  CONTAINER  covaciel_camera           [CRÉÉ]  (auto_start_eliot-camera)
    └─ aucune node ROS2 détectée
  CONTAINER  voiture_complete          [REDÉMARRAGE]  (integration_ws_eliot-voiture)
    └─ aucune node ROS2 détectée
  CONTAINER  eliot_arduino_bridge      [ACTIF]  (eliot_arduino_bridge-arduino_bridge)
    ├─ NODE  /arduino_bridge                          [ACTIF]
    └─ NODE  /nav_tunnel_pid_node                     [ACTIF]

━━━━━━━━━━━━━━━━━━━━━━━━━━━━━━━━━━━━━━━━━━━━━━━━━━━━━━━━━━━━
[2026-04-29  08:48:04]
  CONTAINER  objective_ardinghelli     [ÉTEINT]  (eliot_arduino_bridge-arduino_bridge:latest)
    └─ aucune node ROS2 détectée
  CONTAINER  docker_cmdvel             [ACTIF]  (auto_start_eliot-navigation)
    ├─ NODE  /arduino_bridge                          [ACTIF]
    └─ NODE  /nav_tunnel_pid_node                     [ACTIF]
  CONTAINER  node_controller           [CRÉÉ]  (auto_start_eliot-node_controller)
    └─ aucune node ROS2 détectée
  CONTAINER  covaciel_camera           [CRÉÉ]  (auto_start_eliot-camera)
    └─ aucune node ROS2 détectée
  CONTAINER  voiture_complete          [REDÉMARRAGE]  (integration_ws_eliot-voiture)
    └─ aucune node ROS2 détectée
  CONTAINER  eliot_arduino_bridge      [ACTIF]  (eliot_arduino_bridge-arduino_bridge)
    ├─ NODE  /arduino_bridge                          [ACTIF]
    └─ NODE  /nav_tunnel_pid_node                     [ACTIF]

━━━━━━━━━━━━━━━━━━━━━━━━━━━━━━━━━━━━━━━━━━━━━━━━━━━━━━━━━━━━
[2026-04-29  08:48:12]
  CONTAINER  objective_ardinghelli     [ÉTEINT]  (eliot_arduino_bridge-arduino_bridge:latest)
    └─ aucune node ROS2 détectée
  CONTAINER  docker_cmdvel             [ACTIF]  (auto_start_eliot-navigation)
    ├─ NODE  /arduino_bridge                          [ACTIF]
    └─ NODE  /nav_tunnel_pid_node                     [ACTIF]
  CONTAINER  node_controller           [CRÉÉ]  (auto_start_eliot-node_controller)
    └─ aucune node ROS2 détectée
  CONTAINER  covaciel_camera           [CRÉÉ]  (auto_start_eliot-camera)
    └─ aucune node ROS2 détectée
  CONTAINER  voiture_complete          [REDÉMARRAGE]  (integration_ws_eliot-voiture)
    └─ aucune node ROS2 détectée
  CONTAINER  eliot_arduino_bridge      [ACTIF]  (eliot_arduino_bridge-arduino_bridge)
    ├─ NODE  /arduino_bridge                          [ACTIF]
    └─ NODE  /nav_tunnel_pid_node                     [ACTIF]

━━━━━━━━━━━━━━━━━━━━━━━━━━━━━━━━━━━━━━━━━━━━━━━━━━━━━━━━━━━━
[2026-04-29  08:48:18]
  CONTAINER  objective_ardinghelli     [ÉTEINT]  (eliot_arduino_bridge-arduino_bridge:latest)
    └─ aucune node ROS2 détectée
  CONTAINER  docker_cmdvel             [ACTIF]  (auto_start_eliot-navigation)
    ├─ NODE  /arduino_bridge                          [ACTIF]
    └─ NODE  /nav_tunnel_pid_node                     [ACTIF]
  CONTAINER  node_controller           [CRÉÉ]  (auto_start_eliot-node_controller)
    └─ aucune node ROS2 détectée
  CONTAINER  covaciel_camera           [CRÉÉ]  (auto_start_eliot-camera)
    └─ aucune node ROS2 détectée
  CONTAINER  voiture_complete          [REDÉMARRAGE]  (integration_ws_eliot-voiture)
    └─ aucune node ROS2 détectée
  CONTAINER  eliot_arduino_bridge      [ACTIF]  (eliot_arduino_bridge-arduino_bridge)
    ├─ NODE  /arduino_bridge                          [ACTIF]
    └─ NODE  /nav_tunnel_pid_node                     [ACTIF]

━━━━━━━━━━━━━━━━━━━━━━━━━━━━━━━━━━━━━━━━━━━━━━━━━━━━━━━━━━━━
[2026-04-29  08:48:25]
  CONTAINER  objective_ardinghelli     [ÉTEINT]  (eliot_arduino_bridge-arduino_bridge:latest)
    └─ aucune node ROS2 détectée
  CONTAINER  docker_cmdvel             [ACTIF]  (auto_start_eliot-navigation)
    ├─ NODE  /arduino_bridge                          [ACTIF]
    └─ NODE  /nav_tunnel_pid_node                     [ACTIF]
  CONTAINER  node_controller           [CRÉÉ]  (auto_start_eliot-node_controller)
    └─ aucune node ROS2 détectée
  CONTAINER  covaciel_camera           [CRÉÉ]  (auto_start_eliot-camera)
    └─ aucune node ROS2 détectée
  CONTAINER  voiture_complete          [ACTIF]  (integration_ws_eliot-voiture)
    └─ aucune node ROS2 détectée
  CONTAINER  eliot_arduino_bridge      [ACTIF]  (eliot_arduino_bridge-arduino_bridge)
    ├─ NODE  /arduino_bridge                          [ACTIF]
    └─ NODE  /nav_tunnel_pid_node                     [ACTIF]

━━━━━━━━━━━━━━━━━━━━━━━━━━━━━━━━━━━━━━━━━━━━━━━━━━━━━━━━━━━━
[2026-04-29  08:48:32]
  CONTAINER  objective_ardinghelli     [ÉTEINT]  (eliot_arduino_bridge-arduino_bridge:latest)
    └─ aucune node ROS2 détectée
  CONTAINER  docker_cmdvel             [ACTIF]  (auto_start_eliot-navigation)
    ├─ NODE  /arduino_bridge                          [ACTIF]
    └─ NODE  /nav_tunnel_pid_node                     [ACTIF]
  CONTAINER  node_controller           [CRÉÉ]  (auto_start_eliot-node_controller)
    └─ aucune node ROS2 détectée
  CONTAINER  covaciel_camera           [CRÉÉ]  (auto_start_eliot-camera)
    └─ aucune node ROS2 détectée
  CONTAINER  voiture_complete          [REDÉMARRAGE]  (integration_ws_eliot-voiture)
    └─ aucune node ROS2 détectée
  CONTAINER  eliot_arduino_bridge      [ACTIF]  (eliot_arduino_bridge-arduino_bridge)
    ├─ NODE  /arduino_bridge                          [ACTIF]
    └─ NODE  /nav_tunnel_pid_node                     [ACTIF]

━━━━━━━━━━━━━━━━━━━━━━━━━━━━━━━━━━━━━━━━━━━━━━━━━━━━━━━━━━━━
[2026-04-29  08:48:39]
  CONTAINER  objective_ardinghelli     [ÉTEINT]  (eliot_arduino_bridge-arduino_bridge:latest)
    └─ aucune node ROS2 détectée
  CONTAINER  docker_cmdvel             [ACTIF]  (auto_start_eliot-navigation)
    ├─ NODE  /arduino_bridge                          [ACTIF]
    └─ NODE  /nav_tunnel_pid_node                     [ACTIF]
  CONTAINER  node_controller           [CRÉÉ]  (auto_start_eliot-node_controller)
    └─ aucune node ROS2 détectée
  CONTAINER  covaciel_camera           [CRÉÉ]  (auto_start_eliot-camera)
    └─ aucune node ROS2 détectée
  CONTAINER  voiture_complete          [REDÉMARRAGE]  (integration_ws_eliot-voiture)
    └─ aucune node ROS2 détectée
  CONTAINER  eliot_arduino_bridge      [ACTIF]  (eliot_arduino_bridge-arduino_bridge)
    ├─ NODE  /arduino_bridge                          [ACTIF]
    └─ NODE  /nav_tunnel_pid_node                     [ACTIF]

━━━━━━━━━━━━━━━━━━━━━━━━━━━━━━━━━━━━━━━━━━━━━━━━━━━━━━━━━━━━
[2026-04-29  08:48:45]
  CONTAINER  objective_ardinghelli     [ÉTEINT]  (eliot_arduino_bridge-arduino_bridge:latest)
    └─ aucune node ROS2 détectée
  CONTAINER  docker_cmdvel             [ACTIF]  (auto_start_eliot-navigation)
    ├─ NODE  /arduino_bridge                          [ACTIF]
    └─ NODE  /nav_tunnel_pid_node                     [ACTIF]
  CONTAINER  node_controller           [CRÉÉ]  (auto_start_eliot-node_controller)
    └─ aucune node ROS2 détectée
  CONTAINER  covaciel_camera           [CRÉÉ]  (auto_start_eliot-camera)
    └─ aucune node ROS2 détectée
  CONTAINER  voiture_complete          [REDÉMARRAGE]  (integration_ws_eliot-voiture)
    └─ aucune node ROS2 détectée
  CONTAINER  eliot_arduino_bridge      [ACTIF]  (eliot_arduino_bridge-arduino_bridge)
    ├─ NODE  /arduino_bridge                          [ACTIF]
    └─ NODE  /nav_tunnel_pid_node                     [ACTIF]

━━━━━━━━━━━━━━━━━━━━━━━━━━━━━━━━━━━━━━━━━━━━━━━━━━━━━━━━━━━━
[2026-04-29  08:48:52]
  CONTAINER  objective_ardinghelli     [ÉTEINT]  (eliot_arduino_bridge-arduino_bridge:latest)
    └─ aucune node ROS2 détectée
  CONTAINER  docker_cmdvel             [ACTIF]  (auto_start_eliot-navigation)
    ├─ NODE  /arduino_bridge                          [ACTIF]
    └─ NODE  /nav_tunnel_pid_node                     [ACTIF]
  CONTAINER  node_controller           [CRÉÉ]  (auto_start_eliot-node_controller)
    └─ aucune node ROS2 détectée
  CONTAINER  covaciel_camera           [CRÉÉ]  (auto_start_eliot-camera)
    └─ aucune node ROS2 détectée
  CONTAINER  voiture_complete          [REDÉMARRAGE]  (integration_ws_eliot-voiture)
    └─ aucune node ROS2 détectée
  CONTAINER  eliot_arduino_bridge      [ACTIF]  (eliot_arduino_bridge-arduino_bridge)
    ├─ NODE  /arduino_bridge                          [ACTIF]
    └─ NODE  /nav_tunnel_pid_node                     [ACTIF]

━━━━━━━━━━━━━━━━━━━━━━━━━━━━━━━━━━━━━━━━━━━━━━━━━━━━━━━━━━━━
[2026-04-29  08:48:58]
  CONTAINER  objective_ardinghelli     [ÉTEINT]  (eliot_arduino_bridge-arduino_bridge:latest)
    └─ aucune node ROS2 détectée
  CONTAINER  docker_cmdvel             [ACTIF]  (auto_start_eliot-navigation)
    ├─ NODE  /arduino_bridge                          [ACTIF]
    └─ NODE  /nav_tunnel_pid_node                     [ACTIF]
  CONTAINER  node_controller           [CRÉÉ]  (auto_start_eliot-node_controller)
    └─ aucune node ROS2 détectée
  CONTAINER  covaciel_camera           [CRÉÉ]  (auto_start_eliot-camera)
    └─ aucune node ROS2 détectée
  CONTAINER  voiture_complete          [REDÉMARRAGE]  (integration_ws_eliot-voiture)
    └─ aucune node ROS2 détectée
  CONTAINER  eliot_arduino_bridge      [ACTIF]  (eliot_arduino_bridge-arduino_bridge)
    ├─ NODE  /arduino_bridge                          [ACTIF]
    └─ NODE  /nav_tunnel_pid_node                     [ACTIF]

━━━━━━━━━━━━━━━━━━━━━━━━━━━━━━━━━━━━━━━━━━━━━━━━━━━━━━━━━━━━
[2026-04-29  08:49:05]
  CONTAINER  objective_ardinghelli     [ÉTEINT]  (eliot_arduino_bridge-arduino_bridge:latest)
    └─ aucune node ROS2 détectée
  CONTAINER  docker_cmdvel             [ACTIF]  (auto_start_eliot-navigation)
    ├─ NODE  /arduino_bridge                          [ACTIF]
    └─ NODE  /nav_tunnel_pid_node                     [ACTIF]
  CONTAINER  node_controller           [CRÉÉ]  (auto_start_eliot-node_controller)
    └─ aucune node ROS2 détectée
  CONTAINER  covaciel_camera           [CRÉÉ]  (auto_start_eliot-camera)
    └─ aucune node ROS2 détectée
  CONTAINER  voiture_complete          [REDÉMARRAGE]  (integration_ws_eliot-voiture)
    └─ aucune node ROS2 détectée
  CONTAINER  eliot_arduino_bridge      [ACTIF]  (eliot_arduino_bridge-arduino_bridge)
    ├─ NODE  /arduino_bridge                          [ACTIF]
    └─ NODE  /nav_tunnel_pid_node                     [ACTIF]

━━━━━━━━━━━━━━━━━━━━━━━━━━━━━━━━━━━━━━━━━━━━━━━━━━━━━━━━━━━━
[2026-04-29  08:49:12]
  CONTAINER  objective_ardinghelli     [ÉTEINT]  (eliot_arduino_bridge-arduino_bridge:latest)
    └─ aucune node ROS2 détectée
  CONTAINER  docker_cmdvel             [ACTIF]  (auto_start_eliot-navigation)
    ├─ NODE  /arduino_bridge                          [ACTIF]
    └─ NODE  /nav_tunnel_pid_node                     [ACTIF]
  CONTAINER  node_controller           [CRÉÉ]  (auto_start_eliot-node_controller)
    └─ aucune node ROS2 détectée
  CONTAINER  covaciel_camera           [CRÉÉ]  (auto_start_eliot-camera)
    └─ aucune node ROS2 détectée
  CONTAINER  voiture_complete          [REDÉMARRAGE]  (integration_ws_eliot-voiture)
    └─ aucune node ROS2 détectée
  CONTAINER  eliot_arduino_bridge      [ACTIF]  (eliot_arduino_bridge-arduino_bridge)
    ├─ NODE  /arduino_bridge                          [ACTIF]
    └─ NODE  /nav_tunnel_pid_node                     [ACTIF]

━━━━━━━━━━━━━━━━━━━━━━━━━━━━━━━━━━━━━━━━━━━━━━━━━━━━━━━━━━━━
[2026-04-29  08:49:18]
  CONTAINER  objective_ardinghelli     [ÉTEINT]  (eliot_arduino_bridge-arduino_bridge:latest)
    └─ aucune node ROS2 détectée
  CONTAINER  docker_cmdvel             [ACTIF]  (auto_start_eliot-navigation)
    ├─ NODE  /arduino_bridge                          [ACTIF]
    └─ NODE  /nav_tunnel_pid_node                     [ACTIF]
  CONTAINER  node_controller           [CRÉÉ]  (auto_start_eliot-node_controller)
    └─ aucune node ROS2 détectée
  CONTAINER  covaciel_camera           [CRÉÉ]  (auto_start_eliot-camera)
    └─ aucune node ROS2 détectée
  CONTAINER  voiture_complete          [REDÉMARRAGE]  (integration_ws_eliot-voiture)
    └─ aucune node ROS2 détectée
  CONTAINER  eliot_arduino_bridge      [ACTIF]  (eliot_arduino_bridge-arduino_bridge)
    ├─ NODE  /arduino_bridge                          [ACTIF]
    └─ NODE  /nav_tunnel_pid_node                     [ACTIF]

━━━━━━━━━━━━━━━━━━━━━━━━━━━━━━━━━━━━━━━━━━━━━━━━━━━━━━━━━━━━
[2026-04-29  08:49:25]
  CONTAINER  objective_ardinghelli     [ÉTEINT]  (eliot_arduino_bridge-arduino_bridge:latest)
    └─ aucune node ROS2 détectée
  CONTAINER  docker_cmdvel             [ACTIF]  (auto_start_eliot-navigation)
    ├─ NODE  /arduino_bridge                          [ACTIF]
    └─ NODE  /nav_tunnel_pid_node                     [ACTIF]
  CONTAINER  node_controller           [CRÉÉ]  (auto_start_eliot-node_controller)
    └─ aucune node ROS2 détectée
  CONTAINER  covaciel_camera           [CRÉÉ]  (auto_start_eliot-camera)
    └─ aucune node ROS2 détectée
  CONTAINER  voiture_complete          [REDÉMARRAGE]  (integration_ws_eliot-voiture)
    └─ aucune node ROS2 détectée
  CONTAINER  eliot_arduino_bridge      [ACTIF]  (eliot_arduino_bridge-arduino_bridge)
    ├─ NODE  /arduino_bridge                          [ACTIF]
    └─ NODE  /nav_tunnel_pid_node                     [ACTIF]

━━━━━━━━━━━━━━━━━━━━━━━━━━━━━━━━━━━━━━━━━━━━━━━━━━━━━━━━━━━━
[2026-04-29  08:49:32]
  CONTAINER  objective_ardinghelli     [ÉTEINT]  (eliot_arduino_bridge-arduino_bridge:latest)
    └─ aucune node ROS2 détectée
  CONTAINER  docker_cmdvel             [ACTIF]  (auto_start_eliot-navigation)
    ├─ NODE  /arduino_bridge                          [ACTIF]
    └─ NODE  /nav_tunnel_pid_node                     [ACTIF]
  CONTAINER  node_controller           [CRÉÉ]  (auto_start_eliot-node_controller)
    └─ aucune node ROS2 détectée
  CONTAINER  covaciel_camera           [CRÉÉ]  (auto_start_eliot-camera)
    └─ aucune node ROS2 détectée
  CONTAINER  voiture_complete          [REDÉMARRAGE]  (integration_ws_eliot-voiture)
    └─ aucune node ROS2 détectée
  CONTAINER  eliot_arduino_bridge      [ACTIF]  (eliot_arduino_bridge-arduino_bridge)
    ├─ NODE  /arduino_bridge                          [ACTIF]
    └─ NODE  /nav_tunnel_pid_node                     [ACTIF]

━━━━━━━━━━━━━━━━━━━━━━━━━━━━━━━━━━━━━━━━━━━━━━━━━━━━━━━━━━━━
[2026-04-29  08:49:39]
  CONTAINER  objective_ardinghelli     [ÉTEINT]  (eliot_arduino_bridge-arduino_bridge:latest)
    └─ aucune node ROS2 détectée
  CONTAINER  docker_cmdvel             [ACTIF]  (auto_start_eliot-navigation)
    ├─ NODE  /arduino_bridge                          [ACTIF]
    └─ NODE  /nav_tunnel_pid_node                     [ACTIF]
  CONTAINER  node_controller           [CRÉÉ]  (auto_start_eliot-node_controller)
    └─ aucune node ROS2 détectée
  CONTAINER  covaciel_camera           [CRÉÉ]  (auto_start_eliot-camera)
    └─ aucune node ROS2 détectée
  CONTAINER  voiture_complete          [REDÉMARRAGE]  (integration_ws_eliot-voiture)
    └─ aucune node ROS2 détectée
  CONTAINER  eliot_arduino_bridge      [ACTIF]  (eliot_arduino_bridge-arduino_bridge)
    ├─ NODE  /arduino_bridge                          [ACTIF]
    └─ NODE  /nav_tunnel_pid_node                     [ACTIF]

━━━━━━━━━━━━━━━━━━━━━━━━━━━━━━━━━━━━━━━━━━━━━━━━━━━━━━━━━━━━
[2026-04-29  08:49:45]
  CONTAINER  objective_ardinghelli     [ÉTEINT]  (eliot_arduino_bridge-arduino_bridge:latest)
    └─ aucune node ROS2 détectée
  CONTAINER  docker_cmdvel             [ACTIF]  (auto_start_eliot-navigation)
    ├─ NODE  /arduino_bridge                          [ACTIF]
    └─ NODE  /nav_tunnel_pid_node                     [ACTIF]
  CONTAINER  node_controller           [CRÉÉ]  (auto_start_eliot-node_controller)
    └─ aucune node ROS2 détectée
  CONTAINER  covaciel_camera           [CRÉÉ]  (auto_start_eliot-camera)
    └─ aucune node ROS2 détectée
  CONTAINER  voiture_complete          [REDÉMARRAGE]  (integration_ws_eliot-voiture)
    └─ aucune node ROS2 détectée
  CONTAINER  eliot_arduino_bridge      [ACTIF]  (eliot_arduino_bridge-arduino_bridge)
    ├─ NODE  /arduino_bridge                          [ACTIF]
    └─ NODE  /nav_tunnel_pid_node                     [ACTIF]

━━━━━━━━━━━━━━━━━━━━━━━━━━━━━━━━━━━━━━━━━━━━━━━━━━━━━━━━━━━━
[2026-04-29  08:49:52]
  CONTAINER  objective_ardinghelli     [ÉTEINT]  (eliot_arduino_bridge-arduino_bridge:latest)
    └─ aucune node ROS2 détectée
  CONTAINER  docker_cmdvel             [ACTIF]  (auto_start_eliot-navigation)
    ├─ NODE  /arduino_bridge                          [ACTIF]
    └─ NODE  /nav_tunnel_pid_node                     [ACTIF]
  CONTAINER  node_controller           [CRÉÉ]  (auto_start_eliot-node_controller)
    └─ aucune node ROS2 détectée
  CONTAINER  covaciel_camera           [CRÉÉ]  (auto_start_eliot-camera)
    └─ aucune node ROS2 détectée
  CONTAINER  voiture_complete          [REDÉMARRAGE]  (integration_ws_eliot-voiture)
    └─ aucune node ROS2 détectée
  CONTAINER  eliot_arduino_bridge      [ACTIF]  (eliot_arduino_bridge-arduino_bridge)
    ├─ NODE  /arduino_bridge                          [ACTIF]
    └─ NODE  /nav_tunnel_pid_node                     [ACTIF]

━━━━━━━━━━━━━━━━━━━━━━━━━━━━━━━━━━━━━━━━━━━━━━━━━━━━━━━━━━━━
[2026-04-29  08:49:59]
  CONTAINER  objective_ardinghelli     [ÉTEINT]  (eliot_arduino_bridge-arduino_bridge:latest)
    └─ aucune node ROS2 détectée
  CONTAINER  docker_cmdvel             [ACTIF]  (auto_start_eliot-navigation)
    ├─ NODE  /arduino_bridge                          [ACTIF]
    └─ NODE  /nav_tunnel_pid_node                     [ACTIF]
  CONTAINER  node_controller           [CRÉÉ]  (auto_start_eliot-node_controller)
    └─ aucune node ROS2 détectée
  CONTAINER  covaciel_camera           [CRÉÉ]  (auto_start_eliot-camera)
    └─ aucune node ROS2 détectée
  CONTAINER  voiture_complete          [REDÉMARRAGE]  (integration_ws_eliot-voiture)
    └─ aucune node ROS2 détectée
  CONTAINER  eliot_arduino_bridge      [ACTIF]  (eliot_arduino_bridge-arduino_bridge)
    ├─ NODE  /arduino_bridge                          [ACTIF]
    └─ NODE  /nav_tunnel_pid_node                     [ACTIF]

━━━━━━━━━━━━━━━━━━━━━━━━━━━━━━━━━━━━━━━━━━━━━━━━━━━━━━━━━━━━
[2026-04-29  08:50:05]
  CONTAINER  objective_ardinghelli     [ÉTEINT]  (eliot_arduino_bridge-arduino_bridge:latest)
    └─ aucune node ROS2 détectée
  CONTAINER  docker_cmdvel             [ACTIF]  (auto_start_eliot-navigation)
    ├─ NODE  /arduino_bridge                          [ACTIF]
    └─ NODE  /nav_tunnel_pid_node                     [ACTIF]
  CONTAINER  node_controller           [CRÉÉ]  (auto_start_eliot-node_controller)
    └─ aucune node ROS2 détectée
  CONTAINER  covaciel_camera           [CRÉÉ]  (auto_start_eliot-camera)
    └─ aucune node ROS2 détectée
  CONTAINER  voiture_complete          [REDÉMARRAGE]  (integration_ws_eliot-voiture)
    └─ aucune node ROS2 détectée
  CONTAINER  eliot_arduino_bridge      [ACTIF]  (eliot_arduino_bridge-arduino_bridge)
    ├─ NODE  /arduino_bridge                          [ACTIF]
    └─ NODE  /nav_tunnel_pid_node                     [ACTIF]

━━━━━━━━━━━━━━━━━━━━━━━━━━━━━━━━━━━━━━━━━━━━━━━━━━━━━━━━━━━━
[2026-04-29  08:50:12]
  CONTAINER  objective_ardinghelli     [ÉTEINT]  (eliot_arduino_bridge-arduino_bridge:latest)
    └─ aucune node ROS2 détectée
  CONTAINER  docker_cmdvel             [ACTIF]  (auto_start_eliot-navigation)
    ├─ NODE  /arduino_bridge                          [ACTIF]
    └─ NODE  /nav_tunnel_pid_node                     [ACTIF]
  CONTAINER  node_controller           [CRÉÉ]  (auto_start_eliot-node_controller)
    └─ aucune node ROS2 détectée
  CONTAINER  covaciel_camera           [CRÉÉ]  (auto_start_eliot-camera)
    └─ aucune node ROS2 détectée
  CONTAINER  voiture_complete          [REDÉMARRAGE]  (integration_ws_eliot-voiture)
    └─ aucune node ROS2 détectée
  CONTAINER  eliot_arduino_bridge      [ACTIF]  (eliot_arduino_bridge-arduino_bridge)
    ├─ NODE  /arduino_bridge                          [ACTIF]
    └─ NODE  /nav_tunnel_pid_node                     [ACTIF]

━━━━━━━━━━━━━━━━━━━━━━━━━━━━━━━━━━━━━━━━━━━━━━━━━━━━━━━━━━━━
[2026-04-29  08:50:18]
  CONTAINER  objective_ardinghelli     [ÉTEINT]  (eliot_arduino_bridge-arduino_bridge:latest)
    └─ aucune node ROS2 détectée
  CONTAINER  docker_cmdvel             [ACTIF]  (auto_start_eliot-navigation)
    ├─ NODE  /arduino_bridge                          [ACTIF]
    └─ NODE  /nav_tunnel_pid_node                     [ACTIF]
  CONTAINER  node_controller           [CRÉÉ]  (auto_start_eliot-node_controller)
    └─ aucune node ROS2 détectée
  CONTAINER  covaciel_camera           [CRÉÉ]  (auto_start_eliot-camera)
    └─ aucune node ROS2 détectée
  CONTAINER  voiture_complete          [REDÉMARRAGE]  (integration_ws_eliot-voiture)
    └─ aucune node ROS2 détectée
  CONTAINER  eliot_arduino_bridge      [ACTIF]  (eliot_arduino_bridge-arduino_bridge)
    ├─ NODE  /arduino_bridge                          [ACTIF]
    └─ NODE  /nav_tunnel_pid_node                     [ACTIF]

━━━━━━━━━━━━━━━━━━━━━━━━━━━━━━━━━━━━━━━━━━━━━━━━━━━━━━━━━━━━
[2026-04-29  08:50:25]
  CONTAINER  objective_ardinghelli     [ÉTEINT]  (eliot_arduino_bridge-arduino_bridge:latest)
    └─ aucune node ROS2 détectée
  CONTAINER  docker_cmdvel             [ACTIF]  (auto_start_eliot-navigation)
    ├─ NODE  /arduino_bridge                          [ACTIF]
    └─ NODE  /nav_tunnel_pid_node                     [ACTIF]
  CONTAINER  node_controller           [CRÉÉ]  (auto_start_eliot-node_controller)
    └─ aucune node ROS2 détectée
  CONTAINER  covaciel_camera           [CRÉÉ]  (auto_start_eliot-camera)
    └─ aucune node ROS2 détectée
  CONTAINER  voiture_complete          [REDÉMARRAGE]  (integration_ws_eliot-voiture)
    └─ aucune node ROS2 détectée
  CONTAINER  eliot_arduino_bridge      [ACTIF]  (eliot_arduino_bridge-arduino_bridge)
    ├─ NODE  /arduino_bridge                          [ACTIF]
    └─ NODE  /nav_tunnel_pid_node                     [ACTIF]

━━━━━━━━━━━━━━━━━━━━━━━━━━━━━━━━━━━━━━━━━━━━━━━━━━━━━━━━━━━━
[2026-04-29  08:50:32]
  CONTAINER  objective_ardinghelli     [ÉTEINT]  (eliot_arduino_bridge-arduino_bridge:latest)
    └─ aucune node ROS2 détectée
  CONTAINER  docker_cmdvel             [ACTIF]  (auto_start_eliot-navigation)
    ├─ NODE  /arduino_bridge                          [ACTIF]
    └─ NODE  /nav_tunnel_pid_node                     [ACTIF]
  CONTAINER  node_controller           [CRÉÉ]  (auto_start_eliot-node_controller)
    └─ aucune node ROS2 détectée
  CONTAINER  covaciel_camera           [CRÉÉ]  (auto_start_eliot-camera)
    └─ aucune node ROS2 détectée
  CONTAINER  voiture_complete          [REDÉMARRAGE]  (integration_ws_eliot-voiture)
    └─ aucune node ROS2 détectée
  CONTAINER  eliot_arduino_bridge      [ACTIF]  (eliot_arduino_bridge-arduino_bridge)
    ├─ NODE  /arduino_bridge                          [ACTIF]
    └─ NODE  /nav_tunnel_pid_node                     [ACTIF]

━━━━━━━━━━━━━━━━━━━━━━━━━━━━━━━━━━━━━━━━━━━━━━━━━━━━━━━━━━━━
[2026-04-29  08:50:39]
  CONTAINER  objective_ardinghelli     [ÉTEINT]  (eliot_arduino_bridge-arduino_bridge:latest)
    └─ aucune node ROS2 détectée
  CONTAINER  docker_cmdvel             [ACTIF]  (auto_start_eliot-navigation)
    ├─ NODE  /arduino_bridge                          [ACTIF]
    └─ NODE  /nav_tunnel_pid_node                     [ACTIF]
  CONTAINER  node_controller           [CRÉÉ]  (auto_start_eliot-node_controller)
    └─ aucune node ROS2 détectée
  CONTAINER  covaciel_camera           [CRÉÉ]  (auto_start_eliot-camera)
    └─ aucune node ROS2 détectée
  CONTAINER  voiture_complete          [REDÉMARRAGE]  (integration_ws_eliot-voiture)
    └─ aucune node ROS2 détectée
  CONTAINER  eliot_arduino_bridge      [ACTIF]  (eliot_arduino_bridge-arduino_bridge)
    ├─ NODE  /arduino_bridge                          [ACTIF]
    └─ NODE  /nav_tunnel_pid_node                     [ACTIF]

━━━━━━━━━━━━━━━━━━━━━━━━━━━━━━━━━━━━━━━━━━━━━━━━━━━━━━━━━━━━
[2026-04-29  08:50:45]
  CONTAINER  objective_ardinghelli     [ÉTEINT]  (eliot_arduino_bridge-arduino_bridge:latest)
    └─ aucune node ROS2 détectée
  CONTAINER  docker_cmdvel             [ACTIF]  (auto_start_eliot-navigation)
    ├─ NODE  /arduino_bridge                          [ACTIF]
    └─ NODE  /nav_tunnel_pid_node                     [ACTIF]
  CONTAINER  node_controller           [CRÉÉ]  (auto_start_eliot-node_controller)
    └─ aucune node ROS2 détectée
  CONTAINER  covaciel_camera           [CRÉÉ]  (auto_start_eliot-camera)
    └─ aucune node ROS2 détectée
  CONTAINER  voiture_complete          [REDÉMARRAGE]  (integration_ws_eliot-voiture)
    └─ aucune node ROS2 détectée
  CONTAINER  eliot_arduino_bridge      [ACTIF]  (eliot_arduino_bridge-arduino_bridge)
    ├─ NODE  /arduino_bridge                          [ACTIF]
    └─ NODE  /nav_tunnel_pid_node                     [ACTIF]

━━━━━━━━━━━━━━━━━━━━━━━━━━━━━━━━━━━━━━━━━━━━━━━━━━━━━━━━━━━━
[2026-04-29  08:50:52]
  CONTAINER  objective_ardinghelli     [ÉTEINT]  (eliot_arduino_bridge-arduino_bridge:latest)
    └─ aucune node ROS2 détectée
  CONTAINER  docker_cmdvel             [ACTIF]  (auto_start_eliot-navigation)
    ├─ NODE  /arduino_bridge                          [ACTIF]
    └─ NODE  /nav_tunnel_pid_node                     [ACTIF]
  CONTAINER  node_controller           [CRÉÉ]  (auto_start_eliot-node_controller)
    └─ aucune node ROS2 détectée
  CONTAINER  covaciel_camera           [CRÉÉ]  (auto_start_eliot-camera)
    └─ aucune node ROS2 détectée
  CONTAINER  voiture_complete          [REDÉMARRAGE]  (integration_ws_eliot-voiture)
    └─ aucune node ROS2 détectée
  CONTAINER  eliot_arduino_bridge      [ACTIF]  (eliot_arduino_bridge-arduino_bridge)
    ├─ NODE  /arduino_bridge                          [ACTIF]
    └─ NODE  /nav_tunnel_pid_node                     [ACTIF]

━━━━━━━━━━━━━━━━━━━━━━━━━━━━━━━━━━━━━━━━━━━━━━━━━━━━━━━━━━━━
[2026-04-29  08:50:59]
  CONTAINER  objective_ardinghelli     [ÉTEINT]  (eliot_arduino_bridge-arduino_bridge:latest)
    └─ aucune node ROS2 détectée
  CONTAINER  docker_cmdvel             [ACTIF]  (auto_start_eliot-navigation)
    ├─ NODE  /arduino_bridge                          [ACTIF]
    └─ NODE  /nav_tunnel_pid_node                     [ACTIF]
  CONTAINER  node_controller           [CRÉÉ]  (auto_start_eliot-node_controller)
    └─ aucune node ROS2 détectée
  CONTAINER  covaciel_camera           [CRÉÉ]  (auto_start_eliot-camera)
    └─ aucune node ROS2 détectée
  CONTAINER  voiture_complete          [REDÉMARRAGE]  (integration_ws_eliot-voiture)
    └─ aucune node ROS2 détectée
  CONTAINER  eliot_arduino_bridge      [ACTIF]  (eliot_arduino_bridge-arduino_bridge)
    ├─ NODE  /arduino_bridge                          [ACTIF]
    └─ NODE  /nav_tunnel_pid_node                     [ACTIF]

━━━━━━━━━━━━━━━━━━━━━━━━━━━━━━━━━━━━━━━━━━━━━━━━━━━━━━━━━━━━
[2026-04-29  08:51:05]
  CONTAINER  objective_ardinghelli     [ÉTEINT]  (eliot_arduino_bridge-arduino_bridge:latest)
    └─ aucune node ROS2 détectée
  CONTAINER  docker_cmdvel             [ACTIF]  (auto_start_eliot-navigation)
    ├─ NODE  /arduino_bridge                          [ACTIF]
    └─ NODE  /nav_tunnel_pid_node                     [ACTIF]
  CONTAINER  node_controller           [CRÉÉ]  (auto_start_eliot-node_controller)
    └─ aucune node ROS2 détectée
  CONTAINER  covaciel_camera           [CRÉÉ]  (auto_start_eliot-camera)
    └─ aucune node ROS2 détectée
  CONTAINER  voiture_complete          [REDÉMARRAGE]  (integration_ws_eliot-voiture)
    └─ aucune node ROS2 détectée
  CONTAINER  eliot_arduino_bridge      [ACTIF]  (eliot_arduino_bridge-arduino_bridge)
    ├─ NODE  /arduino_bridge                          [ACTIF]
    └─ NODE  /nav_tunnel_pid_node                     [ACTIF]

━━━━━━━━━━━━━━━━━━━━━━━━━━━━━━━━━━━━━━━━━━━━━━━━━━━━━━━━━━━━
[2026-04-29  08:51:12]
  CONTAINER  objective_ardinghelli     [ÉTEINT]  (eliot_arduino_bridge-arduino_bridge:latest)
    └─ aucune node ROS2 détectée
  CONTAINER  docker_cmdvel             [ACTIF]  (auto_start_eliot-navigation)
    ├─ NODE  /arduino_bridge                          [ACTIF]
    └─ NODE  /nav_tunnel_pid_node                     [ACTIF]
  CONTAINER  node_controller           [CRÉÉ]  (auto_start_eliot-node_controller)
    └─ aucune node ROS2 détectée
  CONTAINER  covaciel_camera           [CRÉÉ]  (auto_start_eliot-camera)
    └─ aucune node ROS2 détectée
  CONTAINER  voiture_complete          [REDÉMARRAGE]  (integration_ws_eliot-voiture)
    └─ aucune node ROS2 détectée
  CONTAINER  eliot_arduino_bridge      [ACTIF]  (eliot_arduino_bridge-arduino_bridge)
    ├─ NODE  /arduino_bridge                          [ACTIF]
    └─ NODE  /nav_tunnel_pid_node                     [ACTIF]

━━━━━━━━━━━━━━━━━━━━━━━━━━━━━━━━━━━━━━━━━━━━━━━━━━━━━━━━━━━━
[2026-04-29  08:51:19]
  CONTAINER  objective_ardinghelli     [ÉTEINT]  (eliot_arduino_bridge-arduino_bridge:latest)
    └─ aucune node ROS2 détectée
  CONTAINER  docker_cmdvel             [ACTIF]  (auto_start_eliot-navigation)
    ├─ NODE  /arduino_bridge                          [ACTIF]
    └─ NODE  /nav_tunnel_pid_node                     [ACTIF]
  CONTAINER  node_controller           [CRÉÉ]  (auto_start_eliot-node_controller)
    └─ aucune node ROS2 détectée
  CONTAINER  covaciel_camera           [CRÉÉ]  (auto_start_eliot-camera)
    └─ aucune node ROS2 détectée
  CONTAINER  voiture_complete          [REDÉMARRAGE]  (integration_ws_eliot-voiture)
    └─ aucune node ROS2 détectée
  CONTAINER  eliot_arduino_bridge      [ACTIF]  (eliot_arduino_bridge-arduino_bridge)
    ├─ NODE  /arduino_bridge                          [ACTIF]
    └─ NODE  /nav_tunnel_pid_node                     [ACTIF]

━━━━━━━━━━━━━━━━━━━━━━━━━━━━━━━━━━━━━━━━━━━━━━━━━━━━━━━━━━━━
[2026-04-29  08:51:25]
  CONTAINER  objective_ardinghelli     [ÉTEINT]  (eliot_arduino_bridge-arduino_bridge:latest)
    └─ aucune node ROS2 détectée
  CONTAINER  docker_cmdvel             [ACTIF]  (auto_start_eliot-navigation)
    ├─ NODE  /arduino_bridge                          [ACTIF]
    └─ NODE  /nav_tunnel_pid_node                     [ACTIF]
  CONTAINER  node_controller           [CRÉÉ]  (auto_start_eliot-node_controller)
    └─ aucune node ROS2 détectée
  CONTAINER  covaciel_camera           [CRÉÉ]  (auto_start_eliot-camera)
    └─ aucune node ROS2 détectée
  CONTAINER  voiture_complete          [REDÉMARRAGE]  (integration_ws_eliot-voiture)
    └─ aucune node ROS2 détectée
  CONTAINER  eliot_arduino_bridge      [ACTIF]  (eliot_arduino_bridge-arduino_bridge)
    ├─ NODE  /arduino_bridge                          [ACTIF]
    └─ NODE  /nav_tunnel_pid_node                     [ACTIF]

━━━━━━━━━━━━━━━━━━━━━━━━━━━━━━━━━━━━━━━━━━━━━━━━━━━━━━━━━━━━
[2026-04-29  08:51:32]
  CONTAINER  objective_ardinghelli     [ÉTEINT]  (eliot_arduino_bridge-arduino_bridge:latest)
    └─ aucune node ROS2 détectée
  CONTAINER  docker_cmdvel             [ACTIF]  (auto_start_eliot-navigation)
    ├─ NODE  /arduino_bridge                          [ACTIF]
    └─ NODE  /nav_tunnel_pid_node                     [ACTIF]
  CONTAINER  node_controller           [CRÉÉ]  (auto_start_eliot-node_controller)
    └─ aucune node ROS2 détectée
  CONTAINER  covaciel_camera           [CRÉÉ]  (auto_start_eliot-camera)
    └─ aucune node ROS2 détectée
  CONTAINER  voiture_complete          [REDÉMARRAGE]  (integration_ws_eliot-voiture)
    └─ aucune node ROS2 détectée
  CONTAINER  eliot_arduino_bridge      [ACTIF]  (eliot_arduino_bridge-arduino_bridge)
    ├─ NODE  /arduino_bridge                          [ACTIF]
    └─ NODE  /nav_tunnel_pid_node                     [ACTIF]

━━━━━━━━━━━━━━━━━━━━━━━━━━━━━━━━━━━━━━━━━━━━━━━━━━━━━━━━━━━━
[2026-04-29  08:51:39]
  CONTAINER  objective_ardinghelli     [ÉTEINT]  (eliot_arduino_bridge-arduino_bridge:latest)
    └─ aucune node ROS2 détectée
  CONTAINER  docker_cmdvel             [ACTIF]  (auto_start_eliot-navigation)
    ├─ NODE  /arduino_bridge                          [ACTIF]
    └─ NODE  /nav_tunnel_pid_node                     [ACTIF]
  CONTAINER  node_controller           [CRÉÉ]  (auto_start_eliot-node_controller)
    └─ aucune node ROS2 détectée
  CONTAINER  covaciel_camera           [CRÉÉ]  (auto_start_eliot-camera)
    └─ aucune node ROS2 détectée
  CONTAINER  voiture_complete          [REDÉMARRAGE]  (integration_ws_eliot-voiture)
    └─ aucune node ROS2 détectée
  CONTAINER  eliot_arduino_bridge      [ACTIF]  (eliot_arduino_bridge-arduino_bridge)
    ├─ NODE  /arduino_bridge                          [ACTIF]
    └─ NODE  /nav_tunnel_pid_node                     [ACTIF]

━━━━━━━━━━━━━━━━━━━━━━━━━━━━━━━━━━━━━━━━━━━━━━━━━━━━━━━━━━━━
[2026-04-29  08:51:45]
  CONTAINER  objective_ardinghelli     [ÉTEINT]  (eliot_arduino_bridge-arduino_bridge:latest)
    └─ aucune node ROS2 détectée
  CONTAINER  docker_cmdvel             [ACTIF]  (auto_start_eliot-navigation)
    ├─ NODE  /arduino_bridge                          [ACTIF]
    └─ NODE  /nav_tunnel_pid_node                     [ACTIF]
  CONTAINER  node_controller           [CRÉÉ]  (auto_start_eliot-node_controller)
    └─ aucune node ROS2 détectée
  CONTAINER  covaciel_camera           [CRÉÉ]  (auto_start_eliot-camera)
    └─ aucune node ROS2 détectée
  CONTAINER  voiture_complete          [REDÉMARRAGE]  (integration_ws_eliot-voiture)
    └─ aucune node ROS2 détectée
  CONTAINER  eliot_arduino_bridge      [ACTIF]  (eliot_arduino_bridge-arduino_bridge)
    ├─ NODE  /arduino_bridge                          [ACTIF]
    └─ NODE  /nav_tunnel_pid_node                     [ACTIF]

━━━━━━━━━━━━━━━━━━━━━━━━━━━━━━━━━━━━━━━━━━━━━━━━━━━━━━━━━━━━
[2026-04-29  08:51:52]
  CONTAINER  objective_ardinghelli     [ÉTEINT]  (eliot_arduino_bridge-arduino_bridge:latest)
    └─ aucune node ROS2 détectée
  CONTAINER  docker_cmdvel             [ACTIF]  (auto_start_eliot-navigation)
    ├─ NODE  /arduino_bridge                          [ACTIF]
    └─ NODE  /nav_tunnel_pid_node                     [ACTIF]
  CONTAINER  node_controller           [CRÉÉ]  (auto_start_eliot-node_controller)
    └─ aucune node ROS2 détectée
  CONTAINER  covaciel_camera           [CRÉÉ]  (auto_start_eliot-camera)
    └─ aucune node ROS2 détectée
  CONTAINER  voiture_complete          [REDÉMARRAGE]  (integration_ws_eliot-voiture)
    └─ aucune node ROS2 détectée
  CONTAINER  eliot_arduino_bridge      [ACTIF]  (eliot_arduino_bridge-arduino_bridge)
    ├─ NODE  /arduino_bridge                          [ACTIF]
    └─ NODE  /nav_tunnel_pid_node                     [ACTIF]

━━━━━━━━━━━━━━━━━━━━━━━━━━━━━━━━━━━━━━━━━━━━━━━━━━━━━━━━━━━━
[2026-04-29  08:51:59]
  CONTAINER  objective_ardinghelli     [ÉTEINT]  (eliot_arduino_bridge-arduino_bridge:latest)
    └─ aucune node ROS2 détectée
  CONTAINER  docker_cmdvel             [ACTIF]  (auto_start_eliot-navigation)
    ├─ NODE  /arduino_bridge                          [ACTIF]
    └─ NODE  /nav_tunnel_pid_node                     [ACTIF]
  CONTAINER  node_controller           [CRÉÉ]  (auto_start_eliot-node_controller)
    └─ aucune node ROS2 détectée
  CONTAINER  covaciel_camera           [CRÉÉ]  (auto_start_eliot-camera)
    └─ aucune node ROS2 détectée
  CONTAINER  voiture_complete          [REDÉMARRAGE]  (integration_ws_eliot-voiture)
    └─ aucune node ROS2 détectée
  CONTAINER  eliot_arduino_bridge      [ACTIF]  (eliot_arduino_bridge-arduino_bridge)
    ├─ NODE  /arduino_bridge                          [ACTIF]
    └─ NODE  /nav_tunnel_pid_node                     [ACTIF]

━━━━━━━━━━━━━━━━━━━━━━━━━━━━━━━━━━━━━━━━━━━━━━━━━━━━━━━━━━━━
[2026-04-29  08:52:05]
  CONTAINER  objective_ardinghelli     [ÉTEINT]  (eliot_arduino_bridge-arduino_bridge:latest)
    └─ aucune node ROS2 détectée
  CONTAINER  docker_cmdvel             [ACTIF]  (auto_start_eliot-navigation)
    ├─ NODE  /arduino_bridge                          [ACTIF]
    └─ NODE  /nav_tunnel_pid_node                     [ACTIF]
  CONTAINER  node_controller           [CRÉÉ]  (auto_start_eliot-node_controller)
    └─ aucune node ROS2 détectée
  CONTAINER  covaciel_camera           [CRÉÉ]  (auto_start_eliot-camera)
    └─ aucune node ROS2 détectée
  CONTAINER  voiture_complete          [REDÉMARRAGE]  (integration_ws_eliot-voiture)
    └─ aucune node ROS2 détectée
  CONTAINER  eliot_arduino_bridge      [ACTIF]  (eliot_arduino_bridge-arduino_bridge)
    ├─ NODE  /arduino_bridge                          [ACTIF]
    └─ NODE  /nav_tunnel_pid_node                     [ACTIF]

━━━━━━━━━━━━━━━━━━━━━━━━━━━━━━━━━━━━━━━━━━━━━━━━━━━━━━━━━━━━
[2026-04-29  08:52:12]
  CONTAINER  objective_ardinghelli     [ÉTEINT]  (eliot_arduino_bridge-arduino_bridge:latest)
    └─ aucune node ROS2 détectée
  CONTAINER  docker_cmdvel             [ACTIF]  (auto_start_eliot-navigation)
    ├─ NODE  /arduino_bridge                          [ACTIF]
    └─ NODE  /nav_tunnel_pid_node                     [ACTIF]
  CONTAINER  node_controller           [CRÉÉ]  (auto_start_eliot-node_controller)
    └─ aucune node ROS2 détectée
  CONTAINER  covaciel_camera           [CRÉÉ]  (auto_start_eliot-camera)
    └─ aucune node ROS2 détectée
  CONTAINER  voiture_complete          [REDÉMARRAGE]  (integration_ws_eliot-voiture)
    └─ aucune node ROS2 détectée
  CONTAINER  eliot_arduino_bridge      [ACTIF]  (eliot_arduino_bridge-arduino_bridge)
    ├─ NODE  /arduino_bridge                          [ACTIF]
    └─ NODE  /nav_tunnel_pid_node                     [ACTIF]

━━━━━━━━━━━━━━━━━━━━━━━━━━━━━━━━━━━━━━━━━━━━━━━━━━━━━━━━━━━━
[2026-04-29  08:52:19]
  CONTAINER  objective_ardinghelli     [ÉTEINT]  (eliot_arduino_bridge-arduino_bridge:latest)
    └─ aucune node ROS2 détectée
  CONTAINER  docker_cmdvel             [ACTIF]  (auto_start_eliot-navigation)
    ├─ NODE  /arduino_bridge                          [ACTIF]
    └─ NODE  /nav_tunnel_pid_node                     [ACTIF]
  CONTAINER  node_controller           [CRÉÉ]  (auto_start_eliot-node_controller)
    └─ aucune node ROS2 détectée
  CONTAINER  covaciel_camera           [CRÉÉ]  (auto_start_eliot-camera)
    └─ aucune node ROS2 détectée
  CONTAINER  voiture_complete          [REDÉMARRAGE]  (integration_ws_eliot-voiture)
    └─ aucune node ROS2 détectée
  CONTAINER  eliot_arduino_bridge      [ACTIF]  (eliot_arduino_bridge-arduino_bridge)
    ├─ NODE  /arduino_bridge                          [ACTIF]
    └─ NODE  /nav_tunnel_pid_node                     [ACTIF]

━━━━━━━━━━━━━━━━━━━━━━━━━━━━━━━━━━━━━━━━━━━━━━━━━━━━━━━━━━━━
[2026-04-29  08:52:25]
  CONTAINER  objective_ardinghelli     [ÉTEINT]  (eliot_arduino_bridge-arduino_bridge:latest)
    └─ aucune node ROS2 détectée
  CONTAINER  docker_cmdvel             [ACTIF]  (auto_start_eliot-navigation)
    ├─ NODE  /arduino_bridge                          [ACTIF]
    └─ NODE  /nav_tunnel_pid_node                     [ACTIF]
  CONTAINER  node_controller           [CRÉÉ]  (auto_start_eliot-node_controller)
    └─ aucune node ROS2 détectée
  CONTAINER  covaciel_camera           [CRÉÉ]  (auto_start_eliot-camera)
    └─ aucune node ROS2 détectée
  CONTAINER  voiture_complete          [REDÉMARRAGE]  (integration_ws_eliot-voiture)
    └─ aucune node ROS2 détectée
  CONTAINER  eliot_arduino_bridge      [ACTIF]  (eliot_arduino_bridge-arduino_bridge)
    ├─ NODE  /arduino_bridge                          [ACTIF]
    └─ NODE  /nav_tunnel_pid_node                     [ACTIF]

━━━━━━━━━━━━━━━━━━━━━━━━━━━━━━━━━━━━━━━━━━━━━━━━━━━━━━━━━━━━
[2026-04-29  08:52:32]
  CONTAINER  objective_ardinghelli     [ÉTEINT]  (eliot_arduino_bridge-arduino_bridge:latest)
    └─ aucune node ROS2 détectée
  CONTAINER  docker_cmdvel             [ACTIF]  (auto_start_eliot-navigation)
    ├─ NODE  /arduino_bridge                          [ACTIF]
    └─ NODE  /nav_tunnel_pid_node                     [ACTIF]
  CONTAINER  node_controller           [CRÉÉ]  (auto_start_eliot-node_controller)
    └─ aucune node ROS2 détectée
  CONTAINER  covaciel_camera           [CRÉÉ]  (auto_start_eliot-camera)
    └─ aucune node ROS2 détectée
  CONTAINER  voiture_complete          [REDÉMARRAGE]  (integration_ws_eliot-voiture)
    └─ aucune node ROS2 détectée
  CONTAINER  eliot_arduino_bridge      [ACTIF]  (eliot_arduino_bridge-arduino_bridge)
    ├─ NODE  /arduino_bridge                          [ACTIF]
    └─ NODE  /nav_tunnel_pid_node                     [ACTIF]

━━━━━━━━━━━━━━━━━━━━━━━━━━━━━━━━━━━━━━━━━━━━━━━━━━━━━━━━━━━━
[2026-04-29  08:52:39]
  CONTAINER  objective_ardinghelli     [ÉTEINT]  (eliot_arduino_bridge-arduino_bridge:latest)
    └─ aucune node ROS2 détectée
  CONTAINER  docker_cmdvel             [ACTIF]  (auto_start_eliot-navigation)
    ├─ NODE  /arduino_bridge                          [ACTIF]
    └─ NODE  /nav_tunnel_pid_node                     [ACTIF]
  CONTAINER  node_controller           [CRÉÉ]  (auto_start_eliot-node_controller)
    └─ aucune node ROS2 détectée
  CONTAINER  covaciel_camera           [CRÉÉ]  (auto_start_eliot-camera)
    └─ aucune node ROS2 détectée
  CONTAINER  voiture_complete          [REDÉMARRAGE]  (integration_ws_eliot-voiture)
    └─ aucune node ROS2 détectée
  CONTAINER  eliot_arduino_bridge      [ACTIF]  (eliot_arduino_bridge-arduino_bridge)
    ├─ NODE  /arduino_bridge                          [ACTIF]
    └─ NODE  /nav_tunnel_pid_node                     [ACTIF]

━━━━━━━━━━━━━━━━━━━━━━━━━━━━━━━━━━━━━━━━━━━━━━━━━━━━━━━━━━━━
[2026-04-29  08:52:46]
  CONTAINER  objective_ardinghelli     [ÉTEINT]  (eliot_arduino_bridge-arduino_bridge:latest)
    └─ aucune node ROS2 détectée
  CONTAINER  docker_cmdvel             [ACTIF]  (auto_start_eliot-navigation)
    ├─ NODE  /arduino_bridge                          [ACTIF]
    └─ NODE  /nav_tunnel_pid_node                     [ACTIF]
  CONTAINER  node_controller           [CRÉÉ]  (auto_start_eliot-node_controller)
    └─ aucune node ROS2 détectée
  CONTAINER  covaciel_camera           [CRÉÉ]  (auto_start_eliot-camera)
    └─ aucune node ROS2 détectée
  CONTAINER  voiture_complete          [REDÉMARRAGE]  (integration_ws_eliot-voiture)
    └─ aucune node ROS2 détectée
  CONTAINER  eliot_arduino_bridge      [ACTIF]  (eliot_arduino_bridge-arduino_bridge)
    ├─ NODE  /arduino_bridge                          [ACTIF]
    └─ NODE  /nav_tunnel_pid_node                     [ACTIF]

━━━━━━━━━━━━━━━━━━━━━━━━━━━━━━━━━━━━━━━━━━━━━━━━━━━━━━━━━━━━
[2026-04-29  08:52:53]
  CONTAINER  objective_ardinghelli     [ÉTEINT]  (eliot_arduino_bridge-arduino_bridge:latest)
    └─ aucune node ROS2 détectée
  CONTAINER  docker_cmdvel             [ACTIF]  (auto_start_eliot-navigation)
    ├─ NODE  /arduino_bridge                          [ACTIF]
    └─ NODE  /nav_tunnel_pid_node                     [ACTIF]
  CONTAINER  node_controller           [CRÉÉ]  (auto_start_eliot-node_controller)
    └─ aucune node ROS2 détectée
  CONTAINER  covaciel_camera           [CRÉÉ]  (auto_start_eliot-camera)
    └─ aucune node ROS2 détectée
  CONTAINER  voiture_complete          [REDÉMARRAGE]  (integration_ws_eliot-voiture)
    └─ aucune node ROS2 détectée
  CONTAINER  eliot_arduino_bridge      [ACTIF]  (eliot_arduino_bridge-arduino_bridge)
    ├─ NODE  /arduino_bridge                          [ACTIF]
    └─ NODE  /nav_tunnel_pid_node                     [ACTIF]

━━━━━━━━━━━━━━━━━━━━━━━━━━━━━━━━━━━━━━━━━━━━━━━━━━━━━━━━━━━━
[2026-04-29  08:52:59]
  CONTAINER  objective_ardinghelli     [ÉTEINT]  (eliot_arduino_bridge-arduino_bridge:latest)
    └─ aucune node ROS2 détectée
  CONTAINER  docker_cmdvel             [ACTIF]  (auto_start_eliot-navigation)
    ├─ NODE  /arduino_bridge                          [ACTIF]
    └─ NODE  /nav_tunnel_pid_node                     [ACTIF]
  CONTAINER  node_controller           [CRÉÉ]  (auto_start_eliot-node_controller)
    └─ aucune node ROS2 détectée
  CONTAINER  covaciel_camera           [CRÉÉ]  (auto_start_eliot-camera)
    └─ aucune node ROS2 détectée
  CONTAINER  voiture_complete          [REDÉMARRAGE]  (integration_ws_eliot-voiture)
    └─ aucune node ROS2 détectée
  CONTAINER  eliot_arduino_bridge      [ACTIF]  (eliot_arduino_bridge-arduino_bridge)
    ├─ NODE  /arduino_bridge                          [ACTIF]
    └─ NODE  /nav_tunnel_pid_node                     [ACTIF]

━━━━━━━━━━━━━━━━━━━━━━━━━━━━━━━━━━━━━━━━━━━━━━━━━━━━━━━━━━━━
[2026-04-29  08:53:06]
  CONTAINER  objective_ardinghelli     [ÉTEINT]  (eliot_arduino_bridge-arduino_bridge:latest)
    └─ aucune node ROS2 détectée
  CONTAINER  docker_cmdvel             [ACTIF]  (auto_start_eliot-navigation)
    ├─ NODE  /arduino_bridge                          [ACTIF]
    └─ NODE  /nav_tunnel_pid_node                     [ACTIF]
  CONTAINER  node_controller           [CRÉÉ]  (auto_start_eliot-node_controller)
    └─ aucune node ROS2 détectée
  CONTAINER  covaciel_camera           [CRÉÉ]  (auto_start_eliot-camera)
    └─ aucune node ROS2 détectée
  CONTAINER  voiture_complete          [REDÉMARRAGE]  (integration_ws_eliot-voiture)
    └─ aucune node ROS2 détectée
  CONTAINER  eliot_arduino_bridge      [ACTIF]  (eliot_arduino_bridge-arduino_bridge)
    ├─ NODE  /arduino_bridge                          [ACTIF]
    └─ NODE  /nav_tunnel_pid_node                     [ACTIF]

━━━━━━━━━━━━━━━━━━━━━━━━━━━━━━━━━━━━━━━━━━━━━━━━━━━━━━━━━━━━
[2026-04-29  08:53:13]
  CONTAINER  objective_ardinghelli     [ÉTEINT]  (eliot_arduino_bridge-arduino_bridge:latest)
    └─ aucune node ROS2 détectée
  CONTAINER  docker_cmdvel             [ACTIF]  (auto_start_eliot-navigation)
    ├─ NODE  /arduino_bridge                          [ACTIF]
    └─ NODE  /nav_tunnel_pid_node                     [ACTIF]
  CONTAINER  node_controller           [CRÉÉ]  (auto_start_eliot-node_controller)
    └─ aucune node ROS2 détectée
  CONTAINER  covaciel_camera           [CRÉÉ]  (auto_start_eliot-camera)
    └─ aucune node ROS2 détectée
  CONTAINER  voiture_complete          [REDÉMARRAGE]  (integration_ws_eliot-voiture)
    └─ aucune node ROS2 détectée
  CONTAINER  eliot_arduino_bridge      [ACTIF]  (eliot_arduino_bridge-arduino_bridge)
    ├─ NODE  /arduino_bridge                          [ACTIF]
    └─ NODE  /nav_tunnel_pid_node                     [ACTIF]

━━━━━━━━━━━━━━━━━━━━━━━━━━━━━━━━━━━━━━━━━━━━━━━━━━━━━━━━━━━━
[2026-04-29  08:53:20]
  CONTAINER  objective_ardinghelli     [ÉTEINT]  (eliot_arduino_bridge-arduino_bridge:latest)
    └─ aucune node ROS2 détectée
  CONTAINER  docker_cmdvel             [ACTIF]  (auto_start_eliot-navigation)
    ├─ NODE  /arduino_bridge                          [ACTIF]
    └─ NODE  /nav_tunnel_pid_node                     [ACTIF]
  CONTAINER  node_controller           [CRÉÉ]  (auto_start_eliot-node_controller)
    └─ aucune node ROS2 détectée
  CONTAINER  covaciel_camera           [CRÉÉ]  (auto_start_eliot-camera)
    └─ aucune node ROS2 détectée
  CONTAINER  voiture_complete          [REDÉMARRAGE]  (integration_ws_eliot-voiture)
    └─ aucune node ROS2 détectée
  CONTAINER  eliot_arduino_bridge      [ACTIF]  (eliot_arduino_bridge-arduino_bridge)
    ├─ NODE  /arduino_bridge                          [ACTIF]
    └─ NODE  /nav_tunnel_pid_node                     [ACTIF]

━━━━━━━━━━━━━━━━━━━━━━━━━━━━━━━━━━━━━━━━━━━━━━━━━━━━━━━━━━━━
[2026-04-29  08:53:27]
  CONTAINER  objective_ardinghelli     [ÉTEINT]  (eliot_arduino_bridge-arduino_bridge:latest)
    └─ aucune node ROS2 détectée
  CONTAINER  docker_cmdvel             [ACTIF]  (auto_start_eliot-navigation)
    ├─ NODE  /arduino_bridge                          [ACTIF]
    └─ NODE  /nav_tunnel_pid_node                     [ACTIF]
  CONTAINER  node_controller           [CRÉÉ]  (auto_start_eliot-node_controller)
    └─ aucune node ROS2 détectée
  CONTAINER  covaciel_camera           [CRÉÉ]  (auto_start_eliot-camera)
    └─ aucune node ROS2 détectée
  CONTAINER  voiture_complete          [REDÉMARRAGE]  (integration_ws_eliot-voiture)
    └─ aucune node ROS2 détectée
  CONTAINER  eliot_arduino_bridge      [ACTIF]  (eliot_arduino_bridge-arduino_bridge)
    ├─ NODE  /arduino_bridge                          [ACTIF]
    └─ NODE  /nav_tunnel_pid_node                     [ACTIF]

━━━━━━━━━━━━━━━━━━━━━━━━━━━━━━━━━━━━━━━━━━━━━━━━━━━━━━━━━━━━
[2026-04-29  08:53:34]
  CONTAINER  objective_ardinghelli     [ÉTEINT]  (eliot_arduino_bridge-arduino_bridge:latest)
    └─ aucune node ROS2 détectée
  CONTAINER  docker_cmdvel             [ACTIF]  (auto_start_eliot-navigation)
    ├─ NODE  /arduino_bridge                          [ACTIF]
    └─ NODE  /nav_tunnel_pid_node                     [ACTIF]
  CONTAINER  node_controller           [CRÉÉ]  (auto_start_eliot-node_controller)
    └─ aucune node ROS2 détectée
  CONTAINER  covaciel_camera           [CRÉÉ]  (auto_start_eliot-camera)
    └─ aucune node ROS2 détectée
  CONTAINER  voiture_complete          [REDÉMARRAGE]  (integration_ws_eliot-voiture)
    └─ aucune node ROS2 détectée
  CONTAINER  eliot_arduino_bridge      [ACTIF]  (eliot_arduino_bridge-arduino_bridge)
    ├─ NODE  /arduino_bridge                          [ACTIF]
    └─ NODE  /nav_tunnel_pid_node                     [ACTIF]

━━━━━━━━━━━━━━━━━━━━━━━━━━━━━━━━━━━━━━━━━━━━━━━━━━━━━━━━━━━━
[2026-04-29  08:53:41]
  CONTAINER  objective_ardinghelli     [ÉTEINT]  (eliot_arduino_bridge-arduino_bridge:latest)
    └─ aucune node ROS2 détectée
  CONTAINER  docker_cmdvel             [ACTIF]  (auto_start_eliot-navigation)
    ├─ NODE  /arduino_bridge                          [ACTIF]
    └─ NODE  /nav_tunnel_pid_node                     [ACTIF]
  CONTAINER  node_controller           [CRÉÉ]  (auto_start_eliot-node_controller)
    └─ aucune node ROS2 détectée
  CONTAINER  covaciel_camera           [CRÉÉ]  (auto_start_eliot-camera)
    └─ aucune node ROS2 détectée
  CONTAINER  voiture_complete          [REDÉMARRAGE]  (integration_ws_eliot-voiture)
    └─ aucune node ROS2 détectée
  CONTAINER  eliot_arduino_bridge      [ACTIF]  (eliot_arduino_bridge-arduino_bridge)
    ├─ NODE  /arduino_bridge                          [ACTIF]
    └─ NODE  /nav_tunnel_pid_node                     [ACTIF]

━━━━━━━━━━━━━━━━━━━━━━━━━━━━━━━━━━━━━━━━━━━━━━━━━━━━━━━━━━━━
[2026-04-29  08:53:48]
  CONTAINER  objective_ardinghelli     [ÉTEINT]  (eliot_arduino_bridge-arduino_bridge:latest)
    └─ aucune node ROS2 détectée
  CONTAINER  docker_cmdvel             [ACTIF]  (auto_start_eliot-navigation)
    ├─ NODE  /arduino_bridge                          [ACTIF]
    └─ NODE  /nav_tunnel_pid_node                     [ACTIF]
  CONTAINER  node_controller           [CRÉÉ]  (auto_start_eliot-node_controller)
    └─ aucune node ROS2 détectée
  CONTAINER  covaciel_camera           [CRÉÉ]  (auto_start_eliot-camera)
    └─ aucune node ROS2 détectée
  CONTAINER  voiture_complete          [REDÉMARRAGE]  (integration_ws_eliot-voiture)
    └─ aucune node ROS2 détectée
  CONTAINER  eliot_arduino_bridge      [ACTIF]  (eliot_arduino_bridge-arduino_bridge)
    ├─ NODE  /arduino_bridge                          [ACTIF]
    └─ NODE  /nav_tunnel_pid_node                     [ACTIF]

━━━━━━━━━━━━━━━━━━━━━━━━━━━━━━━━━━━━━━━━━━━━━━━━━━━━━━━━━━━━
[2026-04-29  08:53:54]
  CONTAINER  objective_ardinghelli     [ÉTEINT]  (eliot_arduino_bridge-arduino_bridge:latest)
    └─ aucune node ROS2 détectée
  CONTAINER  docker_cmdvel             [ACTIF]  (auto_start_eliot-navigation)
    ├─ NODE  /arduino_bridge                          [ACTIF]
    └─ NODE  /nav_tunnel_pid_node                     [ACTIF]
  CONTAINER  node_controller           [CRÉÉ]  (auto_start_eliot-node_controller)
    └─ aucune node ROS2 détectée
  CONTAINER  covaciel_camera           [CRÉÉ]  (auto_start_eliot-camera)
    └─ aucune node ROS2 détectée
  CONTAINER  voiture_complete          [REDÉMARRAGE]  (integration_ws_eliot-voiture)
    └─ aucune node ROS2 détectée
  CONTAINER  eliot_arduino_bridge      [ACTIF]  (eliot_arduino_bridge-arduino_bridge)
    ├─ NODE  /arduino_bridge                          [ACTIF]
    └─ NODE  /nav_tunnel_pid_node                     [ACTIF]

━━━━━━━━━━━━━━━━━━━━━━━━━━━━━━━━━━━━━━━━━━━━━━━━━━━━━━━━━━━━
[2026-04-29  08:54:01]
  CONTAINER  objective_ardinghelli     [ÉTEINT]  (eliot_arduino_bridge-arduino_bridge:latest)
    └─ aucune node ROS2 détectée
  CONTAINER  docker_cmdvel             [ACTIF]  (auto_start_eliot-navigation)
    ├─ NODE  /arduino_bridge                          [ACTIF]
    └─ NODE  /nav_tunnel_pid_node                     [ACTIF]
  CONTAINER  node_controller           [CRÉÉ]  (auto_start_eliot-node_controller)
    └─ aucune node ROS2 détectée
  CONTAINER  covaciel_camera           [CRÉÉ]  (auto_start_eliot-camera)
    └─ aucune node ROS2 détectée
  CONTAINER  voiture_complete          [REDÉMARRAGE]  (integration_ws_eliot-voiture)
    └─ aucune node ROS2 détectée
  CONTAINER  eliot_arduino_bridge      [ACTIF]  (eliot_arduino_bridge-arduino_bridge)
    ├─ NODE  /arduino_bridge                          [ACTIF]
    └─ NODE  /nav_tunnel_pid_node                     [ACTIF]

━━━━━━━━━━━━━━━━━━━━━━━━━━━━━━━━━━━━━━━━━━━━━━━━━━━━━━━━━━━━
[2026-04-29  08:54:08]
  CONTAINER  objective_ardinghelli     [ÉTEINT]  (eliot_arduino_bridge-arduino_bridge:latest)
    └─ aucune node ROS2 détectée
  CONTAINER  docker_cmdvel             [ACTIF]  (auto_start_eliot-navigation)
    ├─ NODE  /arduino_bridge                          [ACTIF]
    └─ NODE  /nav_tunnel_pid_node                     [ACTIF]
  CONTAINER  node_controller           [CRÉÉ]  (auto_start_eliot-node_controller)
    └─ aucune node ROS2 détectée
  CONTAINER  covaciel_camera           [CRÉÉ]  (auto_start_eliot-camera)
    └─ aucune node ROS2 détectée
  CONTAINER  voiture_complete          [REDÉMARRAGE]  (integration_ws_eliot-voiture)
    └─ aucune node ROS2 détectée
  CONTAINER  eliot_arduino_bridge      [ACTIF]  (eliot_arduino_bridge-arduino_bridge)
    ├─ NODE  /arduino_bridge                          [ACTIF]
    └─ NODE  /nav_tunnel_pid_node                     [ACTIF]

━━━━━━━━━━━━━━━━━━━━━━━━━━━━━━━━━━━━━━━━━━━━━━━━━━━━━━━━━━━━
[2026-04-29  08:54:15]
  CONTAINER  objective_ardinghelli     [ÉTEINT]  (eliot_arduino_bridge-arduino_bridge:latest)
    └─ aucune node ROS2 détectée
  CONTAINER  docker_cmdvel             [ACTIF]  (auto_start_eliot-navigation)
    ├─ NODE  /arduino_bridge                          [ACTIF]
    └─ NODE  /nav_tunnel_pid_node                     [ACTIF]
  CONTAINER  node_controller           [CRÉÉ]  (auto_start_eliot-node_controller)
    └─ aucune node ROS2 détectée
  CONTAINER  covaciel_camera           [CRÉÉ]  (auto_start_eliot-camera)
    └─ aucune node ROS2 détectée
  CONTAINER  voiture_complete          [REDÉMARRAGE]  (integration_ws_eliot-voiture)
    └─ aucune node ROS2 détectée
  CONTAINER  eliot_arduino_bridge      [ACTIF]  (eliot_arduino_bridge-arduino_bridge)
    ├─ NODE  /arduino_bridge                          [ACTIF]
    └─ NODE  /nav_tunnel_pid_node                     [ACTIF]

━━━━━━━━━━━━━━━━━━━━━━━━━━━━━━━━━━━━━━━━━━━━━━━━━━━━━━━━━━━━
[2026-04-29  08:54:22]
  CONTAINER  objective_ardinghelli     [ÉTEINT]  (eliot_arduino_bridge-arduino_bridge:latest)
    └─ aucune node ROS2 détectée
  CONTAINER  docker_cmdvel             [ACTIF]  (auto_start_eliot-navigation)
    ├─ NODE  /arduino_bridge                          [ACTIF]
    └─ NODE  /nav_tunnel_pid_node                     [ACTIF]
  CONTAINER  node_controller           [CRÉÉ]  (auto_start_eliot-node_controller)
    └─ aucune node ROS2 détectée
  CONTAINER  covaciel_camera           [CRÉÉ]  (auto_start_eliot-camera)
    └─ aucune node ROS2 détectée
  CONTAINER  voiture_complete          [REDÉMARRAGE]  (integration_ws_eliot-voiture)
    └─ aucune node ROS2 détectée
  CONTAINER  eliot_arduino_bridge      [ACTIF]  (eliot_arduino_bridge-arduino_bridge)
    ├─ NODE  /arduino_bridge                          [ACTIF]
    └─ NODE  /nav_tunnel_pid_node                     [ACTIF]

━━━━━━━━━━━━━━━━━━━━━━━━━━━━━━━━━━━━━━━━━━━━━━━━━━━━━━━━━━━━
[2026-04-29  08:54:29]
  CONTAINER  objective_ardinghelli     [ÉTEINT]  (eliot_arduino_bridge-arduino_bridge:latest)
    └─ aucune node ROS2 détectée
  CONTAINER  docker_cmdvel             [ACTIF]  (auto_start_eliot-navigation)
    ├─ NODE  /arduino_bridge                          [ACTIF]
    └─ NODE  /nav_tunnel_pid_node                     [ACTIF]
  CONTAINER  node_controller           [CRÉÉ]  (auto_start_eliot-node_controller)
    └─ aucune node ROS2 détectée
  CONTAINER  covaciel_camera           [CRÉÉ]  (auto_start_eliot-camera)
    └─ aucune node ROS2 détectée
  CONTAINER  voiture_complete          [REDÉMARRAGE]  (integration_ws_eliot-voiture)
    └─ aucune node ROS2 détectée
  CONTAINER  eliot_arduino_bridge      [ACTIF]  (eliot_arduino_bridge-arduino_bridge)
    ├─ NODE  /arduino_bridge                          [ACTIF]
    └─ NODE  /nav_tunnel_pid_node                     [ACTIF]

━━━━━━━━━━━━━━━━━━━━━━━━━━━━━━━━━━━━━━━━━━━━━━━━━━━━━━━━━━━━
[2026-04-29  08:54:36]
  CONTAINER  objective_ardinghelli     [ÉTEINT]  (eliot_arduino_bridge-arduino_bridge:latest)
    └─ aucune node ROS2 détectée
  CONTAINER  docker_cmdvel             [ACTIF]  (auto_start_eliot-navigation)
    ├─ NODE  /arduino_bridge                          [ACTIF]
    └─ NODE  /nav_tunnel_pid_node                     [ACTIF]
  CONTAINER  node_controller           [CRÉÉ]  (auto_start_eliot-node_controller)
    └─ aucune node ROS2 détectée
  CONTAINER  covaciel_camera           [CRÉÉ]  (auto_start_eliot-camera)
    └─ aucune node ROS2 détectée
  CONTAINER  voiture_complete          [REDÉMARRAGE]  (integration_ws_eliot-voiture)
    └─ aucune node ROS2 détectée
  CONTAINER  eliot_arduino_bridge      [ACTIF]  (eliot_arduino_bridge-arduino_bridge)
    ├─ NODE  /arduino_bridge                          [ACTIF]
    └─ NODE  /nav_tunnel_pid_node                     [ACTIF]

━━━━━━━━━━━━━━━━━━━━━━━━━━━━━━━━━━━━━━━━━━━━━━━━━━━━━━━━━━━━
[2026-04-29  08:54:42]
  CONTAINER  objective_ardinghelli     [ÉTEINT]  (eliot_arduino_bridge-arduino_bridge:latest)
    └─ aucune node ROS2 détectée
  CONTAINER  docker_cmdvel             [ACTIF]  (auto_start_eliot-navigation)
    ├─ NODE  /arduino_bridge                          [ACTIF]
    └─ NODE  /nav_tunnel_pid_node                     [ACTIF]
  CONTAINER  node_controller           [CRÉÉ]  (auto_start_eliot-node_controller)
    └─ aucune node ROS2 détectée
  CONTAINER  covaciel_camera           [CRÉÉ]  (auto_start_eliot-camera)
    └─ aucune node ROS2 détectée
  CONTAINER  voiture_complete          [REDÉMARRAGE]  (integration_ws_eliot-voiture)
    └─ aucune node ROS2 détectée
  CONTAINER  eliot_arduino_bridge      [ACTIF]  (eliot_arduino_bridge-arduino_bridge)
    ├─ NODE  /arduino_bridge                          [ACTIF]
    └─ NODE  /nav_tunnel_pid_node                     [ACTIF]

━━━━━━━━━━━━━━━━━━━━━━━━━━━━━━━━━━━━━━━━━━━━━━━━━━━━━━━━━━━━
[2026-04-29  08:54:49]
  CONTAINER  objective_ardinghelli     [ÉTEINT]  (eliot_arduino_bridge-arduino_bridge:latest)
    └─ aucune node ROS2 détectée
  CONTAINER  docker_cmdvel             [ACTIF]  (auto_start_eliot-navigation)
    ├─ NODE  /arduino_bridge                          [ACTIF]
    └─ NODE  /nav_tunnel_pid_node                     [ACTIF]
  CONTAINER  node_controller           [CRÉÉ]  (auto_start_eliot-node_controller)
    └─ aucune node ROS2 détectée
  CONTAINER  covaciel_camera           [CRÉÉ]  (auto_start_eliot-camera)
    └─ aucune node ROS2 détectée
  CONTAINER  voiture_complete          [REDÉMARRAGE]  (integration_ws_eliot-voiture)
    └─ aucune node ROS2 détectée
  CONTAINER  eliot_arduino_bridge      [ACTIF]  (eliot_arduino_bridge-arduino_bridge)
    ├─ NODE  /arduino_bridge                          [ACTIF]
    └─ NODE  /nav_tunnel_pid_node                     [ACTIF]

━━━━━━━━━━━━━━━━━━━━━━━━━━━━━━━━━━━━━━━━━━━━━━━━━━━━━━━━━━━━
[2026-04-29  08:54:56]
  CONTAINER  objective_ardinghelli     [ÉTEINT]  (eliot_arduino_bridge-arduino_bridge:latest)
    └─ aucune node ROS2 détectée
  CONTAINER  docker_cmdvel             [ACTIF]  (auto_start_eliot-navigation)
    ├─ NODE  /arduino_bridge                          [ACTIF]
    └─ NODE  /nav_tunnel_pid_node                     [ACTIF]
  CONTAINER  node_controller           [CRÉÉ]  (auto_start_eliot-node_controller)
    └─ aucune node ROS2 détectée
  CONTAINER  covaciel_camera           [CRÉÉ]  (auto_start_eliot-camera)
    └─ aucune node ROS2 détectée
  CONTAINER  voiture_complete          [REDÉMARRAGE]  (integration_ws_eliot-voiture)
    └─ aucune node ROS2 détectée
  CONTAINER  eliot_arduino_bridge      [ACTIF]  (eliot_arduino_bridge-arduino_bridge)
    ├─ NODE  /arduino_bridge                          [ACTIF]
    └─ NODE  /nav_tunnel_pid_node                     [ACTIF]

━━━━━━━━━━━━━━━━━━━━━━━━━━━━━━━━━━━━━━━━━━━━━━━━━━━━━━━━━━━━
[2026-04-29  08:55:03]
  CONTAINER  objective_ardinghelli     [ÉTEINT]  (eliot_arduino_bridge-arduino_bridge:latest)
    └─ aucune node ROS2 détectée
  CONTAINER  docker_cmdvel             [ACTIF]  (auto_start_eliot-navigation)
    ├─ NODE  /arduino_bridge                          [ACTIF]
    └─ NODE  /nav_tunnel_pid_node                     [ACTIF]
  CONTAINER  node_controller           [CRÉÉ]  (auto_start_eliot-node_controller)
    └─ aucune node ROS2 détectée
  CONTAINER  covaciel_camera           [CRÉÉ]  (auto_start_eliot-camera)
    └─ aucune node ROS2 détectée
  CONTAINER  voiture_complete          [REDÉMARRAGE]  (integration_ws_eliot-voiture)
    └─ aucune node ROS2 détectée
  CONTAINER  eliot_arduino_bridge      [ACTIF]  (eliot_arduino_bridge-arduino_bridge)
    ├─ NODE  /arduino_bridge                          [ACTIF]
    └─ NODE  /nav_tunnel_pid_node                     [ACTIF]

━━━━━━━━━━━━━━━━━━━━━━━━━━━━━━━━━━━━━━━━━━━━━━━━━━━━━━━━━━━━
[2026-04-29  08:55:10]
  CONTAINER  objective_ardinghelli     [ÉTEINT]  (eliot_arduino_bridge-arduino_bridge:latest)
    └─ aucune node ROS2 détectée
  CONTAINER  docker_cmdvel             [ACTIF]  (auto_start_eliot-navigation)
    ├─ NODE  /arduino_bridge                          [ACTIF]
    └─ NODE  /nav_tunnel_pid_node                     [ACTIF]
  CONTAINER  node_controller           [CRÉÉ]  (auto_start_eliot-node_controller)
    └─ aucune node ROS2 détectée
  CONTAINER  covaciel_camera           [CRÉÉ]  (auto_start_eliot-camera)
    └─ aucune node ROS2 détectée
  CONTAINER  voiture_complete          [REDÉMARRAGE]  (integration_ws_eliot-voiture)
    └─ aucune node ROS2 détectée
  CONTAINER  eliot_arduino_bridge      [ACTIF]  (eliot_arduino_bridge-arduino_bridge)
    ├─ NODE  /arduino_bridge                          [ACTIF]
    └─ NODE  /nav_tunnel_pid_node                     [ACTIF]

━━━━━━━━━━━━━━━━━━━━━━━━━━━━━━━━━━━━━━━━━━━━━━━━━━━━━━━━━━━━
[2026-04-29  08:55:16]
  CONTAINER  objective_ardinghelli     [ÉTEINT]  (eliot_arduino_bridge-arduino_bridge:latest)
    └─ aucune node ROS2 détectée
  CONTAINER  docker_cmdvel             [ACTIF]  (auto_start_eliot-navigation)
    ├─ NODE  /arduino_bridge                          [ACTIF]
    └─ NODE  /nav_tunnel_pid_node                     [ACTIF]
  CONTAINER  node_controller           [CRÉÉ]  (auto_start_eliot-node_controller)
    └─ aucune node ROS2 détectée
  CONTAINER  covaciel_camera           [CRÉÉ]  (auto_start_eliot-camera)
    └─ aucune node ROS2 détectée
  CONTAINER  voiture_complete          [REDÉMARRAGE]  (integration_ws_eliot-voiture)
    └─ aucune node ROS2 détectée
  CONTAINER  eliot_arduino_bridge      [ACTIF]  (eliot_arduino_bridge-arduino_bridge)
    ├─ NODE  /arduino_bridge                          [ACTIF]
    └─ NODE  /nav_tunnel_pid_node                     [ACTIF]

━━━━━━━━━━━━━━━━━━━━━━━━━━━━━━━━━━━━━━━━━━━━━━━━━━━━━━━━━━━━
[2026-04-29  08:55:23]
  CONTAINER  objective_ardinghelli     [ÉTEINT]  (eliot_arduino_bridge-arduino_bridge:latest)
    └─ aucune node ROS2 détectée
  CONTAINER  docker_cmdvel             [ACTIF]  (auto_start_eliot-navigation)
    ├─ NODE  /arduino_bridge                          [ACTIF]
    └─ NODE  /nav_tunnel_pid_node                     [ACTIF]
  CONTAINER  node_controller           [CRÉÉ]  (auto_start_eliot-node_controller)
    └─ aucune node ROS2 détectée
  CONTAINER  covaciel_camera           [CRÉÉ]  (auto_start_eliot-camera)
    └─ aucune node ROS2 détectée
  CONTAINER  voiture_complete          [REDÉMARRAGE]  (integration_ws_eliot-voiture)
    └─ aucune node ROS2 détectée
  CONTAINER  eliot_arduino_bridge      [ACTIF]  (eliot_arduino_bridge-arduino_bridge)
    ├─ NODE  /arduino_bridge                          [ACTIF]
    └─ NODE  /nav_tunnel_pid_node                     [ACTIF]

━━━━━━━━━━━━━━━━━━━━━━━━━━━━━━━━━━━━━━━━━━━━━━━━━━━━━━━━━━━━
[2026-04-29  08:55:30]
  CONTAINER  objective_ardinghelli     [ÉTEINT]  (eliot_arduino_bridge-arduino_bridge:latest)
    └─ aucune node ROS2 détectée
  CONTAINER  docker_cmdvel             [ACTIF]  (auto_start_eliot-navigation)
    ├─ NODE  /arduino_bridge                          [ACTIF]
    └─ NODE  /nav_tunnel_pid_node                     [ACTIF]
  CONTAINER  node_controller           [CRÉÉ]  (auto_start_eliot-node_controller)
    └─ aucune node ROS2 détectée
  CONTAINER  covaciel_camera           [CRÉÉ]  (auto_start_eliot-camera)
    └─ aucune node ROS2 détectée
  CONTAINER  voiture_complete          [REDÉMARRAGE]  (integration_ws_eliot-voiture)
    └─ aucune node ROS2 détectée
  CONTAINER  eliot_arduino_bridge      [ACTIF]  (eliot_arduino_bridge-arduino_bridge)
    ├─ NODE  /arduino_bridge                          [ACTIF]
    └─ NODE  /nav_tunnel_pid_node                     [ACTIF]

━━━━━━━━━━━━━━━━━━━━━━━━━━━━━━━━━━━━━━━━━━━━━━━━━━━━━━━━━━━━
[2026-04-29  08:55:37]
  CONTAINER  objective_ardinghelli     [ÉTEINT]  (eliot_arduino_bridge-arduino_bridge:latest)
    └─ aucune node ROS2 détectée
  CONTAINER  docker_cmdvel             [ACTIF]  (auto_start_eliot-navigation)
    ├─ NODE  /arduino_bridge                          [ACTIF]
    └─ NODE  /nav_tunnel_pid_node                     [ACTIF]
  CONTAINER  node_controller           [CRÉÉ]  (auto_start_eliot-node_controller)
    └─ aucune node ROS2 détectée
  CONTAINER  covaciel_camera           [CRÉÉ]  (auto_start_eliot-camera)
    └─ aucune node ROS2 détectée
  CONTAINER  voiture_complete          [REDÉMARRAGE]  (integration_ws_eliot-voiture)
    └─ aucune node ROS2 détectée
  CONTAINER  eliot_arduino_bridge      [ACTIF]  (eliot_arduino_bridge-arduino_bridge)
    ├─ NODE  /arduino_bridge                          [ACTIF]
    └─ NODE  /nav_tunnel_pid_node                     [ACTIF]

━━━━━━━━━━━━━━━━━━━━━━━━━━━━━━━━━━━━━━━━━━━━━━━━━━━━━━━━━━━━
[2026-04-29  08:55:44]
  CONTAINER  objective_ardinghelli     [ÉTEINT]  (eliot_arduino_bridge-arduino_bridge:latest)
    └─ aucune node ROS2 détectée
  CONTAINER  docker_cmdvel             [ACTIF]  (auto_start_eliot-navigation)
    ├─ NODE  /arduino_bridge                          [ACTIF]
    └─ NODE  /nav_tunnel_pid_node                     [ACTIF]
  CONTAINER  node_controller           [CRÉÉ]  (auto_start_eliot-node_controller)
    └─ aucune node ROS2 détectée
  CONTAINER  covaciel_camera           [CRÉÉ]  (auto_start_eliot-camera)
    └─ aucune node ROS2 détectée
  CONTAINER  voiture_complete          [REDÉMARRAGE]  (integration_ws_eliot-voiture)
    └─ aucune node ROS2 détectée
  CONTAINER  eliot_arduino_bridge      [ACTIF]  (eliot_arduino_bridge-arduino_bridge)
    ├─ NODE  /arduino_bridge                          [ACTIF]
    └─ NODE  /nav_tunnel_pid_node                     [ACTIF]

━━━━━━━━━━━━━━━━━━━━━━━━━━━━━━━━━━━━━━━━━━━━━━━━━━━━━━━━━━━━
[2026-04-29  08:55:51]
  CONTAINER  objective_ardinghelli     [ÉTEINT]  (eliot_arduino_bridge-arduino_bridge:latest)
    └─ aucune node ROS2 détectée
  CONTAINER  docker_cmdvel             [ACTIF]  (auto_start_eliot-navigation)
    ├─ NODE  /arduino_bridge                          [ACTIF]
    └─ NODE  /nav_tunnel_pid_node                     [ACTIF]
  CONTAINER  node_controller           [CRÉÉ]  (auto_start_eliot-node_controller)
    └─ aucune node ROS2 détectée
  CONTAINER  covaciel_camera           [CRÉÉ]  (auto_start_eliot-camera)
    └─ aucune node ROS2 détectée
  CONTAINER  voiture_complete          [REDÉMARRAGE]  (integration_ws_eliot-voiture)
    └─ aucune node ROS2 détectée
  CONTAINER  eliot_arduino_bridge      [ACTIF]  (eliot_arduino_bridge-arduino_bridge)
    ├─ NODE  /arduino_bridge                          [ACTIF]
    └─ NODE  /nav_tunnel_pid_node                     [ACTIF]

━━━━━━━━━━━━━━━━━━━━━━━━━━━━━━━━━━━━━━━━━━━━━━━━━━━━━━━━━━━━
[2026-04-29  08:55:57]
  CONTAINER  objective_ardinghelli     [ÉTEINT]  (eliot_arduino_bridge-arduino_bridge:latest)
    └─ aucune node ROS2 détectée
  CONTAINER  docker_cmdvel             [ACTIF]  (auto_start_eliot-navigation)
    ├─ NODE  /arduino_bridge                          [ACTIF]
    └─ NODE  /nav_tunnel_pid_node                     [ACTIF]
  CONTAINER  node_controller           [CRÉÉ]  (auto_start_eliot-node_controller)
    └─ aucune node ROS2 détectée
  CONTAINER  covaciel_camera           [CRÉÉ]  (auto_start_eliot-camera)
    └─ aucune node ROS2 détectée
  CONTAINER  voiture_complete          [REDÉMARRAGE]  (integration_ws_eliot-voiture)
    └─ aucune node ROS2 détectée
  CONTAINER  eliot_arduino_bridge      [ACTIF]  (eliot_arduino_bridge-arduino_bridge)
    ├─ NODE  /arduino_bridge                          [ACTIF]
    └─ NODE  /nav_tunnel_pid_node                     [ACTIF]

━━━━━━━━━━━━━━━━━━━━━━━━━━━━━━━━━━━━━━━━━━━━━━━━━━━━━━━━━━━━
[2026-04-29  08:56:04]
  CONTAINER  objective_ardinghelli     [ÉTEINT]  (eliot_arduino_bridge-arduino_bridge:latest)
    └─ aucune node ROS2 détectée
  CONTAINER  docker_cmdvel             [ACTIF]  (auto_start_eliot-navigation)
    ├─ NODE  /arduino_bridge                          [ACTIF]
    └─ NODE  /nav_tunnel_pid_node                     [ACTIF]
  CONTAINER  node_controller           [CRÉÉ]  (auto_start_eliot-node_controller)
    └─ aucune node ROS2 détectée
  CONTAINER  covaciel_camera           [CRÉÉ]  (auto_start_eliot-camera)
    └─ aucune node ROS2 détectée
  CONTAINER  voiture_complete          [REDÉMARRAGE]  (integration_ws_eliot-voiture)
    └─ aucune node ROS2 détectée
  CONTAINER  eliot_arduino_bridge      [ACTIF]  (eliot_arduino_bridge-arduino_bridge)
    ├─ NODE  /arduino_bridge                          [ACTIF]
    └─ NODE  /nav_tunnel_pid_node                     [ACTIF]

━━━━━━━━━━━━━━━━━━━━━━━━━━━━━━━━━━━━━━━━━━━━━━━━━━━━━━━━━━━━
[2026-04-29  08:56:11]
  CONTAINER  objective_ardinghelli     [ÉTEINT]  (eliot_arduino_bridge-arduino_bridge:latest)
    └─ aucune node ROS2 détectée
  CONTAINER  docker_cmdvel             [ACTIF]  (auto_start_eliot-navigation)
    ├─ NODE  /arduino_bridge                          [ACTIF]
    └─ NODE  /nav_tunnel_pid_node                     [ACTIF]
  CONTAINER  node_controller           [CRÉÉ]  (auto_start_eliot-node_controller)
    └─ aucune node ROS2 détectée
  CONTAINER  covaciel_camera           [CRÉÉ]  (auto_start_eliot-camera)
    └─ aucune node ROS2 détectée
  CONTAINER  voiture_complete          [REDÉMARRAGE]  (integration_ws_eliot-voiture)
    └─ aucune node ROS2 détectée
  CONTAINER  eliot_arduino_bridge      [ACTIF]  (eliot_arduino_bridge-arduino_bridge)
    ├─ NODE  /arduino_bridge                          [ACTIF]
    └─ NODE  /nav_tunnel_pid_node                     [ACTIF]

━━━━━━━━━━━━━━━━━━━━━━━━━━━━━━━━━━━━━━━━━━━━━━━━━━━━━━━━━━━━
[2026-04-29  08:56:18]
  CONTAINER  objective_ardinghelli     [ÉTEINT]  (eliot_arduino_bridge-arduino_bridge:latest)
    └─ aucune node ROS2 détectée
  CONTAINER  docker_cmdvel             [ACTIF]  (auto_start_eliot-navigation)
    ├─ NODE  /arduino_bridge                          [ACTIF]
    └─ NODE  /nav_tunnel_pid_node                     [ACTIF]
  CONTAINER  node_controller           [CRÉÉ]  (auto_start_eliot-node_controller)
    └─ aucune node ROS2 détectée
  CONTAINER  covaciel_camera           [CRÉÉ]  (auto_start_eliot-camera)
    └─ aucune node ROS2 détectée
  CONTAINER  voiture_complete          [REDÉMARRAGE]  (integration_ws_eliot-voiture)
    └─ aucune node ROS2 détectée
  CONTAINER  eliot_arduino_bridge      [ACTIF]  (eliot_arduino_bridge-arduino_bridge)
    ├─ NODE  /arduino_bridge                          [ACTIF]
    └─ NODE  /nav_tunnel_pid_node                     [ACTIF]

━━━━━━━━━━━━━━━━━━━━━━━━━━━━━━━━━━━━━━━━━━━━━━━━━━━━━━━━━━━━
[2026-04-29  08:56:25]
  CONTAINER  objective_ardinghelli     [ÉTEINT]  (eliot_arduino_bridge-arduino_bridge:latest)
    └─ aucune node ROS2 détectée
  CONTAINER  docker_cmdvel             [ACTIF]  (auto_start_eliot-navigation)
    ├─ NODE  /arduino_bridge                          [ACTIF]
    └─ NODE  /nav_tunnel_pid_node                     [ACTIF]
  CONTAINER  node_controller           [CRÉÉ]  (auto_start_eliot-node_controller)
    └─ aucune node ROS2 détectée
  CONTAINER  covaciel_camera           [CRÉÉ]  (auto_start_eliot-camera)
    └─ aucune node ROS2 détectée
  CONTAINER  voiture_complete          [REDÉMARRAGE]  (integration_ws_eliot-voiture)
    └─ aucune node ROS2 détectée
  CONTAINER  eliot_arduino_bridge      [ACTIF]  (eliot_arduino_bridge-arduino_bridge)
    ├─ NODE  /arduino_bridge                          [ACTIF]
    └─ NODE  /nav_tunnel_pid_node                     [ACTIF]

━━━━━━━━━━━━━━━━━━━━━━━━━━━━━━━━━━━━━━━━━━━━━━━━━━━━━━━━━━━━
[2026-04-29  08:56:30]
  CONTAINER  objective_ardinghelli     [ÉTEINT]  (eliot_arduino_bridge-arduino_bridge:latest)
    └─ aucune node ROS2 détectée
  CONTAINER  docker_cmdvel             [ACTIF]  (auto_start_eliot-navigation)
    ├─ NODE  /arduino_bridge                          [ACTIF]
    └─ NODE  /nav_tunnel_pid_node                     [ACTIF]
  CONTAINER  node_controller           [CRÉÉ]  (auto_start_eliot-node_controller)
    └─ aucune node ROS2 détectée
  CONTAINER  covaciel_camera           [CRÉÉ]  (auto_start_eliot-camera)
    └─ aucune node ROS2 détectée
  CONTAINER  voiture_complete          [REDÉMARRAGE]  (integration_ws_eliot-voiture)
    └─ aucune node ROS2 détectée
  CONTAINER  eliot_arduino_bridge      [ACTIF]  (eliot_arduino_bridge-arduino_bridge)
    ├─ NODE  /arduino_bridge                          [ACTIF]
    └─ NODE  /nav_tunnel_pid_node                     [ACTIF]

━━━━━━━━━━━━━━━━━━━━━━━━━━━━━━━━━━━━━━━━━━━━━━━━━━━━━━━━━━━━
[2026-04-29  08:56:32]
  CONTAINER  objective_ardinghelli     [ÉTEINT]  (eliot_arduino_bridge-arduino_bridge:latest)
    └─ aucune node ROS2 détectée
  CONTAINER  docker_cmdvel             [ACTIF]  (auto_start_eliot-navigation)
    ├─ NODE  /arduino_bridge                          [ACTIF]
    └─ NODE  /nav_tunnel_pid_node                     [ACTIF]
  CONTAINER  node_controller           [CRÉÉ]  (auto_start_eliot-node_controller)
    └─ aucune node ROS2 détectée
  CONTAINER  covaciel_camera           [CRÉÉ]  (auto_start_eliot-camera)
    └─ aucune node ROS2 détectée
  CONTAINER  voiture_complete          [REDÉMARRAGE]  (integration_ws_eliot-voiture)
    └─ aucune node ROS2 détectée
  CONTAINER  eliot_arduino_bridge      [ACTIF]  (eliot_arduino_bridge-arduino_bridge)
    ├─ NODE  /arduino_bridge                          [ACTIF]
    └─ NODE  /nav_tunnel_pid_node                     [ACTIF]

━━━━━━━━━━━━━━━━━━━━━━━━━━━━━━━━━━━━━━━━━━━━━━━━━━━━━━━━━━━━
[2026-04-29  08:56:40]
  CONTAINER  objective_ardinghelli     [ÉTEINT]  (eliot_arduino_bridge-arduino_bridge:latest)
    └─ aucune node ROS2 détectée
  CONTAINER  docker_cmdvel             [ACTIF]  (auto_start_eliot-navigation)
    ├─ NODE  /arduino_bridge                          [ACTIF]
    └─ NODE  /nav_tunnel_pid_node                     [ACTIF]
  CONTAINER  node_controller           [CRÉÉ]  (auto_start_eliot-node_controller)
    └─ aucune node ROS2 détectée
  CONTAINER  covaciel_camera           [CRÉÉ]  (auto_start_eliot-camera)
    └─ aucune node ROS2 détectée
  CONTAINER  voiture_complete          [REDÉMARRAGE]  (integration_ws_eliot-voiture)
    └─ aucune node ROS2 détectée
  CONTAINER  eliot_arduino_bridge      [ACTIF]  (eliot_arduino_bridge-arduino_bridge)
    ├─ NODE  /arduino_bridge                          [ACTIF]
    └─ NODE  /nav_tunnel_pid_node                     [ACTIF]

━━━━━━━━━━━━━━━━━━━━━━━━━━━━━━━━━━━━━━━━━━━━━━━━━━━━━━━━━━━━
[2026-04-29  08:56:46]
  CONTAINER  objective_ardinghelli     [ÉTEINT]  (eliot_arduino_bridge-arduino_bridge:latest)
    └─ aucune node ROS2 détectée
  CONTAINER  docker_cmdvel             [ACTIF]  (auto_start_eliot-navigation)
    ├─ NODE  /arduino_bridge                          [ACTIF]
    └─ NODE  /nav_tunnel_pid_node                     [ACTIF]
  CONTAINER  node_controller           [CRÉÉ]  (auto_start_eliot-node_controller)
    └─ aucune node ROS2 détectée
  CONTAINER  covaciel_camera           [CRÉÉ]  (auto_start_eliot-camera)
    └─ aucune node ROS2 détectée
  CONTAINER  voiture_complete          [REDÉMARRAGE]  (integration_ws_eliot-voiture)
    └─ aucune node ROS2 détectée
  CONTAINER  eliot_arduino_bridge      [ACTIF]  (eliot_arduino_bridge-arduino_bridge)
    ├─ NODE  /arduino_bridge                          [ACTIF]
    └─ NODE  /nav_tunnel_pid_node                     [ACTIF]

━━━━━━━━━━━━━━━━━━━━━━━━━━━━━━━━━━━━━━━━━━━━━━━━━━━━━━━━━━━━
[2026-04-29  08:56:53]
  CONTAINER  objective_ardinghelli     [ÉTEINT]  (eliot_arduino_bridge-arduino_bridge:latest)
    └─ aucune node ROS2 détectée
  CONTAINER  docker_cmdvel             [ACTIF]  (auto_start_eliot-navigation)
    ├─ NODE  /arduino_bridge                          [ACTIF]
    └─ NODE  /nav_tunnel_pid_node                     [ACTIF]
  CONTAINER  node_controller           [CRÉÉ]  (auto_start_eliot-node_controller)
    └─ aucune node ROS2 détectée
  CONTAINER  covaciel_camera           [CRÉÉ]  (auto_start_eliot-camera)
    └─ aucune node ROS2 détectée
  CONTAINER  voiture_complete          [REDÉMARRAGE]  (integration_ws_eliot-voiture)
    └─ aucune node ROS2 détectée
  CONTAINER  eliot_arduino_bridge      [ACTIF]  (eliot_arduino_bridge-arduino_bridge)
    ├─ NODE  /arduino_bridge                          [ACTIF]
    └─ NODE  /nav_tunnel_pid_node                     [ACTIF]

━━━━━━━━━━━━━━━━━━━━━━━━━━━━━━━━━━━━━━━━━━━━━━━━━━━━━━━━━━━━
[2026-04-29  08:57:00]
  CONTAINER  objective_ardinghelli     [ÉTEINT]  (eliot_arduino_bridge-arduino_bridge:latest)
    └─ aucune node ROS2 détectée
  CONTAINER  docker_cmdvel             [ACTIF]  (auto_start_eliot-navigation)
    ├─ NODE  /arduino_bridge                          [ACTIF]
    └─ NODE  /nav_tunnel_pid_node                     [ACTIF]
  CONTAINER  node_controller           [CRÉÉ]  (auto_start_eliot-node_controller)
    └─ aucune node ROS2 détectée
  CONTAINER  covaciel_camera           [CRÉÉ]  (auto_start_eliot-camera)
    └─ aucune node ROS2 détectée
  CONTAINER  voiture_complete          [REDÉMARRAGE]  (integration_ws_eliot-voiture)
    └─ aucune node ROS2 détectée
  CONTAINER  eliot_arduino_bridge      [ACTIF]  (eliot_arduino_bridge-arduino_bridge)
    ├─ NODE  /arduino_bridge                          [ACTIF]
    └─ NODE  /nav_tunnel_pid_node                     [ACTIF]

━━━━━━━━━━━━━━━━━━━━━━━━━━━━━━━━━━━━━━━━━━━━━━━━━━━━━━━━━━━━
[2026-04-29  08:57:07]
  CONTAINER  objective_ardinghelli     [ÉTEINT]  (eliot_arduino_bridge-arduino_bridge:latest)
    └─ aucune node ROS2 détectée
  CONTAINER  docker_cmdvel             [ACTIF]  (auto_start_eliot-navigation)
    ├─ NODE  /arduino_bridge                          [ACTIF]
    └─ NODE  /nav_tunnel_pid_node                     [ACTIF]
  CONTAINER  node_controller           [CRÉÉ]  (auto_start_eliot-node_controller)
    └─ aucune node ROS2 détectée
  CONTAINER  covaciel_camera           [CRÉÉ]  (auto_start_eliot-camera)
    └─ aucune node ROS2 détectée
  CONTAINER  voiture_complete          [REDÉMARRAGE]  (integration_ws_eliot-voiture)
    └─ aucune node ROS2 détectée
  CONTAINER  eliot_arduino_bridge      [ACTIF]  (eliot_arduino_bridge-arduino_bridge)
    ├─ NODE  /arduino_bridge                          [ACTIF]
    └─ NODE  /nav_tunnel_pid_node                     [ACTIF]

━━━━━━━━━━━━━━━━━━━━━━━━━━━━━━━━━━━━━━━━━━━━━━━━━━━━━━━━━━━━
[2026-04-29  08:57:14]
  CONTAINER  objective_ardinghelli     [ÉTEINT]  (eliot_arduino_bridge-arduino_bridge:latest)
    └─ aucune node ROS2 détectée
  CONTAINER  docker_cmdvel             [ACTIF]  (auto_start_eliot-navigation)
    ├─ NODE  /arduino_bridge                          [ACTIF]
    └─ NODE  /nav_tunnel_pid_node                     [ACTIF]
  CONTAINER  node_controller           [CRÉÉ]  (auto_start_eliot-node_controller)
    └─ aucune node ROS2 détectée
  CONTAINER  covaciel_camera           [CRÉÉ]  (auto_start_eliot-camera)
    └─ aucune node ROS2 détectée
  CONTAINER  voiture_complete          [REDÉMARRAGE]  (integration_ws_eliot-voiture)
    └─ aucune node ROS2 détectée
  CONTAINER  eliot_arduino_bridge      [ACTIF]  (eliot_arduino_bridge-arduino_bridge)
    ├─ NODE  /arduino_bridge                          [ACTIF]
    └─ NODE  /nav_tunnel_pid_node                     [ACTIF]

━━━━━━━━━━━━━━━━━━━━━━━━━━━━━━━━━━━━━━━━━━━━━━━━━━━━━━━━━━━━
[2026-04-29  08:57:21]
  CONTAINER  objective_ardinghelli     [ÉTEINT]  (eliot_arduino_bridge-arduino_bridge:latest)
    └─ aucune node ROS2 détectée
  CONTAINER  docker_cmdvel             [ACTIF]  (auto_start_eliot-navigation)
    ├─ NODE  /arduino_bridge                          [ACTIF]
    └─ NODE  /nav_tunnel_pid_node                     [ACTIF]
  CONTAINER  node_controller           [CRÉÉ]  (auto_start_eliot-node_controller)
    └─ aucune node ROS2 détectée
  CONTAINER  covaciel_camera           [CRÉÉ]  (auto_start_eliot-camera)
    └─ aucune node ROS2 détectée
  CONTAINER  voiture_complete          [REDÉMARRAGE]  (integration_ws_eliot-voiture)
    └─ aucune node ROS2 détectée
  CONTAINER  eliot_arduino_bridge      [ACTIF]  (eliot_arduino_bridge-arduino_bridge)
    ├─ NODE  /arduino_bridge                          [ACTIF]
    └─ NODE  /nav_tunnel_pid_node                     [ACTIF]

━━━━━━━━━━━━━━━━━━━━━━━━━━━━━━━━━━━━━━━━━━━━━━━━━━━━━━━━━━━━
[2026-04-29  08:57:28]
  CONTAINER  objective_ardinghelli     [ÉTEINT]  (eliot_arduino_bridge-arduino_bridge:latest)
    └─ aucune node ROS2 détectée
  CONTAINER  docker_cmdvel             [ACTIF]  (auto_start_eliot-navigation)
    ├─ NODE  /arduino_bridge                          [ACTIF]
    └─ NODE  /nav_tunnel_pid_node                     [ACTIF]
  CONTAINER  node_controller           [CRÉÉ]  (auto_start_eliot-node_controller)
    └─ aucune node ROS2 détectée
  CONTAINER  covaciel_camera           [CRÉÉ]  (auto_start_eliot-camera)
    └─ aucune node ROS2 détectée
  CONTAINER  voiture_complete          [REDÉMARRAGE]  (integration_ws_eliot-voiture)
    └─ aucune node ROS2 détectée
  CONTAINER  eliot_arduino_bridge      [ACTIF]  (eliot_arduino_bridge-arduino_bridge)
    ├─ NODE  /arduino_bridge                          [ACTIF]
    └─ NODE  /nav_tunnel_pid_node                     [ACTIF]

━━━━━━━━━━━━━━━━━━━━━━━━━━━━━━━━━━━━━━━━━━━━━━━━━━━━━━━━━━━━
[2026-04-29  08:57:34]
  CONTAINER  objective_ardinghelli     [ÉTEINT]  (eliot_arduino_bridge-arduino_bridge:latest)
    └─ aucune node ROS2 détectée
  CONTAINER  docker_cmdvel             [ACTIF]  (auto_start_eliot-navigation)
    ├─ NODE  /arduino_bridge                          [ACTIF]
    └─ NODE  /nav_tunnel_pid_node                     [ACTIF]
  CONTAINER  node_controller           [CRÉÉ]  (auto_start_eliot-node_controller)
    └─ aucune node ROS2 détectée
  CONTAINER  covaciel_camera           [CRÉÉ]  (auto_start_eliot-camera)
    └─ aucune node ROS2 détectée
  CONTAINER  voiture_complete          [REDÉMARRAGE]  (integration_ws_eliot-voiture)
    └─ aucune node ROS2 détectée
  CONTAINER  eliot_arduino_bridge      [ACTIF]  (eliot_arduino_bridge-arduino_bridge)
    ├─ NODE  /arduino_bridge                          [ACTIF]
    └─ NODE  /nav_tunnel_pid_node                     [ACTIF]

━━━━━━━━━━━━━━━━━━━━━━━━━━━━━━━━━━━━━━━━━━━━━━━━━━━━━━━━━━━━
[2026-04-29  08:57:41]
  CONTAINER  objective_ardinghelli     [ÉTEINT]  (eliot_arduino_bridge-arduino_bridge:latest)
    └─ aucune node ROS2 détectée
  CONTAINER  docker_cmdvel             [ACTIF]  (auto_start_eliot-navigation)
    ├─ NODE  /arduino_bridge                          [ACTIF]
    └─ NODE  /nav_tunnel_pid_node                     [ACTIF]
  CONTAINER  node_controller           [CRÉÉ]  (auto_start_eliot-node_controller)
    └─ aucune node ROS2 détectée
  CONTAINER  covaciel_camera           [CRÉÉ]  (auto_start_eliot-camera)
    └─ aucune node ROS2 détectée
  CONTAINER  voiture_complete          [REDÉMARRAGE]  (integration_ws_eliot-voiture)
    └─ aucune node ROS2 détectée
  CONTAINER  eliot_arduino_bridge      [ACTIF]  (eliot_arduino_bridge-arduino_bridge)
    ├─ NODE  /arduino_bridge                          [ACTIF]
    └─ NODE  /nav_tunnel_pid_node                     [ACTIF]

━━━━━━━━━━━━━━━━━━━━━━━━━━━━━━━━━━━━━━━━━━━━━━━━━━━━━━━━━━━━
[2026-04-29  08:57:48]
  CONTAINER  objective_ardinghelli     [ÉTEINT]  (eliot_arduino_bridge-arduino_bridge:latest)
    └─ aucune node ROS2 détectée
  CONTAINER  docker_cmdvel             [ACTIF]  (auto_start_eliot-navigation)
    ├─ NODE  /arduino_bridge                          [ACTIF]
    └─ NODE  /nav_tunnel_pid_node                     [ACTIF]
  CONTAINER  node_controller           [CRÉÉ]  (auto_start_eliot-node_controller)
    └─ aucune node ROS2 détectée
  CONTAINER  covaciel_camera           [CRÉÉ]  (auto_start_eliot-camera)
    └─ aucune node ROS2 détectée
  CONTAINER  voiture_complete          [REDÉMARRAGE]  (integration_ws_eliot-voiture)
    └─ aucune node ROS2 détectée
  CONTAINER  eliot_arduino_bridge      [ACTIF]  (eliot_arduino_bridge-arduino_bridge)
    ├─ NODE  /arduino_bridge                          [ACTIF]
    └─ NODE  /nav_tunnel_pid_node                     [ACTIF]

━━━━━━━━━━━━━━━━━━━━━━━━━━━━━━━━━━━━━━━━━━━━━━━━━━━━━━━━━━━━
[2026-04-29  08:57:55]
  CONTAINER  objective_ardinghelli     [ÉTEINT]  (eliot_arduino_bridge-arduino_bridge:latest)
    └─ aucune node ROS2 détectée
  CONTAINER  docker_cmdvel             [ACTIF]  (auto_start_eliot-navigation)
    ├─ NODE  /arduino_bridge                          [ACTIF]
    └─ NODE  /nav_tunnel_pid_node                     [ACTIF]
  CONTAINER  node_controller           [CRÉÉ]  (auto_start_eliot-node_controller)
    └─ aucune node ROS2 détectée
  CONTAINER  covaciel_camera           [CRÉÉ]  (auto_start_eliot-camera)
    └─ aucune node ROS2 détectée
  CONTAINER  voiture_complete          [REDÉMARRAGE]  (integration_ws_eliot-voiture)
    └─ aucune node ROS2 détectée
  CONTAINER  eliot_arduino_bridge      [ACTIF]  (eliot_arduino_bridge-arduino_bridge)
    ├─ NODE  /arduino_bridge                          [ACTIF]
    └─ NODE  /nav_tunnel_pid_node                     [ACTIF]

━━━━━━━━━━━━━━━━━━━━━━━━━━━━━━━━━━━━━━━━━━━━━━━━━━━━━━━━━━━━
[2026-04-29  08:58:02]
  CONTAINER  objective_ardinghelli     [ÉTEINT]  (eliot_arduino_bridge-arduino_bridge:latest)
    └─ aucune node ROS2 détectée
  CONTAINER  docker_cmdvel             [ACTIF]  (auto_start_eliot-navigation)
    ├─ NODE  /arduino_bridge                          [ACTIF]
    └─ NODE  /nav_tunnel_pid_node                     [ACTIF]
  CONTAINER  node_controller           [CRÉÉ]  (auto_start_eliot-node_controller)
    └─ aucune node ROS2 détectée
  CONTAINER  covaciel_camera           [CRÉÉ]  (auto_start_eliot-camera)
    └─ aucune node ROS2 détectée
  CONTAINER  voiture_complete          [REDÉMARRAGE]  (integration_ws_eliot-voiture)
    └─ aucune node ROS2 détectée
  CONTAINER  eliot_arduino_bridge      [ACTIF]  (eliot_arduino_bridge-arduino_bridge)
    ├─ NODE  /arduino_bridge                          [ACTIF]
    └─ NODE  /nav_tunnel_pid_node                     [ACTIF]

━━━━━━━━━━━━━━━━━━━━━━━━━━━━━━━━━━━━━━━━━━━━━━━━━━━━━━━━━━━━
[2026-04-29  08:58:08]
  CONTAINER  objective_ardinghelli     [ÉTEINT]  (eliot_arduino_bridge-arduino_bridge:latest)
    └─ aucune node ROS2 détectée
  CONTAINER  docker_cmdvel             [ACTIF]  (auto_start_eliot-navigation)
    ├─ NODE  /arduino_bridge                          [ACTIF]
    └─ NODE  /nav_tunnel_pid_node                     [ACTIF]
  CONTAINER  node_controller           [CRÉÉ]  (auto_start_eliot-node_controller)
    └─ aucune node ROS2 détectée
  CONTAINER  covaciel_camera           [CRÉÉ]  (auto_start_eliot-camera)
    └─ aucune node ROS2 détectée
  CONTAINER  voiture_complete          [REDÉMARRAGE]  (integration_ws_eliot-voiture)
    └─ aucune node ROS2 détectée
  CONTAINER  eliot_arduino_bridge      [ACTIF]  (eliot_arduino_bridge-arduino_bridge)
    ├─ NODE  /arduino_bridge                          [ACTIF]
    └─ NODE  /nav_tunnel_pid_node                     [ACTIF]

━━━━━━━━━━━━━━━━━━━━━━━━━━━━━━━━━━━━━━━━━━━━━━━━━━━━━━━━━━━━
[2026-04-29  08:58:15]
  CONTAINER  objective_ardinghelli     [ÉTEINT]  (eliot_arduino_bridge-arduino_bridge:latest)
    └─ aucune node ROS2 détectée
  CONTAINER  docker_cmdvel             [ACTIF]  (auto_start_eliot-navigation)
    ├─ NODE  /arduino_bridge                          [ACTIF]
    └─ NODE  /nav_tunnel_pid_node                     [ACTIF]
  CONTAINER  node_controller           [CRÉÉ]  (auto_start_eliot-node_controller)
    └─ aucune node ROS2 détectée
  CONTAINER  covaciel_camera           [CRÉÉ]  (auto_start_eliot-camera)
    └─ aucune node ROS2 détectée
  CONTAINER  voiture_complete          [REDÉMARRAGE]  (integration_ws_eliot-voiture)
    └─ aucune node ROS2 détectée
  CONTAINER  eliot_arduino_bridge      [ACTIF]  (eliot_arduino_bridge-arduino_bridge)
    ├─ NODE  /arduino_bridge                          [ACTIF]
    └─ NODE  /nav_tunnel_pid_node                     [ACTIF]

━━━━━━━━━━━━━━━━━━━━━━━━━━━━━━━━━━━━━━━━━━━━━━━━━━━━━━━━━━━━
[2026-04-29  08:58:21]
  CONTAINER  objective_ardinghelli     [ÉTEINT]  (eliot_arduino_bridge-arduino_bridge:latest)
    └─ aucune node ROS2 détectée
  CONTAINER  docker_cmdvel             [ACTIF]  (auto_start_eliot-navigation)
    ├─ NODE  /arduino_bridge                          [ACTIF]
    └─ NODE  /nav_tunnel_pid_node                     [ACTIF]
  CONTAINER  node_controller           [CRÉÉ]  (auto_start_eliot-node_controller)
    └─ aucune node ROS2 détectée
  CONTAINER  covaciel_camera           [CRÉÉ]  (auto_start_eliot-camera)
    └─ aucune node ROS2 détectée
  CONTAINER  voiture_complete          [REDÉMARRAGE]  (integration_ws_eliot-voiture)
    └─ aucune node ROS2 détectée
  CONTAINER  eliot_arduino_bridge      [ACTIF]  (eliot_arduino_bridge-arduino_bridge)
    ├─ NODE  /arduino_bridge                          [ACTIF]
    └─ NODE  /nav_tunnel_pid_node                     [ACTIF]

━━━━━━━━━━━━━━━━━━━━━━━━━━━━━━━━━━━━━━━━━━━━━━━━━━━━━━━━━━━━
[2026-04-29  08:58:28]
  CONTAINER  objective_ardinghelli     [ÉTEINT]  (eliot_arduino_bridge-arduino_bridge:latest)
    └─ aucune node ROS2 détectée
  CONTAINER  docker_cmdvel             [ACTIF]  (auto_start_eliot-navigation)
    ├─ NODE  /arduino_bridge                          [ACTIF]
    └─ NODE  /nav_tunnel_pid_node                     [ACTIF]
  CONTAINER  node_controller           [CRÉÉ]  (auto_start_eliot-node_controller)
    └─ aucune node ROS2 détectée
  CONTAINER  covaciel_camera           [CRÉÉ]  (auto_start_eliot-camera)
    └─ aucune node ROS2 détectée
  CONTAINER  voiture_complete          [REDÉMARRAGE]  (integration_ws_eliot-voiture)
    └─ aucune node ROS2 détectée
  CONTAINER  eliot_arduino_bridge      [ACTIF]  (eliot_arduino_bridge-arduino_bridge)
    ├─ NODE  /arduino_bridge                          [ACTIF]
    └─ NODE  /nav_tunnel_pid_node                     [ACTIF]

━━━━━━━━━━━━━━━━━━━━━━━━━━━━━━━━━━━━━━━━━━━━━━━━━━━━━━━━━━━━
[2026-04-29  08:58:35]
  CONTAINER  objective_ardinghelli     [ÉTEINT]  (eliot_arduino_bridge-arduino_bridge:latest)
    └─ aucune node ROS2 détectée
  CONTAINER  docker_cmdvel             [ACTIF]  (auto_start_eliot-navigation)
    ├─ NODE  /arduino_bridge                          [ACTIF]
    └─ NODE  /nav_tunnel_pid_node                     [ACTIF]
  CONTAINER  node_controller           [CRÉÉ]  (auto_start_eliot-node_controller)
    └─ aucune node ROS2 détectée
  CONTAINER  covaciel_camera           [CRÉÉ]  (auto_start_eliot-camera)
    └─ aucune node ROS2 détectée
  CONTAINER  voiture_complete          [REDÉMARRAGE]  (integration_ws_eliot-voiture)
    └─ aucune node ROS2 détectée
  CONTAINER  eliot_arduino_bridge      [ACTIF]  (eliot_arduino_bridge-arduino_bridge)
    ├─ NODE  /arduino_bridge                          [ACTIF]
    └─ NODE  /nav_tunnel_pid_node                     [ACTIF]

━━━━━━━━━━━━━━━━━━━━━━━━━━━━━━━━━━━━━━━━━━━━━━━━━━━━━━━━━━━━
[2026-04-29  08:58:41]
  CONTAINER  objective_ardinghelli     [ÉTEINT]  (eliot_arduino_bridge-arduino_bridge:latest)
    └─ aucune node ROS2 détectée
  CONTAINER  docker_cmdvel             [ACTIF]  (auto_start_eliot-navigation)
    ├─ NODE  /arduino_bridge                          [ACTIF]
    └─ NODE  /nav_tunnel_pid_node                     [ACTIF]
  CONTAINER  node_controller           [CRÉÉ]  (auto_start_eliot-node_controller)
    └─ aucune node ROS2 détectée
  CONTAINER  covaciel_camera           [CRÉÉ]  (auto_start_eliot-camera)
    └─ aucune node ROS2 détectée
  CONTAINER  voiture_complete          [REDÉMARRAGE]  (integration_ws_eliot-voiture)
    └─ aucune node ROS2 détectée
  CONTAINER  eliot_arduino_bridge      [ACTIF]  (eliot_arduino_bridge-arduino_bridge)
    ├─ NODE  /arduino_bridge                          [ACTIF]
    └─ NODE  /nav_tunnel_pid_node                     [ACTIF]

━━━━━━━━━━━━━━━━━━━━━━━━━━━━━━━━━━━━━━━━━━━━━━━━━━━━━━━━━━━━
[2026-04-29  08:58:48]
  CONTAINER  objective_ardinghelli     [ÉTEINT]  (eliot_arduino_bridge-arduino_bridge:latest)
    └─ aucune node ROS2 détectée
  CONTAINER  docker_cmdvel             [ACTIF]  (auto_start_eliot-navigation)
    ├─ NODE  /arduino_bridge                          [ACTIF]
    └─ NODE  /nav_tunnel_pid_node                     [ACTIF]
  CONTAINER  node_controller           [CRÉÉ]  (auto_start_eliot-node_controller)
    └─ aucune node ROS2 détectée
  CONTAINER  covaciel_camera           [CRÉÉ]  (auto_start_eliot-camera)
    └─ aucune node ROS2 détectée
  CONTAINER  voiture_complete          [REDÉMARRAGE]  (integration_ws_eliot-voiture)
    └─ aucune node ROS2 détectée
  CONTAINER  eliot_arduino_bridge      [ACTIF]  (eliot_arduino_bridge-arduino_bridge)
    ├─ NODE  /arduino_bridge                          [ACTIF]
    └─ NODE  /nav_tunnel_pid_node                     [ACTIF]

━━━━━━━━━━━━━━━━━━━━━━━━━━━━━━━━━━━━━━━━━━━━━━━━━━━━━━━━━━━━
[2026-04-29  08:58:55]
  CONTAINER  objective_ardinghelli     [ÉTEINT]  (eliot_arduino_bridge-arduino_bridge:latest)
    └─ aucune node ROS2 détectée
  CONTAINER  docker_cmdvel             [ACTIF]  (auto_start_eliot-navigation)
    ├─ NODE  /arduino_bridge                          [ACTIF]
    └─ NODE  /nav_tunnel_pid_node                     [ACTIF]
  CONTAINER  node_controller           [CRÉÉ]  (auto_start_eliot-node_controller)
    └─ aucune node ROS2 détectée
  CONTAINER  covaciel_camera           [CRÉÉ]  (auto_start_eliot-camera)
    └─ aucune node ROS2 détectée
  CONTAINER  voiture_complete          [REDÉMARRAGE]  (integration_ws_eliot-voiture)
    └─ aucune node ROS2 détectée
  CONTAINER  eliot_arduino_bridge      [ACTIF]  (eliot_arduino_bridge-arduino_bridge)
    ├─ NODE  /arduino_bridge                          [ACTIF]
    └─ NODE  /nav_tunnel_pid_node                     [ACTIF]

━━━━━━━━━━━━━━━━━━━━━━━━━━━━━━━━━━━━━━━━━━━━━━━━━━━━━━━━━━━━
[2026-04-29  08:59:01]
  CONTAINER  objective_ardinghelli     [ÉTEINT]  (eliot_arduino_bridge-arduino_bridge:latest)
    └─ aucune node ROS2 détectée
  CONTAINER  docker_cmdvel             [ACTIF]  (auto_start_eliot-navigation)
    ├─ NODE  /arduino_bridge                          [ACTIF]
    └─ NODE  /nav_tunnel_pid_node                     [ACTIF]
  CONTAINER  node_controller           [CRÉÉ]  (auto_start_eliot-node_controller)
    └─ aucune node ROS2 détectée
  CONTAINER  covaciel_camera           [CRÉÉ]  (auto_start_eliot-camera)
    └─ aucune node ROS2 détectée
  CONTAINER  voiture_complete          [REDÉMARRAGE]  (integration_ws_eliot-voiture)
    └─ aucune node ROS2 détectée
  CONTAINER  eliot_arduino_bridge      [ACTIF]  (eliot_arduino_bridge-arduino_bridge)
    ├─ NODE  /arduino_bridge                          [ACTIF]
    └─ NODE  /nav_tunnel_pid_node                     [ACTIF]

━━━━━━━━━━━━━━━━━━━━━━━━━━━━━━━━━━━━━━━━━━━━━━━━━━━━━━━━━━━━
[2026-04-29  08:59:08]
  CONTAINER  objective_ardinghelli     [ÉTEINT]  (eliot_arduino_bridge-arduino_bridge:latest)
    └─ aucune node ROS2 détectée
  CONTAINER  docker_cmdvel             [ACTIF]  (auto_start_eliot-navigation)
    ├─ NODE  /arduino_bridge                          [ACTIF]
    └─ NODE  /nav_tunnel_pid_node                     [ACTIF]
  CONTAINER  node_controller           [CRÉÉ]  (auto_start_eliot-node_controller)
    └─ aucune node ROS2 détectée
  CONTAINER  covaciel_camera           [CRÉÉ]  (auto_start_eliot-camera)
    └─ aucune node ROS2 détectée
  CONTAINER  voiture_complete          [REDÉMARRAGE]  (integration_ws_eliot-voiture)
    └─ aucune node ROS2 détectée
  CONTAINER  eliot_arduino_bridge      [ACTIF]  (eliot_arduino_bridge-arduino_bridge)
    ├─ NODE  /arduino_bridge                          [ACTIF]
    └─ NODE  /nav_tunnel_pid_node                     [ACTIF]

━━━━━━━━━━━━━━━━━━━━━━━━━━━━━━━━━━━━━━━━━━━━━━━━━━━━━━━━━━━━
[2026-04-29  08:59:15]
  CONTAINER  objective_ardinghelli     [ÉTEINT]  (eliot_arduino_bridge-arduino_bridge:latest)
    └─ aucune node ROS2 détectée
  CONTAINER  docker_cmdvel             [ACTIF]  (auto_start_eliot-navigation)
    ├─ NODE  /arduino_bridge                          [ACTIF]
    └─ NODE  /nav_tunnel_pid_node                     [ACTIF]
  CONTAINER  node_controller           [CRÉÉ]  (auto_start_eliot-node_controller)
    └─ aucune node ROS2 détectée
  CONTAINER  covaciel_camera           [CRÉÉ]  (auto_start_eliot-camera)
    └─ aucune node ROS2 détectée
  CONTAINER  voiture_complete          [REDÉMARRAGE]  (integration_ws_eliot-voiture)
    └─ aucune node ROS2 détectée
  CONTAINER  eliot_arduino_bridge      [ACTIF]  (eliot_arduino_bridge-arduino_bridge)
    ├─ NODE  /arduino_bridge                          [ACTIF]
    └─ NODE  /nav_tunnel_pid_node                     [ACTIF]

━━━━━━━━━━━━━━━━━━━━━━━━━━━━━━━━━━━━━━━━━━━━━━━━━━━━━━━━━━━━
[2026-04-29  08:59:21]
  CONTAINER  objective_ardinghelli     [ÉTEINT]  (eliot_arduino_bridge-arduino_bridge:latest)
    └─ aucune node ROS2 détectée
  CONTAINER  docker_cmdvel             [ACTIF]  (auto_start_eliot-navigation)
    ├─ NODE  /arduino_bridge                          [ACTIF]
    └─ NODE  /nav_tunnel_pid_node                     [ACTIF]
  CONTAINER  node_controller           [CRÉÉ]  (auto_start_eliot-node_controller)
    └─ aucune node ROS2 détectée
  CONTAINER  covaciel_camera           [CRÉÉ]  (auto_start_eliot-camera)
    └─ aucune node ROS2 détectée
  CONTAINER  voiture_complete          [REDÉMARRAGE]  (integration_ws_eliot-voiture)
    └─ aucune node ROS2 détectée
  CONTAINER  eliot_arduino_bridge      [ACTIF]  (eliot_arduino_bridge-arduino_bridge)
    ├─ NODE  /arduino_bridge                          [ACTIF]
    └─ NODE  /nav_tunnel_pid_node                     [ACTIF]

━━━━━━━━━━━━━━━━━━━━━━━━━━━━━━━━━━━━━━━━━━━━━━━━━━━━━━━━━━━━
[2026-04-29  08:59:28]
  CONTAINER  objective_ardinghelli     [ÉTEINT]  (eliot_arduino_bridge-arduino_bridge:latest)
    └─ aucune node ROS2 détectée
  CONTAINER  docker_cmdvel             [ACTIF]  (auto_start_eliot-navigation)
    ├─ NODE  /arduino_bridge                          [ACTIF]
    └─ NODE  /nav_tunnel_pid_node                     [ACTIF]
  CONTAINER  node_controller           [CRÉÉ]  (auto_start_eliot-node_controller)
    └─ aucune node ROS2 détectée
  CONTAINER  covaciel_camera           [CRÉÉ]  (auto_start_eliot-camera)
    └─ aucune node ROS2 détectée
  CONTAINER  voiture_complete          [REDÉMARRAGE]  (integration_ws_eliot-voiture)
    └─ aucune node ROS2 détectée
  CONTAINER  eliot_arduino_bridge      [ACTIF]  (eliot_arduino_bridge-arduino_bridge)
    ├─ NODE  /arduino_bridge                          [ACTIF]
    └─ NODE  /nav_tunnel_pid_node                     [ACTIF]

━━━━━━━━━━━━━━━━━━━━━━━━━━━━━━━━━━━━━━━━━━━━━━━━━━━━━━━━━━━━
[2026-04-29  08:59:34]
  CONTAINER  objective_ardinghelli     [ÉTEINT]  (eliot_arduino_bridge-arduino_bridge:latest)
    └─ aucune node ROS2 détectée
  CONTAINER  docker_cmdvel             [ACTIF]  (auto_start_eliot-navigation)
    ├─ NODE  /arduino_bridge                          [ACTIF]
    └─ NODE  /nav_tunnel_pid_node                     [ACTIF]
  CONTAINER  node_controller           [CRÉÉ]  (auto_start_eliot-node_controller)
    └─ aucune node ROS2 détectée
  CONTAINER  covaciel_camera           [CRÉÉ]  (auto_start_eliot-camera)
    └─ aucune node ROS2 détectée
  CONTAINER  voiture_complete          [REDÉMARRAGE]  (integration_ws_eliot-voiture)
    └─ aucune node ROS2 détectée
  CONTAINER  eliot_arduino_bridge      [ACTIF]  (eliot_arduino_bridge-arduino_bridge)
    ├─ NODE  /arduino_bridge                          [ACTIF]
    └─ NODE  /nav_tunnel_pid_node                     [ACTIF]

━━━━━━━━━━━━━━━━━━━━━━━━━━━━━━━━━━━━━━━━━━━━━━━━━━━━━━━━━━━━
[2026-04-29  08:59:40]
  CONTAINER  objective_ardinghelli     [ÉTEINT]  (eliot_arduino_bridge-arduino_bridge:latest)
    └─ aucune node ROS2 détectée
  CONTAINER  docker_cmdvel             [ACTIF]  (auto_start_eliot-navigation)
    ├─ NODE  /arduino_bridge                          [ACTIF]
    └─ NODE  /nav_tunnel_pid_node                     [ACTIF]
  CONTAINER  node_controller           [CRÉÉ]  (auto_start_eliot-node_controller)
    └─ aucune node ROS2 détectée
  CONTAINER  covaciel_camera           [CRÉÉ]  (auto_start_eliot-camera)
    └─ aucune node ROS2 détectée
  CONTAINER  voiture_complete          [ACTIF]  (integration_ws_eliot-voiture)
    └─ aucune node ROS2 détectée
  CONTAINER  eliot_arduino_bridge      [ACTIF]  (eliot_arduino_bridge-arduino_bridge)
    ├─ NODE  /arduino_bridge                          [ACTIF]
    └─ NODE  /nav_tunnel_pid_node                     [ACTIF]

━━━━━━━━━━━━━━━━━━━━━━━━━━━━━━━━━━━━━━━━━━━━━━━━━━━━━━━━━━━━
[2026-04-29  08:59:47]
  CONTAINER  objective_ardinghelli     [ÉTEINT]  (eliot_arduino_bridge-arduino_bridge:latest)
    └─ aucune node ROS2 détectée
  CONTAINER  docker_cmdvel             [ACTIF]  (auto_start_eliot-navigation)
    ├─ NODE  /arduino_bridge                          [ACTIF]
    └─ NODE  /nav_tunnel_pid_node                     [ACTIF]
  CONTAINER  node_controller           [CRÉÉ]  (auto_start_eliot-node_controller)
    └─ aucune node ROS2 détectée
  CONTAINER  covaciel_camera           [CRÉÉ]  (auto_start_eliot-camera)
    └─ aucune node ROS2 détectée
  CONTAINER  voiture_complete          [REDÉMARRAGE]  (integration_ws_eliot-voiture)
    └─ aucune node ROS2 détectée
  CONTAINER  eliot_arduino_bridge      [ACTIF]  (eliot_arduino_bridge-arduino_bridge)
    ├─ NODE  /arduino_bridge                          [ACTIF]
    └─ NODE  /nav_tunnel_pid_node                     [ACTIF]

━━━━━━━━━━━━━━━━━━━━━━━━━━━━━━━━━━━━━━━━━━━━━━━━━━━━━━━━━━━━
[2026-04-29  08:59:53]
  CONTAINER  objective_ardinghelli     [ÉTEINT]  (eliot_arduino_bridge-arduino_bridge:latest)
    └─ aucune node ROS2 détectée
  CONTAINER  docker_cmdvel             [ACTIF]  (auto_start_eliot-navigation)
    ├─ NODE  /arduino_bridge                          [ACTIF]
    └─ NODE  /nav_tunnel_pid_node                     [ACTIF]
  CONTAINER  node_controller           [CRÉÉ]  (auto_start_eliot-node_controller)
    └─ aucune node ROS2 détectée
  CONTAINER  covaciel_camera           [CRÉÉ]  (auto_start_eliot-camera)
    └─ aucune node ROS2 détectée
  CONTAINER  voiture_complete          [REDÉMARRAGE]  (integration_ws_eliot-voiture)
    └─ aucune node ROS2 détectée
  CONTAINER  eliot_arduino_bridge      [ACTIF]  (eliot_arduino_bridge-arduino_bridge)
    ├─ NODE  /arduino_bridge                          [ACTIF]
    └─ NODE  /nav_tunnel_pid_node                     [ACTIF]

━━━━━━━━━━━━━━━━━━━━━━━━━━━━━━━━━━━━━━━━━━━━━━━━━━━━━━━━━━━━
[2026-04-29  09:00:00]
  CONTAINER  objective_ardinghelli     [ÉTEINT]  (eliot_arduino_bridge-arduino_bridge:latest)
    └─ aucune node ROS2 détectée
  CONTAINER  docker_cmdvel             [ACTIF]  (auto_start_eliot-navigation)
    ├─ NODE  /arduino_bridge                          [ACTIF]
    └─ NODE  /nav_tunnel_pid_node                     [ACTIF]
  CONTAINER  node_controller           [CRÉÉ]  (auto_start_eliot-node_controller)
    └─ aucune node ROS2 détectée
  CONTAINER  covaciel_camera           [CRÉÉ]  (auto_start_eliot-camera)
    └─ aucune node ROS2 détectée
  CONTAINER  voiture_complete          [REDÉMARRAGE]  (integration_ws_eliot-voiture)
    └─ aucune node ROS2 détectée
  CONTAINER  eliot_arduino_bridge      [ACTIF]  (eliot_arduino_bridge-arduino_bridge)
    ├─ NODE  /arduino_bridge                          [ACTIF]
    └─ NODE  /nav_tunnel_pid_node                     [ACTIF]

━━━━━━━━━━━━━━━━━━━━━━━━━━━━━━━━━━━━━━━━━━━━━━━━━━━━━━━━━━━━
[2026-04-29  09:00:06]
  CONTAINER  objective_ardinghelli     [ÉTEINT]  (eliot_arduino_bridge-arduino_bridge:latest)
    └─ aucune node ROS2 détectée
  CONTAINER  docker_cmdvel             [ACTIF]  (auto_start_eliot-navigation)
    ├─ NODE  /arduino_bridge                          [ACTIF]
    └─ NODE  /nav_tunnel_pid_node                     [ACTIF]
  CONTAINER  node_controller           [CRÉÉ]  (auto_start_eliot-node_controller)
    └─ aucune node ROS2 détectée
  CONTAINER  covaciel_camera           [CRÉÉ]  (auto_start_eliot-camera)
    └─ aucune node ROS2 détectée
  CONTAINER  voiture_complete          [REDÉMARRAGE]  (integration_ws_eliot-voiture)
    └─ aucune node ROS2 détectée
  CONTAINER  eliot_arduino_bridge      [ACTIF]  (eliot_arduino_bridge-arduino_bridge)
    ├─ NODE  /arduino_bridge                          [ACTIF]
    └─ NODE  /nav_tunnel_pid_node                     [ACTIF]

━━━━━━━━━━━━━━━━━━━━━━━━━━━━━━━━━━━━━━━━━━━━━━━━━━━━━━━━━━━━
[2026-04-29  09:00:12]
  CONTAINER  objective_ardinghelli     [ÉTEINT]  (eliot_arduino_bridge-arduino_bridge:latest)
    └─ aucune node ROS2 détectée
  CONTAINER  docker_cmdvel             [ACTIF]  (auto_start_eliot-navigation)
    ├─ NODE  /arduino_bridge                          [ACTIF]
    └─ NODE  /nav_tunnel_pid_node                     [ACTIF]
  CONTAINER  node_controller           [CRÉÉ]  (auto_start_eliot-node_controller)
    └─ aucune node ROS2 détectée
  CONTAINER  covaciel_camera           [CRÉÉ]  (auto_start_eliot-camera)
    └─ aucune node ROS2 détectée
  CONTAINER  voiture_complete          [REDÉMARRAGE]  (integration_ws_eliot-voiture)
    └─ aucune node ROS2 détectée
  CONTAINER  eliot_arduino_bridge      [ACTIF]  (eliot_arduino_bridge-arduino_bridge)
    ├─ NODE  /arduino_bridge                          [ACTIF]
    └─ NODE  /nav_tunnel_pid_node                     [ACTIF]

━━━━━━━━━━━━━━━━━━━━━━━━━━━━━━━━━━━━━━━━━━━━━━━━━━━━━━━━━━━━
[2026-04-29  09:00:18]
  CONTAINER  objective_ardinghelli     [ÉTEINT]  (eliot_arduino_bridge-arduino_bridge:latest)
    └─ aucune node ROS2 détectée
  CONTAINER  docker_cmdvel             [ACTIF]  (auto_start_eliot-navigation)
    ├─ NODE  /arduino_bridge                          [ACTIF]
    └─ NODE  /nav_tunnel_pid_node                     [ACTIF]
  CONTAINER  node_controller           [CRÉÉ]  (auto_start_eliot-node_controller)
    └─ aucune node ROS2 détectée
  CONTAINER  covaciel_camera           [CRÉÉ]  (auto_start_eliot-camera)
    └─ aucune node ROS2 détectée
  CONTAINER  voiture_complete          [REDÉMARRAGE]  (integration_ws_eliot-voiture)
    └─ aucune node ROS2 détectée
  CONTAINER  eliot_arduino_bridge      [ACTIF]  (eliot_arduino_bridge-arduino_bridge)
    ├─ NODE  /arduino_bridge                          [ACTIF]
    └─ NODE  /nav_tunnel_pid_node                     [ACTIF]

━━━━━━━━━━━━━━━━━━━━━━━━━━━━━━━━━━━━━━━━━━━━━━━━━━━━━━━━━━━━
[2026-04-29  09:00:25]
  CONTAINER  objective_ardinghelli     [ÉTEINT]  (eliot_arduino_bridge-arduino_bridge:latest)
    └─ aucune node ROS2 détectée
  CONTAINER  docker_cmdvel             [ACTIF]  (auto_start_eliot-navigation)
    ├─ NODE  /arduino_bridge                          [ACTIF]
    └─ NODE  /nav_tunnel_pid_node                     [ACTIF]
  CONTAINER  node_controller           [CRÉÉ]  (auto_start_eliot-node_controller)
    └─ aucune node ROS2 détectée
  CONTAINER  covaciel_camera           [CRÉÉ]  (auto_start_eliot-camera)
    └─ aucune node ROS2 détectée
  CONTAINER  voiture_complete          [REDÉMARRAGE]  (integration_ws_eliot-voiture)
    └─ aucune node ROS2 détectée
  CONTAINER  eliot_arduino_bridge      [ACTIF]  (eliot_arduino_bridge-arduino_bridge)
    ├─ NODE  /arduino_bridge                          [ACTIF]
    └─ NODE  /nav_tunnel_pid_node                     [ACTIF]

━━━━━━━━━━━━━━━━━━━━━━━━━━━━━━━━━━━━━━━━━━━━━━━━━━━━━━━━━━━━
[2026-04-29  09:00:33]
  CONTAINER  objective_ardinghelli     [ÉTEINT]  (eliot_arduino_bridge-arduino_bridge:latest)
    └─ aucune node ROS2 détectée
  CONTAINER  docker_cmdvel             [ACTIF]  (auto_start_eliot-navigation)
    ├─ NODE  /arduino_bridge                          [ACTIF]
    └─ NODE  /nav_tunnel_pid_node                     [ACTIF]
  CONTAINER  node_controller           [CRÉÉ]  (auto_start_eliot-node_controller)
    └─ aucune node ROS2 détectée
  CONTAINER  covaciel_camera           [CRÉÉ]  (auto_start_eliot-camera)
    └─ aucune node ROS2 détectée
  CONTAINER  voiture_complete          [REDÉMARRAGE]  (integration_ws_eliot-voiture)
    └─ aucune node ROS2 détectée
  CONTAINER  eliot_arduino_bridge      [ACTIF]  (eliot_arduino_bridge-arduino_bridge)
    ├─ NODE  /arduino_bridge                          [ACTIF]
    └─ NODE  /nav_tunnel_pid_node                     [ACTIF]

━━━━━━━━━━━━━━━━━━━━━━━━━━━━━━━━━━━━━━━━━━━━━━━━━━━━━━━━━━━━
[2026-04-29  09:00:40]
  CONTAINER  objective_ardinghelli     [ÉTEINT]  (eliot_arduino_bridge-arduino_bridge:latest)
    └─ aucune node ROS2 détectée
  CONTAINER  docker_cmdvel             [ACTIF]  (auto_start_eliot-navigation)
    ├─ NODE  /arduino_bridge                          [ACTIF]
    └─ NODE  /nav_tunnel_pid_node                     [ACTIF]
  CONTAINER  node_controller           [CRÉÉ]  (auto_start_eliot-node_controller)
    └─ aucune node ROS2 détectée
  CONTAINER  covaciel_camera           [CRÉÉ]  (auto_start_eliot-camera)
    └─ aucune node ROS2 détectée
  CONTAINER  voiture_complete          [REDÉMARRAGE]  (integration_ws_eliot-voiture)
    └─ aucune node ROS2 détectée
  CONTAINER  eliot_arduino_bridge      [ACTIF]  (eliot_arduino_bridge-arduino_bridge)
    ├─ NODE  /arduino_bridge                          [ACTIF]
    └─ NODE  /nav_tunnel_pid_node                     [ACTIF]

━━━━━━━━━━━━━━━━━━━━━━━━━━━━━━━━━━━━━━━━━━━━━━━━━━━━━━━━━━━━
[2026-04-29  09:00:47]
  CONTAINER  objective_ardinghelli     [ÉTEINT]  (eliot_arduino_bridge-arduino_bridge:latest)
    └─ aucune node ROS2 détectée
  CONTAINER  docker_cmdvel             [ACTIF]  (auto_start_eliot-navigation)
    ├─ NODE  /arduino_bridge                          [ACTIF]
    └─ NODE  /nav_tunnel_pid_node                     [ACTIF]
  CONTAINER  node_controller           [CRÉÉ]  (auto_start_eliot-node_controller)
    └─ aucune node ROS2 détectée
  CONTAINER  covaciel_camera           [CRÉÉ]  (auto_start_eliot-camera)
    └─ aucune node ROS2 détectée
  CONTAINER  voiture_complete          [REDÉMARRAGE]  (integration_ws_eliot-voiture)
    └─ aucune node ROS2 détectée
  CONTAINER  eliot_arduino_bridge      [ACTIF]  (eliot_arduino_bridge-arduino_bridge)
    ├─ NODE  /arduino_bridge                          [ACTIF]
    └─ NODE  /nav_tunnel_pid_node                     [ACTIF]

━━━━━━━━━━━━━━━━━━━━━━━━━━━━━━━━━━━━━━━━━━━━━━━━━━━━━━━━━━━━
[2026-04-29  09:00:54]
  CONTAINER  objective_ardinghelli     [ÉTEINT]  (eliot_arduino_bridge-arduino_bridge:latest)
    └─ aucune node ROS2 détectée
  CONTAINER  docker_cmdvel             [ACTIF]  (auto_start_eliot-navigation)
    ├─ NODE  /arduino_bridge                          [ACTIF]
    └─ NODE  /nav_tunnel_pid_node                     [ACTIF]
  CONTAINER  node_controller           [CRÉÉ]  (auto_start_eliot-node_controller)
    └─ aucune node ROS2 détectée
  CONTAINER  covaciel_camera           [CRÉÉ]  (auto_start_eliot-camera)
    └─ aucune node ROS2 détectée
  CONTAINER  voiture_complete          [REDÉMARRAGE]  (integration_ws_eliot-voiture)
    └─ aucune node ROS2 détectée
  CONTAINER  eliot_arduino_bridge      [ACTIF]  (eliot_arduino_bridge-arduino_bridge)
    ├─ NODE  /arduino_bridge                          [ACTIF]
    └─ NODE  /nav_tunnel_pid_node                     [ACTIF]

━━━━━━━━━━━━━━━━━━━━━━━━━━━━━━━━━━━━━━━━━━━━━━━━━━━━━━━━━━━━
[2026-04-29  09:01:00]
  CONTAINER  objective_ardinghelli     [ÉTEINT]  (eliot_arduino_bridge-arduino_bridge:latest)
    └─ aucune node ROS2 détectée
  CONTAINER  docker_cmdvel             [ACTIF]  (auto_start_eliot-navigation)
    ├─ NODE  /arduino_bridge                          [ACTIF]
    └─ NODE  /nav_tunnel_pid_node                     [ACTIF]
  CONTAINER  node_controller           [CRÉÉ]  (auto_start_eliot-node_controller)
    └─ aucune node ROS2 détectée
  CONTAINER  covaciel_camera           [CRÉÉ]  (auto_start_eliot-camera)
    └─ aucune node ROS2 détectée
  CONTAINER  voiture_complete          [REDÉMARRAGE]  (integration_ws_eliot-voiture)
    └─ aucune node ROS2 détectée
  CONTAINER  eliot_arduino_bridge      [ACTIF]  (eliot_arduino_bridge-arduino_bridge)
    ├─ NODE  /arduino_bridge                          [ACTIF]
    └─ NODE  /nav_tunnel_pid_node                     [ACTIF]

━━━━━━━━━━━━━━━━━━━━━━━━━━━━━━━━━━━━━━━━━━━━━━━━━━━━━━━━━━━━
[2026-04-29  09:01:07]
  CONTAINER  objective_ardinghelli     [ÉTEINT]  (eliot_arduino_bridge-arduino_bridge:latest)
    └─ aucune node ROS2 détectée
  CONTAINER  docker_cmdvel             [ACTIF]  (auto_start_eliot-navigation)
    ├─ NODE  /arduino_bridge                          [ACTIF]
    └─ NODE  /nav_tunnel_pid_node                     [ACTIF]
  CONTAINER  node_controller           [CRÉÉ]  (auto_start_eliot-node_controller)
    └─ aucune node ROS2 détectée
  CONTAINER  covaciel_camera           [CRÉÉ]  (auto_start_eliot-camera)
    └─ aucune node ROS2 détectée
  CONTAINER  voiture_complete          [REDÉMARRAGE]  (integration_ws_eliot-voiture)
    └─ aucune node ROS2 détectée
  CONTAINER  eliot_arduino_bridge      [ACTIF]  (eliot_arduino_bridge-arduino_bridge)
    ├─ NODE  /arduino_bridge                          [ACTIF]
    └─ NODE  /nav_tunnel_pid_node                     [ACTIF]

━━━━━━━━━━━━━━━━━━━━━━━━━━━━━━━━━━━━━━━━━━━━━━━━━━━━━━━━━━━━
[2026-04-29  09:01:14]
  CONTAINER  objective_ardinghelli     [ÉTEINT]  (eliot_arduino_bridge-arduino_bridge:latest)
    └─ aucune node ROS2 détectée
  CONTAINER  docker_cmdvel             [ACTIF]  (auto_start_eliot-navigation)
    ├─ NODE  /arduino_bridge                          [ACTIF]
    └─ NODE  /nav_tunnel_pid_node                     [ACTIF]
  CONTAINER  node_controller           [CRÉÉ]  (auto_start_eliot-node_controller)
    └─ aucune node ROS2 détectée
  CONTAINER  covaciel_camera           [CRÉÉ]  (auto_start_eliot-camera)
    └─ aucune node ROS2 détectée
  CONTAINER  voiture_complete          [REDÉMARRAGE]  (integration_ws_eliot-voiture)
    └─ aucune node ROS2 détectée
  CONTAINER  eliot_arduino_bridge      [ACTIF]  (eliot_arduino_bridge-arduino_bridge)
    ├─ NODE  /arduino_bridge                          [ACTIF]
    └─ NODE  /nav_tunnel_pid_node                     [ACTIF]

━━━━━━━━━━━━━━━━━━━━━━━━━━━━━━━━━━━━━━━━━━━━━━━━━━━━━━━━━━━━
[2026-04-29  09:01:20]
  CONTAINER  objective_ardinghelli     [ÉTEINT]  (eliot_arduino_bridge-arduino_bridge:latest)
    └─ aucune node ROS2 détectée
  CONTAINER  docker_cmdvel             [ACTIF]  (auto_start_eliot-navigation)
    ├─ NODE  /arduino_bridge                          [ACTIF]
    └─ NODE  /nav_tunnel_pid_node                     [ACTIF]
  CONTAINER  node_controller           [CRÉÉ]  (auto_start_eliot-node_controller)
    └─ aucune node ROS2 détectée
  CONTAINER  covaciel_camera           [CRÉÉ]  (auto_start_eliot-camera)
    └─ aucune node ROS2 détectée
  CONTAINER  voiture_complete          [REDÉMARRAGE]  (integration_ws_eliot-voiture)
    └─ aucune node ROS2 détectée
  CONTAINER  eliot_arduino_bridge      [ACTIF]  (eliot_arduino_bridge-arduino_bridge)
    ├─ NODE  /arduino_bridge                          [ACTIF]
    └─ NODE  /nav_tunnel_pid_node                     [ACTIF]

━━━━━━━━━━━━━━━━━━━━━━━━━━━━━━━━━━━━━━━━━━━━━━━━━━━━━━━━━━━━
[2026-04-29  09:01:26]
  CONTAINER  objective_ardinghelli     [ÉTEINT]  (eliot_arduino_bridge-arduino_bridge:latest)
    └─ aucune node ROS2 détectée
  CONTAINER  docker_cmdvel             [ACTIF]  (auto_start_eliot-navigation)
    ├─ NODE  /arduino_bridge                          [ACTIF]
    └─ NODE  /nav_tunnel_pid_node                     [ACTIF]
  CONTAINER  node_controller           [CRÉÉ]  (auto_start_eliot-node_controller)
    └─ aucune node ROS2 détectée
  CONTAINER  covaciel_camera           [CRÉÉ]  (auto_start_eliot-camera)
    └─ aucune node ROS2 détectée
  CONTAINER  voiture_complete          [REDÉMARRAGE]  (integration_ws_eliot-voiture)
    └─ aucune node ROS2 détectée
  CONTAINER  eliot_arduino_bridge      [ACTIF]  (eliot_arduino_bridge-arduino_bridge)
    ├─ NODE  /arduino_bridge                          [ACTIF]
    └─ NODE  /nav_tunnel_pid_node                     [ACTIF]

━━━━━━━━━━━━━━━━━━━━━━━━━━━━━━━━━━━━━━━━━━━━━━━━━━━━━━━━━━━━
[2026-04-29  09:01:33]
  CONTAINER  objective_ardinghelli     [ÉTEINT]  (eliot_arduino_bridge-arduino_bridge:latest)
    └─ aucune node ROS2 détectée
  CONTAINER  docker_cmdvel             [ACTIF]  (auto_start_eliot-navigation)
    ├─ NODE  /arduino_bridge                          [ACTIF]
    └─ NODE  /nav_tunnel_pid_node                     [ACTIF]
  CONTAINER  node_controller           [CRÉÉ]  (auto_start_eliot-node_controller)
    └─ aucune node ROS2 détectée
  CONTAINER  covaciel_camera           [CRÉÉ]  (auto_start_eliot-camera)
    └─ aucune node ROS2 détectée
  CONTAINER  voiture_complete          [REDÉMARRAGE]  (integration_ws_eliot-voiture)
    └─ aucune node ROS2 détectée
  CONTAINER  eliot_arduino_bridge      [ACTIF]  (eliot_arduino_bridge-arduino_bridge)
    ├─ NODE  /arduino_bridge                          [ACTIF]
    └─ NODE  /nav_tunnel_pid_node                     [ACTIF]

━━━━━━━━━━━━━━━━━━━━━━━━━━━━━━━━━━━━━━━━━━━━━━━━━━━━━━━━━━━━
[2026-04-29  09:01:39]
  CONTAINER  objective_ardinghelli     [ÉTEINT]  (eliot_arduino_bridge-arduino_bridge:latest)
    └─ aucune node ROS2 détectée
  CONTAINER  docker_cmdvel             [ACTIF]  (auto_start_eliot-navigation)
    ├─ NODE  /arduino_bridge                          [ACTIF]
    └─ NODE  /nav_tunnel_pid_node                     [ACTIF]
  CONTAINER  node_controller           [CRÉÉ]  (auto_start_eliot-node_controller)
    └─ aucune node ROS2 détectée
  CONTAINER  covaciel_camera           [CRÉÉ]  (auto_start_eliot-camera)
    └─ aucune node ROS2 détectée
  CONTAINER  voiture_complete          [REDÉMARRAGE]  (integration_ws_eliot-voiture)
    └─ aucune node ROS2 détectée
  CONTAINER  eliot_arduino_bridge      [ACTIF]  (eliot_arduino_bridge-arduino_bridge)
    ├─ NODE  /arduino_bridge                          [ACTIF]
    └─ NODE  /nav_tunnel_pid_node                     [ACTIF]

━━━━━━━━━━━━━━━━━━━━━━━━━━━━━━━━━━━━━━━━━━━━━━━━━━━━━━━━━━━━
[2026-04-29  09:01:45]
  CONTAINER  objective_ardinghelli     [ÉTEINT]  (eliot_arduino_bridge-arduino_bridge:latest)
    └─ aucune node ROS2 détectée
  CONTAINER  docker_cmdvel             [ACTIF]  (auto_start_eliot-navigation)
    ├─ NODE  /arduino_bridge                          [ACTIF]
    └─ NODE  /nav_tunnel_pid_node                     [ACTIF]
  CONTAINER  node_controller           [CRÉÉ]  (auto_start_eliot-node_controller)
    └─ aucune node ROS2 détectée
  CONTAINER  covaciel_camera           [CRÉÉ]  (auto_start_eliot-camera)
    └─ aucune node ROS2 détectée
  CONTAINER  voiture_complete          [REDÉMARRAGE]  (integration_ws_eliot-voiture)
    └─ aucune node ROS2 détectée
  CONTAINER  eliot_arduino_bridge      [ACTIF]  (eliot_arduino_bridge-arduino_bridge)
    ├─ NODE  /arduino_bridge                          [ACTIF]
    └─ NODE  /nav_tunnel_pid_node                     [ACTIF]

━━━━━━━━━━━━━━━━━━━━━━━━━━━━━━━━━━━━━━━━━━━━━━━━━━━━━━━━━━━━
[2026-04-29  09:01:52]
  CONTAINER  objective_ardinghelli     [ÉTEINT]  (eliot_arduino_bridge-arduino_bridge:latest)
    └─ aucune node ROS2 détectée
  CONTAINER  docker_cmdvel             [ACTIF]  (auto_start_eliot-navigation)
    ├─ NODE  /arduino_bridge                          [ACTIF]
    └─ NODE  /nav_tunnel_pid_node                     [ACTIF]
  CONTAINER  node_controller           [CRÉÉ]  (auto_start_eliot-node_controller)
    └─ aucune node ROS2 détectée
  CONTAINER  covaciel_camera           [CRÉÉ]  (auto_start_eliot-camera)
    └─ aucune node ROS2 détectée
  CONTAINER  voiture_complete          [REDÉMARRAGE]  (integration_ws_eliot-voiture)
    └─ aucune node ROS2 détectée
  CONTAINER  eliot_arduino_bridge      [ACTIF]  (eliot_arduino_bridge-arduino_bridge)
    ├─ NODE  /arduino_bridge                          [ACTIF]
    └─ NODE  /nav_tunnel_pid_node                     [ACTIF]

━━━━━━━━━━━━━━━━━━━━━━━━━━━━━━━━━━━━━━━━━━━━━━━━━━━━━━━━━━━━
[2026-04-29  09:01:58]
  CONTAINER  objective_ardinghelli     [ÉTEINT]  (eliot_arduino_bridge-arduino_bridge:latest)
    └─ aucune node ROS2 détectée
  CONTAINER  docker_cmdvel             [ACTIF]  (auto_start_eliot-navigation)
    ├─ NODE  /arduino_bridge                          [ACTIF]
    └─ NODE  /nav_tunnel_pid_node                     [ACTIF]
  CONTAINER  node_controller           [CRÉÉ]  (auto_start_eliot-node_controller)
    └─ aucune node ROS2 détectée
  CONTAINER  covaciel_camera           [CRÉÉ]  (auto_start_eliot-camera)
    └─ aucune node ROS2 détectée
  CONTAINER  voiture_complete          [REDÉMARRAGE]  (integration_ws_eliot-voiture)
    └─ aucune node ROS2 détectée
  CONTAINER  eliot_arduino_bridge      [ACTIF]  (eliot_arduino_bridge-arduino_bridge)
    ├─ NODE  /arduino_bridge                          [ACTIF]
    └─ NODE  /nav_tunnel_pid_node                     [ACTIF]

━━━━━━━━━━━━━━━━━━━━━━━━━━━━━━━━━━━━━━━━━━━━━━━━━━━━━━━━━━━━
[2026-04-29  09:02:04]
  CONTAINER  objective_ardinghelli     [ÉTEINT]  (eliot_arduino_bridge-arduino_bridge:latest)
    └─ aucune node ROS2 détectée
  CONTAINER  docker_cmdvel             [ACTIF]  (auto_start_eliot-navigation)
    ├─ NODE  /arduino_bridge                          [ACTIF]
    └─ NODE  /nav_tunnel_pid_node                     [ACTIF]
  CONTAINER  node_controller           [CRÉÉ]  (auto_start_eliot-node_controller)
    └─ aucune node ROS2 détectée
  CONTAINER  covaciel_camera           [CRÉÉ]  (auto_start_eliot-camera)
    └─ aucune node ROS2 détectée
  CONTAINER  voiture_complete          [REDÉMARRAGE]  (integration_ws_eliot-voiture)
    └─ aucune node ROS2 détectée
  CONTAINER  eliot_arduino_bridge      [ACTIF]  (eliot_arduino_bridge-arduino_bridge)
    ├─ NODE  /arduino_bridge                          [ACTIF]
    └─ NODE  /nav_tunnel_pid_node                     [ACTIF]

━━━━━━━━━━━━━━━━━━━━━━━━━━━━━━━━━━━━━━━━━━━━━━━━━━━━━━━━━━━━
[2026-04-29  09:02:11]
  CONTAINER  objective_ardinghelli     [ÉTEINT]  (eliot_arduino_bridge-arduino_bridge:latest)
    └─ aucune node ROS2 détectée
  CONTAINER  docker_cmdvel             [ACTIF]  (auto_start_eliot-navigation)
    ├─ NODE  /arduino_bridge                          [ACTIF]
    └─ NODE  /nav_tunnel_pid_node                     [ACTIF]
  CONTAINER  node_controller           [CRÉÉ]  (auto_start_eliot-node_controller)
    └─ aucune node ROS2 détectée
  CONTAINER  covaciel_camera           [CRÉÉ]  (auto_start_eliot-camera)
    └─ aucune node ROS2 détectée
  CONTAINER  voiture_complete          [REDÉMARRAGE]  (integration_ws_eliot-voiture)
    └─ aucune node ROS2 détectée
  CONTAINER  eliot_arduino_bridge      [ACTIF]  (eliot_arduino_bridge-arduino_bridge)
    ├─ NODE  /arduino_bridge                          [ACTIF]
    └─ NODE  /nav_tunnel_pid_node                     [ACTIF]

━━━━━━━━━━━━━━━━━━━━━━━━━━━━━━━━━━━━━━━━━━━━━━━━━━━━━━━━━━━━
[2026-04-29  09:02:17]
  CONTAINER  objective_ardinghelli     [ÉTEINT]  (eliot_arduino_bridge-arduino_bridge:latest)
    └─ aucune node ROS2 détectée
  CONTAINER  docker_cmdvel             [ACTIF]  (auto_start_eliot-navigation)
    ├─ NODE  /arduino_bridge                          [ACTIF]
    └─ NODE  /nav_tunnel_pid_node                     [ACTIF]
  CONTAINER  node_controller           [CRÉÉ]  (auto_start_eliot-node_controller)
    └─ aucune node ROS2 détectée
  CONTAINER  covaciel_camera           [CRÉÉ]  (auto_start_eliot-camera)
    └─ aucune node ROS2 détectée
  CONTAINER  voiture_complete          [REDÉMARRAGE]  (integration_ws_eliot-voiture)
    └─ aucune node ROS2 détectée
  CONTAINER  eliot_arduino_bridge      [ACTIF]  (eliot_arduino_bridge-arduino_bridge)
    ├─ NODE  /arduino_bridge                          [ACTIF]
    └─ NODE  /nav_tunnel_pid_node                     [ACTIF]

━━━━━━━━━━━━━━━━━━━━━━━━━━━━━━━━━━━━━━━━━━━━━━━━━━━━━━━━━━━━
[2026-04-29  09:02:24]
  CONTAINER  objective_ardinghelli     [ÉTEINT]  (eliot_arduino_bridge-arduino_bridge:latest)
    └─ aucune node ROS2 détectée
  CONTAINER  docker_cmdvel             [ACTIF]  (auto_start_eliot-navigation)
    ├─ NODE  /arduino_bridge                          [ACTIF]
    └─ NODE  /nav_tunnel_pid_node                     [ACTIF]
  CONTAINER  node_controller           [CRÉÉ]  (auto_start_eliot-node_controller)
    └─ aucune node ROS2 détectée
  CONTAINER  covaciel_camera           [CRÉÉ]  (auto_start_eliot-camera)
    └─ aucune node ROS2 détectée
  CONTAINER  voiture_complete          [REDÉMARRAGE]  (integration_ws_eliot-voiture)
    └─ aucune node ROS2 détectée
  CONTAINER  eliot_arduino_bridge      [ACTIF]  (eliot_arduino_bridge-arduino_bridge)
    ├─ NODE  /arduino_bridge                          [ACTIF]
    └─ NODE  /nav_tunnel_pid_node                     [ACTIF]

━━━━━━━━━━━━━━━━━━━━━━━━━━━━━━━━━━━━━━━━━━━━━━━━━━━━━━━━━━━━
[2026-04-29  09:02:32]
  CONTAINER  objective_ardinghelli     [ÉTEINT]  (eliot_arduino_bridge-arduino_bridge:latest)
    └─ aucune node ROS2 détectée
  CONTAINER  docker_cmdvel             [ACTIF]  (auto_start_eliot-navigation)
    ├─ NODE  /arduino_bridge                          [ACTIF]
    └─ NODE  /nav_tunnel_pid_node                     [ACTIF]
  CONTAINER  node_controller           [CRÉÉ]  (auto_start_eliot-node_controller)
    └─ aucune node ROS2 détectée
  CONTAINER  covaciel_camera           [CRÉÉ]  (auto_start_eliot-camera)
    └─ aucune node ROS2 détectée
  CONTAINER  voiture_complete          [REDÉMARRAGE]  (integration_ws_eliot-voiture)
    └─ aucune node ROS2 détectée
  CONTAINER  eliot_arduino_bridge      [ACTIF]  (eliot_arduino_bridge-arduino_bridge)
    ├─ NODE  /arduino_bridge                          [ACTIF]
    └─ NODE  /nav_tunnel_pid_node                     [ACTIF]

━━━━━━━━━━━━━━━━━━━━━━━━━━━━━━━━━━━━━━━━━━━━━━━━━━━━━━━━━━━━
[2026-04-29  09:02:39]
  CONTAINER  objective_ardinghelli     [ÉTEINT]  (eliot_arduino_bridge-arduino_bridge:latest)
    └─ aucune node ROS2 détectée
  CONTAINER  docker_cmdvel             [ACTIF]  (auto_start_eliot-navigation)
    ├─ NODE  /arduino_bridge                          [ACTIF]
    └─ NODE  /nav_tunnel_pid_node                     [ACTIF]
  CONTAINER  node_controller           [CRÉÉ]  (auto_start_eliot-node_controller)
    └─ aucune node ROS2 détectée
  CONTAINER  covaciel_camera           [CRÉÉ]  (auto_start_eliot-camera)
    └─ aucune node ROS2 détectée
  CONTAINER  voiture_complete          [REDÉMARRAGE]  (integration_ws_eliot-voiture)
    └─ aucune node ROS2 détectée
  CONTAINER  eliot_arduino_bridge      [ACTIF]  (eliot_arduino_bridge-arduino_bridge)
    ├─ NODE  /arduino_bridge                          [ACTIF]
    └─ NODE  /nav_tunnel_pid_node                     [ACTIF]

━━━━━━━━━━━━━━━━━━━━━━━━━━━━━━━━━━━━━━━━━━━━━━━━━━━━━━━━━━━━
[2026-04-29  09:02:46]
  CONTAINER  objective_ardinghelli     [ÉTEINT]  (eliot_arduino_bridge-arduino_bridge:latest)
    └─ aucune node ROS2 détectée
  CONTAINER  docker_cmdvel             [ACTIF]  (auto_start_eliot-navigation)
    ├─ NODE  /arduino_bridge                          [ACTIF]
    └─ NODE  /nav_tunnel_pid_node                     [ACTIF]
  CONTAINER  node_controller           [CRÉÉ]  (auto_start_eliot-node_controller)
    └─ aucune node ROS2 détectée
  CONTAINER  covaciel_camera           [CRÉÉ]  (auto_start_eliot-camera)
    └─ aucune node ROS2 détectée
  CONTAINER  voiture_complete          [REDÉMARRAGE]  (integration_ws_eliot-voiture)
    └─ aucune node ROS2 détectée
  CONTAINER  eliot_arduino_bridge      [ACTIF]  (eliot_arduino_bridge-arduino_bridge)
    ├─ NODE  /arduino_bridge                          [ACTIF]
    └─ NODE  /nav_tunnel_pid_node                     [ACTIF]

━━━━━━━━━━━━━━━━━━━━━━━━━━━━━━━━━━━━━━━━━━━━━━━━━━━━━━━━━━━━
[2026-04-29  09:02:53]
  CONTAINER  objective_ardinghelli     [ÉTEINT]  (eliot_arduino_bridge-arduino_bridge:latest)
    └─ aucune node ROS2 détectée
  CONTAINER  docker_cmdvel             [ACTIF]  (auto_start_eliot-navigation)
    ├─ NODE  /arduino_bridge                          [ACTIF]
    └─ NODE  /nav_tunnel_pid_node                     [ACTIF]
  CONTAINER  node_controller           [CRÉÉ]  (auto_start_eliot-node_controller)
    └─ aucune node ROS2 détectée
  CONTAINER  covaciel_camera           [CRÉÉ]  (auto_start_eliot-camera)
    └─ aucune node ROS2 détectée
  CONTAINER  voiture_complete          [REDÉMARRAGE]  (integration_ws_eliot-voiture)
    └─ aucune node ROS2 détectée
  CONTAINER  eliot_arduino_bridge      [ACTIF]  (eliot_arduino_bridge-arduino_bridge)
    ├─ NODE  /arduino_bridge                          [ACTIF]
    └─ NODE  /nav_tunnel_pid_node                     [ACTIF]

━━━━━━━━━━━━━━━━━━━━━━━━━━━━━━━━━━━━━━━━━━━━━━━━━━━━━━━━━━━━
[2026-04-29  09:02:59]
  CONTAINER  objective_ardinghelli     [ÉTEINT]  (eliot_arduino_bridge-arduino_bridge:latest)
    └─ aucune node ROS2 détectée
  CONTAINER  docker_cmdvel             [ACTIF]  (auto_start_eliot-navigation)
    ├─ NODE  /arduino_bridge                          [ACTIF]
    └─ NODE  /nav_tunnel_pid_node                     [ACTIF]
  CONTAINER  node_controller           [CRÉÉ]  (auto_start_eliot-node_controller)
    └─ aucune node ROS2 détectée
  CONTAINER  covaciel_camera           [CRÉÉ]  (auto_start_eliot-camera)
    └─ aucune node ROS2 détectée
  CONTAINER  voiture_complete          [REDÉMARRAGE]  (integration_ws_eliot-voiture)
    └─ aucune node ROS2 détectée
  CONTAINER  eliot_arduino_bridge      [ACTIF]  (eliot_arduino_bridge-arduino_bridge)
    ├─ NODE  /arduino_bridge                          [ACTIF]
    └─ NODE  /nav_tunnel_pid_node                     [ACTIF]

━━━━━━━━━━━━━━━━━━━━━━━━━━━━━━━━━━━━━━━━━━━━━━━━━━━━━━━━━━━━
[2026-04-29  09:03:06]
  CONTAINER  objective_ardinghelli     [ÉTEINT]  (eliot_arduino_bridge-arduino_bridge:latest)
    └─ aucune node ROS2 détectée
  CONTAINER  docker_cmdvel             [ACTIF]  (auto_start_eliot-navigation)
    ├─ NODE  /arduino_bridge                          [ACTIF]
    └─ NODE  /nav_tunnel_pid_node                     [ACTIF]
  CONTAINER  node_controller           [CRÉÉ]  (auto_start_eliot-node_controller)
    └─ aucune node ROS2 détectée
  CONTAINER  covaciel_camera           [CRÉÉ]  (auto_start_eliot-camera)
    └─ aucune node ROS2 détectée
  CONTAINER  voiture_complete          [REDÉMARRAGE]  (integration_ws_eliot-voiture)
    └─ aucune node ROS2 détectée
  CONTAINER  eliot_arduino_bridge      [ACTIF]  (eliot_arduino_bridge-arduino_bridge)
    ├─ NODE  /arduino_bridge                          [ACTIF]
    └─ NODE  /nav_tunnel_pid_node                     [ACTIF]

━━━━━━━━━━━━━━━━━━━━━━━━━━━━━━━━━━━━━━━━━━━━━━━━━━━━━━━━━━━━
[2026-04-29  09:03:12]
  CONTAINER  objective_ardinghelli     [ÉTEINT]  (eliot_arduino_bridge-arduino_bridge:latest)
    └─ aucune node ROS2 détectée
  CONTAINER  docker_cmdvel             [ACTIF]  (auto_start_eliot-navigation)
    ├─ NODE  /arduino_bridge                          [ACTIF]
    └─ NODE  /nav_tunnel_pid_node                     [ACTIF]
  CONTAINER  node_controller           [CRÉÉ]  (auto_start_eliot-node_controller)
    └─ aucune node ROS2 détectée
  CONTAINER  covaciel_camera           [CRÉÉ]  (auto_start_eliot-camera)
    └─ aucune node ROS2 détectée
  CONTAINER  voiture_complete          [REDÉMARRAGE]  (integration_ws_eliot-voiture)
    └─ aucune node ROS2 détectée
  CONTAINER  eliot_arduino_bridge      [ACTIF]  (eliot_arduino_bridge-arduino_bridge)
    ├─ NODE  /arduino_bridge                          [ACTIF]
    └─ NODE  /nav_tunnel_pid_node                     [ACTIF]

━━━━━━━━━━━━━━━━━━━━━━━━━━━━━━━━━━━━━━━━━━━━━━━━━━━━━━━━━━━━
[2026-04-29  09:03:19]
  CONTAINER  objective_ardinghelli     [ÉTEINT]  (eliot_arduino_bridge-arduino_bridge:latest)
    └─ aucune node ROS2 détectée
  CONTAINER  docker_cmdvel             [ACTIF]  (auto_start_eliot-navigation)
    ├─ NODE  /arduino_bridge                          [ACTIF]
    └─ NODE  /nav_tunnel_pid_node                     [ACTIF]
  CONTAINER  node_controller           [CRÉÉ]  (auto_start_eliot-node_controller)
    └─ aucune node ROS2 détectée
  CONTAINER  covaciel_camera           [CRÉÉ]  (auto_start_eliot-camera)
    └─ aucune node ROS2 détectée
  CONTAINER  voiture_complete          [REDÉMARRAGE]  (integration_ws_eliot-voiture)
    └─ aucune node ROS2 détectée
  CONTAINER  eliot_arduino_bridge      [ACTIF]  (eliot_arduino_bridge-arduino_bridge)
    ├─ NODE  /arduino_bridge                          [ACTIF]
    └─ NODE  /nav_tunnel_pid_node                     [ACTIF]

━━━━━━━━━━━━━━━━━━━━━━━━━━━━━━━━━━━━━━━━━━━━━━━━━━━━━━━━━━━━
[2026-04-29  09:03:26]
  CONTAINER  objective_ardinghelli     [ÉTEINT]  (eliot_arduino_bridge-arduino_bridge:latest)
    └─ aucune node ROS2 détectée
  CONTAINER  docker_cmdvel             [ACTIF]  (auto_start_eliot-navigation)
    ├─ NODE  /arduino_bridge                          [ACTIF]
    └─ NODE  /nav_tunnel_pid_node                     [ACTIF]
  CONTAINER  node_controller           [CRÉÉ]  (auto_start_eliot-node_controller)
    └─ aucune node ROS2 détectée
  CONTAINER  covaciel_camera           [CRÉÉ]  (auto_start_eliot-camera)
    └─ aucune node ROS2 détectée
  CONTAINER  voiture_complete          [REDÉMARRAGE]  (integration_ws_eliot-voiture)
    └─ aucune node ROS2 détectée
  CONTAINER  eliot_arduino_bridge      [ACTIF]  (eliot_arduino_bridge-arduino_bridge)
    ├─ NODE  /arduino_bridge                          [ACTIF]
    └─ NODE  /nav_tunnel_pid_node                     [ACTIF]

━━━━━━━━━━━━━━━━━━━━━━━━━━━━━━━━━━━━━━━━━━━━━━━━━━━━━━━━━━━━
[2026-04-29  09:03:32]
  CONTAINER  objective_ardinghelli     [ÉTEINT]  (eliot_arduino_bridge-arduino_bridge:latest)
    └─ aucune node ROS2 détectée
  CONTAINER  docker_cmdvel             [ACTIF]  (auto_start_eliot-navigation)
    ├─ NODE  /arduino_bridge                          [ACTIF]
    └─ NODE  /nav_tunnel_pid_node                     [ACTIF]
  CONTAINER  node_controller           [CRÉÉ]  (auto_start_eliot-node_controller)
    └─ aucune node ROS2 détectée
  CONTAINER  covaciel_camera           [CRÉÉ]  (auto_start_eliot-camera)
    └─ aucune node ROS2 détectée
  CONTAINER  voiture_complete          [REDÉMARRAGE]  (integration_ws_eliot-voiture)
    └─ aucune node ROS2 détectée
  CONTAINER  eliot_arduino_bridge      [ACTIF]  (eliot_arduino_bridge-arduino_bridge)
    ├─ NODE  /arduino_bridge                          [ACTIF]
    └─ NODE  /nav_tunnel_pid_node                     [ACTIF]

━━━━━━━━━━━━━━━━━━━━━━━━━━━━━━━━━━━━━━━━━━━━━━━━━━━━━━━━━━━━
[2026-04-29  09:03:39]
  CONTAINER  objective_ardinghelli     [ÉTEINT]  (eliot_arduino_bridge-arduino_bridge:latest)
    └─ aucune node ROS2 détectée
  CONTAINER  docker_cmdvel             [ACTIF]  (auto_start_eliot-navigation)
    ├─ NODE  /arduino_bridge                          [ACTIF]
    └─ NODE  /nav_tunnel_pid_node                     [ACTIF]
  CONTAINER  node_controller           [CRÉÉ]  (auto_start_eliot-node_controller)
    └─ aucune node ROS2 détectée
  CONTAINER  covaciel_camera           [CRÉÉ]  (auto_start_eliot-camera)
    └─ aucune node ROS2 détectée
  CONTAINER  voiture_complete          [REDÉMARRAGE]  (integration_ws_eliot-voiture)
    └─ aucune node ROS2 détectée
  CONTAINER  eliot_arduino_bridge      [ACTIF]  (eliot_arduino_bridge-arduino_bridge)
    ├─ NODE  /arduino_bridge                          [ACTIF]
    └─ NODE  /nav_tunnel_pid_node                     [ACTIF]

━━━━━━━━━━━━━━━━━━━━━━━━━━━━━━━━━━━━━━━━━━━━━━━━━━━━━━━━━━━━
[2026-04-29  09:03:46]
  CONTAINER  objective_ardinghelli     [ÉTEINT]  (eliot_arduino_bridge-arduino_bridge:latest)
    └─ aucune node ROS2 détectée
  CONTAINER  docker_cmdvel             [ACTIF]  (auto_start_eliot-navigation)
    ├─ NODE  /arduino_bridge                          [ACTIF]
    └─ NODE  /nav_tunnel_pid_node                     [ACTIF]
  CONTAINER  node_controller           [CRÉÉ]  (auto_start_eliot-node_controller)
    └─ aucune node ROS2 détectée
  CONTAINER  covaciel_camera           [CRÉÉ]  (auto_start_eliot-camera)
    └─ aucune node ROS2 détectée
  CONTAINER  voiture_complete          [ACTIF]  (integration_ws_eliot-voiture)
    └─ aucune node ROS2 détectée
  CONTAINER  eliot_arduino_bridge      [ACTIF]  (eliot_arduino_bridge-arduino_bridge)
    ├─ NODE  /arduino_bridge                          [ACTIF]
    └─ NODE  /nav_tunnel_pid_node                     [ACTIF]

━━━━━━━━━━━━━━━━━━━━━━━━━━━━━━━━━━━━━━━━━━━━━━━━━━━━━━━━━━━━
[2026-04-29  09:03:53]
  CONTAINER  objective_ardinghelli     [ÉTEINT]  (eliot_arduino_bridge-arduino_bridge:latest)
    └─ aucune node ROS2 détectée
  CONTAINER  docker_cmdvel             [ACTIF]  (auto_start_eliot-navigation)
    ├─ NODE  /arduino_bridge                          [ACTIF]
    └─ NODE  /nav_tunnel_pid_node                     [ACTIF]
  CONTAINER  node_controller           [CRÉÉ]  (auto_start_eliot-node_controller)
    └─ aucune node ROS2 détectée
  CONTAINER  covaciel_camera           [CRÉÉ]  (auto_start_eliot-camera)
    └─ aucune node ROS2 détectée
  CONTAINER  voiture_complete          [REDÉMARRAGE]  (integration_ws_eliot-voiture)
    └─ aucune node ROS2 détectée
  CONTAINER  eliot_arduino_bridge      [ACTIF]  (eliot_arduino_bridge-arduino_bridge)
    ├─ NODE  /arduino_bridge                          [ACTIF]
    └─ NODE  /nav_tunnel_pid_node                     [ACTIF]

━━━━━━━━━━━━━━━━━━━━━━━━━━━━━━━━━━━━━━━━━━━━━━━━━━━━━━━━━━━━
[2026-04-29  09:03:59]
  CONTAINER  objective_ardinghelli     [ÉTEINT]  (eliot_arduino_bridge-arduino_bridge:latest)
    └─ aucune node ROS2 détectée
  CONTAINER  docker_cmdvel             [ACTIF]  (auto_start_eliot-navigation)
    ├─ NODE  /arduino_bridge                          [ACTIF]
    └─ NODE  /nav_tunnel_pid_node                     [ACTIF]
  CONTAINER  node_controller           [CRÉÉ]  (auto_start_eliot-node_controller)
    └─ aucune node ROS2 détectée
  CONTAINER  covaciel_camera           [CRÉÉ]  (auto_start_eliot-camera)
    └─ aucune node ROS2 détectée
  CONTAINER  voiture_complete          [REDÉMARRAGE]  (integration_ws_eliot-voiture)
    └─ aucune node ROS2 détectée
  CONTAINER  eliot_arduino_bridge      [ACTIF]  (eliot_arduino_bridge-arduino_bridge)
    ├─ NODE  /arduino_bridge                          [ACTIF]
    └─ NODE  /nav_tunnel_pid_node                     [ACTIF]

━━━━━━━━━━━━━━━━━━━━━━━━━━━━━━━━━━━━━━━━━━━━━━━━━━━━━━━━━━━━
[2026-04-29  09:04:06]
  CONTAINER  objective_ardinghelli     [ÉTEINT]  (eliot_arduino_bridge-arduino_bridge:latest)
    └─ aucune node ROS2 détectée
  CONTAINER  docker_cmdvel             [ACTIF]  (auto_start_eliot-navigation)
    ├─ NODE  /arduino_bridge                          [ACTIF]
    └─ NODE  /nav_tunnel_pid_node                     [ACTIF]
  CONTAINER  node_controller           [CRÉÉ]  (auto_start_eliot-node_controller)
    └─ aucune node ROS2 détectée
  CONTAINER  covaciel_camera           [CRÉÉ]  (auto_start_eliot-camera)
    └─ aucune node ROS2 détectée
  CONTAINER  voiture_complete          [REDÉMARRAGE]  (integration_ws_eliot-voiture)
    └─ aucune node ROS2 détectée
  CONTAINER  eliot_arduino_bridge      [ACTIF]  (eliot_arduino_bridge-arduino_bridge)
    ├─ NODE  /arduino_bridge                          [ACTIF]
    └─ NODE  /nav_tunnel_pid_node                     [ACTIF]

━━━━━━━━━━━━━━━━━━━━━━━━━━━━━━━━━━━━━━━━━━━━━━━━━━━━━━━━━━━━
[2026-04-29  09:04:13]
  CONTAINER  objective_ardinghelli     [ÉTEINT]  (eliot_arduino_bridge-arduino_bridge:latest)
    └─ aucune node ROS2 détectée
  CONTAINER  docker_cmdvel             [ACTIF]  (auto_start_eliot-navigation)
    ├─ NODE  /arduino_bridge                          [ACTIF]
    └─ NODE  /nav_tunnel_pid_node                     [ACTIF]
  CONTAINER  node_controller           [CRÉÉ]  (auto_start_eliot-node_controller)
    └─ aucune node ROS2 détectée
  CONTAINER  covaciel_camera           [CRÉÉ]  (auto_start_eliot-camera)
    └─ aucune node ROS2 détectée
  CONTAINER  voiture_complete          [REDÉMARRAGE]  (integration_ws_eliot-voiture)
    └─ aucune node ROS2 détectée
  CONTAINER  eliot_arduino_bridge      [ACTIF]  (eliot_arduino_bridge-arduino_bridge)
    ├─ NODE  /arduino_bridge                          [ACTIF]
    └─ NODE  /nav_tunnel_pid_node                     [ACTIF]

━━━━━━━━━━━━━━━━━━━━━━━━━━━━━━━━━━━━━━━━━━━━━━━━━━━━━━━━━━━━
[2026-04-29  09:04:19]
  CONTAINER  objective_ardinghelli     [ÉTEINT]  (eliot_arduino_bridge-arduino_bridge:latest)
    └─ aucune node ROS2 détectée
  CONTAINER  docker_cmdvel             [ACTIF]  (auto_start_eliot-navigation)
    ├─ NODE  /arduino_bridge                          [ACTIF]
    └─ NODE  /nav_tunnel_pid_node                     [ACTIF]
  CONTAINER  node_controller           [CRÉÉ]  (auto_start_eliot-node_controller)
    └─ aucune node ROS2 détectée
  CONTAINER  covaciel_camera           [CRÉÉ]  (auto_start_eliot-camera)
    └─ aucune node ROS2 détectée
  CONTAINER  voiture_complete          [REDÉMARRAGE]  (integration_ws_eliot-voiture)
    └─ aucune node ROS2 détectée
  CONTAINER  eliot_arduino_bridge      [ACTIF]  (eliot_arduino_bridge-arduino_bridge)
    ├─ NODE  /arduino_bridge                          [ACTIF]
    └─ NODE  /nav_tunnel_pid_node                     [ACTIF]

━━━━━━━━━━━━━━━━━━━━━━━━━━━━━━━━━━━━━━━━━━━━━━━━━━━━━━━━━━━━
[2026-04-29  09:04:26]
  CONTAINER  objective_ardinghelli     [ÉTEINT]  (eliot_arduino_bridge-arduino_bridge:latest)
    └─ aucune node ROS2 détectée
  CONTAINER  docker_cmdvel             [ACTIF]  (auto_start_eliot-navigation)
    ├─ NODE  /arduino_bridge                          [ACTIF]
    └─ NODE  /nav_tunnel_pid_node                     [ACTIF]
  CONTAINER  node_controller           [CRÉÉ]  (auto_start_eliot-node_controller)
    └─ aucune node ROS2 détectée
  CONTAINER  covaciel_camera           [CRÉÉ]  (auto_start_eliot-camera)
    └─ aucune node ROS2 détectée
  CONTAINER  voiture_complete          [REDÉMARRAGE]  (integration_ws_eliot-voiture)
    └─ aucune node ROS2 détectée
  CONTAINER  eliot_arduino_bridge      [ACTIF]  (eliot_arduino_bridge-arduino_bridge)
    ├─ NODE  /arduino_bridge                          [ACTIF]
    └─ NODE  /nav_tunnel_pid_node                     [ACTIF]

━━━━━━━━━━━━━━━━━━━━━━━━━━━━━━━━━━━━━━━━━━━━━━━━━━━━━━━━━━━━
[2026-04-29  09:04:32]
  CONTAINER  objective_ardinghelli     [ÉTEINT]  (eliot_arduino_bridge-arduino_bridge:latest)
    └─ aucune node ROS2 détectée
  CONTAINER  docker_cmdvel             [ACTIF]  (auto_start_eliot-navigation)
    ├─ NODE  /arduino_bridge                          [ACTIF]
    └─ NODE  /nav_tunnel_pid_node                     [ACTIF]
  CONTAINER  node_controller           [CRÉÉ]  (auto_start_eliot-node_controller)
    └─ aucune node ROS2 détectée
  CONTAINER  covaciel_camera           [CRÉÉ]  (auto_start_eliot-camera)
    └─ aucune node ROS2 détectée
  CONTAINER  voiture_complete          [REDÉMARRAGE]  (integration_ws_eliot-voiture)
    └─ aucune node ROS2 détectée
  CONTAINER  eliot_arduino_bridge      [ACTIF]  (eliot_arduino_bridge-arduino_bridge)
    ├─ NODE  /arduino_bridge                          [ACTIF]
    └─ NODE  /nav_tunnel_pid_node                     [ACTIF]

━━━━━━━━━━━━━━━━━━━━━━━━━━━━━━━━━━━━━━━━━━━━━━━━━━━━━━━━━━━━
[2026-04-29  09:04:38]
  CONTAINER  objective_ardinghelli     [ÉTEINT]  (eliot_arduino_bridge-arduino_bridge:latest)
    └─ aucune node ROS2 détectée
  CONTAINER  docker_cmdvel             [ACTIF]  (auto_start_eliot-navigation)
    ├─ NODE  /arduino_bridge                          [ACTIF]
    └─ NODE  /nav_tunnel_pid_node                     [ACTIF]
  CONTAINER  node_controller           [CRÉÉ]  (auto_start_eliot-node_controller)
    └─ aucune node ROS2 détectée
  CONTAINER  covaciel_camera           [CRÉÉ]  (auto_start_eliot-camera)
    └─ aucune node ROS2 détectée
  CONTAINER  voiture_complete          [REDÉMARRAGE]  (integration_ws_eliot-voiture)
    └─ aucune node ROS2 détectée
  CONTAINER  eliot_arduino_bridge      [ACTIF]  (eliot_arduino_bridge-arduino_bridge)
    ├─ NODE  /arduino_bridge                          [ACTIF]
    └─ NODE  /nav_tunnel_pid_node                     [ACTIF]

━━━━━━━━━━━━━━━━━━━━━━━━━━━━━━━━━━━━━━━━━━━━━━━━━━━━━━━━━━━━
[2026-04-29  09:04:45]
  CONTAINER  objective_ardinghelli     [ÉTEINT]  (eliot_arduino_bridge-arduino_bridge:latest)
    └─ aucune node ROS2 détectée
  CONTAINER  docker_cmdvel             [ACTIF]  (auto_start_eliot-navigation)
    ├─ NODE  /arduino_bridge                          [ACTIF]
    └─ NODE  /nav_tunnel_pid_node                     [ACTIF]
  CONTAINER  node_controller           [CRÉÉ]  (auto_start_eliot-node_controller)
    └─ aucune node ROS2 détectée
  CONTAINER  covaciel_camera           [CRÉÉ]  (auto_start_eliot-camera)
    └─ aucune node ROS2 détectée
  CONTAINER  voiture_complete          [REDÉMARRAGE]  (integration_ws_eliot-voiture)
    └─ aucune node ROS2 détectée
  CONTAINER  eliot_arduino_bridge      [ACTIF]  (eliot_arduino_bridge-arduino_bridge)
    ├─ NODE  /arduino_bridge                          [ACTIF]
    └─ NODE  /nav_tunnel_pid_node                     [ACTIF]

━━━━━━━━━━━━━━━━━━━━━━━━━━━━━━━━━━━━━━━━━━━━━━━━━━━━━━━━━━━━
[2026-04-29  09:04:51]
  CONTAINER  objective_ardinghelli     [ÉTEINT]  (eliot_arduino_bridge-arduino_bridge:latest)
    └─ aucune node ROS2 détectée
  CONTAINER  docker_cmdvel             [ACTIF]  (auto_start_eliot-navigation)
    ├─ NODE  /arduino_bridge                          [ACTIF]
    └─ NODE  /nav_tunnel_pid_node                     [ACTIF]
  CONTAINER  node_controller           [CRÉÉ]  (auto_start_eliot-node_controller)
    └─ aucune node ROS2 détectée
  CONTAINER  covaciel_camera           [CRÉÉ]  (auto_start_eliot-camera)
    └─ aucune node ROS2 détectée
  CONTAINER  voiture_complete          [REDÉMARRAGE]  (integration_ws_eliot-voiture)
    └─ aucune node ROS2 détectée
  CONTAINER  eliot_arduino_bridge      [ACTIF]  (eliot_arduino_bridge-arduino_bridge)
    ├─ NODE  /arduino_bridge                          [ACTIF]
    └─ NODE  /nav_tunnel_pid_node                     [ACTIF]

━━━━━━━━━━━━━━━━━━━━━━━━━━━━━━━━━━━━━━━━━━━━━━━━━━━━━━━━━━━━
[2026-04-29  09:04:57]
  CONTAINER  objective_ardinghelli     [ÉTEINT]  (eliot_arduino_bridge-arduino_bridge:latest)
    └─ aucune node ROS2 détectée
  CONTAINER  docker_cmdvel             [ACTIF]  (auto_start_eliot-navigation)
    ├─ NODE  /arduino_bridge                          [ACTIF]
    └─ NODE  /nav_tunnel_pid_node                     [ACTIF]
  CONTAINER  node_controller           [CRÉÉ]  (auto_start_eliot-node_controller)
    └─ aucune node ROS2 détectée
  CONTAINER  covaciel_camera           [CRÉÉ]  (auto_start_eliot-camera)
    └─ aucune node ROS2 détectée
  CONTAINER  voiture_complete          [REDÉMARRAGE]  (integration_ws_eliot-voiture)
    └─ aucune node ROS2 détectée
  CONTAINER  eliot_arduino_bridge      [ACTIF]  (eliot_arduino_bridge-arduino_bridge)
    ├─ NODE  /arduino_bridge                          [ACTIF]
    └─ NODE  /nav_tunnel_pid_node                     [ACTIF]

━━━━━━━━━━━━━━━━━━━━━━━━━━━━━━━━━━━━━━━━━━━━━━━━━━━━━━━━━━━━
[2026-04-29  09:05:04]
  CONTAINER  objective_ardinghelli     [ÉTEINT]  (eliot_arduino_bridge-arduino_bridge:latest)
    └─ aucune node ROS2 détectée
  CONTAINER  docker_cmdvel             [ACTIF]  (auto_start_eliot-navigation)
    ├─ NODE  /arduino_bridge                          [ACTIF]
    └─ NODE  /nav_tunnel_pid_node                     [ACTIF]
  CONTAINER  node_controller           [CRÉÉ]  (auto_start_eliot-node_controller)
    └─ aucune node ROS2 détectée
  CONTAINER  covaciel_camera           [CRÉÉ]  (auto_start_eliot-camera)
    └─ aucune node ROS2 détectée
  CONTAINER  voiture_complete          [REDÉMARRAGE]  (integration_ws_eliot-voiture)
    └─ aucune node ROS2 détectée
  CONTAINER  eliot_arduino_bridge      [ACTIF]  (eliot_arduino_bridge-arduino_bridge)
    ├─ NODE  /arduino_bridge                          [ACTIF]
    └─ NODE  /nav_tunnel_pid_node                     [ACTIF]

━━━━━━━━━━━━━━━━━━━━━━━━━━━━━━━━━━━━━━━━━━━━━━━━━━━━━━━━━━━━
[2026-04-29  09:05:10]
  CONTAINER  objective_ardinghelli     [ÉTEINT]  (eliot_arduino_bridge-arduino_bridge:latest)
    └─ aucune node ROS2 détectée
  CONTAINER  docker_cmdvel             [ACTIF]  (auto_start_eliot-navigation)
    ├─ NODE  /arduino_bridge                          [ACTIF]
    └─ NODE  /nav_tunnel_pid_node                     [ACTIF]
  CONTAINER  node_controller           [CRÉÉ]  (auto_start_eliot-node_controller)
    └─ aucune node ROS2 détectée
  CONTAINER  covaciel_camera           [CRÉÉ]  (auto_start_eliot-camera)
    └─ aucune node ROS2 détectée
  CONTAINER  voiture_complete          [REDÉMARRAGE]  (integration_ws_eliot-voiture)
    └─ aucune node ROS2 détectée
  CONTAINER  eliot_arduino_bridge      [ACTIF]  (eliot_arduino_bridge-arduino_bridge)
    ├─ NODE  /arduino_bridge                          [ACTIF]
    └─ NODE  /nav_tunnel_pid_node                     [ACTIF]

━━━━━━━━━━━━━━━━━━━━━━━━━━━━━━━━━━━━━━━━━━━━━━━━━━━━━━━━━━━━
[2026-04-29  09:05:17]
  CONTAINER  objective_ardinghelli     [ÉTEINT]  (eliot_arduino_bridge-arduino_bridge:latest)
    └─ aucune node ROS2 détectée
  CONTAINER  docker_cmdvel             [ACTIF]  (auto_start_eliot-navigation)
    ├─ NODE  /arduino_bridge                          [ACTIF]
    └─ NODE  /nav_tunnel_pid_node                     [ACTIF]
  CONTAINER  node_controller           [CRÉÉ]  (auto_start_eliot-node_controller)
    └─ aucune node ROS2 détectée
  CONTAINER  covaciel_camera           [CRÉÉ]  (auto_start_eliot-camera)
    └─ aucune node ROS2 détectée
  CONTAINER  voiture_complete          [REDÉMARRAGE]  (integration_ws_eliot-voiture)
    └─ aucune node ROS2 détectée
  CONTAINER  eliot_arduino_bridge      [ACTIF]  (eliot_arduino_bridge-arduino_bridge)
    ├─ NODE  /arduino_bridge                          [ACTIF]
    └─ NODE  /nav_tunnel_pid_node                     [ACTIF]

━━━━━━━━━━━━━━━━━━━━━━━━━━━━━━━━━━━━━━━━━━━━━━━━━━━━━━━━━━━━
[2026-04-29  09:05:23]
  CONTAINER  objective_ardinghelli     [ÉTEINT]  (eliot_arduino_bridge-arduino_bridge:latest)
    └─ aucune node ROS2 détectée
  CONTAINER  docker_cmdvel             [ACTIF]  (auto_start_eliot-navigation)
    ├─ NODE  /arduino_bridge                          [ACTIF]
    └─ NODE  /nav_tunnel_pid_node                     [ACTIF]
  CONTAINER  node_controller           [CRÉÉ]  (auto_start_eliot-node_controller)
    └─ aucune node ROS2 détectée
  CONTAINER  covaciel_camera           [CRÉÉ]  (auto_start_eliot-camera)
    └─ aucune node ROS2 détectée
  CONTAINER  voiture_complete          [REDÉMARRAGE]  (integration_ws_eliot-voiture)
    └─ aucune node ROS2 détectée
  CONTAINER  eliot_arduino_bridge      [ACTIF]  (eliot_arduino_bridge-arduino_bridge)
    ├─ NODE  /arduino_bridge                          [ACTIF]
    └─ NODE  /nav_tunnel_pid_node                     [ACTIF]

━━━━━━━━━━━━━━━━━━━━━━━━━━━━━━━━━━━━━━━━━━━━━━━━━━━━━━━━━━━━
[2026-04-29  09:05:29]
  CONTAINER  objective_ardinghelli     [ÉTEINT]  (eliot_arduino_bridge-arduino_bridge:latest)
    └─ aucune node ROS2 détectée
  CONTAINER  docker_cmdvel             [ACTIF]  (auto_start_eliot-navigation)
    ├─ NODE  /arduino_bridge                          [ACTIF]
    └─ NODE  /nav_tunnel_pid_node                     [ACTIF]
  CONTAINER  node_controller           [CRÉÉ]  (auto_start_eliot-node_controller)
    └─ aucune node ROS2 détectée
  CONTAINER  covaciel_camera           [CRÉÉ]  (auto_start_eliot-camera)
    └─ aucune node ROS2 détectée
  CONTAINER  voiture_complete          [REDÉMARRAGE]  (integration_ws_eliot-voiture)
    └─ aucune node ROS2 détectée
  CONTAINER  eliot_arduino_bridge      [ACTIF]  (eliot_arduino_bridge-arduino_bridge)
    ├─ NODE  /arduino_bridge                          [ACTIF]
    └─ NODE  /nav_tunnel_pid_node                     [ACTIF]

━━━━━━━━━━━━━━━━━━━━━━━━━━━━━━━━━━━━━━━━━━━━━━━━━━━━━━━━━━━━
[2026-04-29  09:05:35]
  CONTAINER  objective_ardinghelli     [ÉTEINT]  (eliot_arduino_bridge-arduino_bridge:latest)
    └─ aucune node ROS2 détectée
  CONTAINER  docker_cmdvel             [ACTIF]  (auto_start_eliot-navigation)
    ├─ NODE  /arduino_bridge                          [ACTIF]
    └─ NODE  /nav_tunnel_pid_node                     [ACTIF]
  CONTAINER  node_controller           [CRÉÉ]  (auto_start_eliot-node_controller)
    └─ aucune node ROS2 détectée
  CONTAINER  covaciel_camera           [CRÉÉ]  (auto_start_eliot-camera)
    └─ aucune node ROS2 détectée
  CONTAINER  voiture_complete          [REDÉMARRAGE]  (integration_ws_eliot-voiture)
    └─ aucune node ROS2 détectée
  CONTAINER  eliot_arduino_bridge      [ACTIF]  (eliot_arduino_bridge-arduino_bridge)
    ├─ NODE  /arduino_bridge                          [ACTIF]
    └─ NODE  /nav_tunnel_pid_node                     [ACTIF]

━━━━━━━━━━━━━━━━━━━━━━━━━━━━━━━━━━━━━━━━━━━━━━━━━━━━━━━━━━━━
[2026-04-29  09:05:42]
  CONTAINER  objective_ardinghelli     [ÉTEINT]  (eliot_arduino_bridge-arduino_bridge:latest)
    └─ aucune node ROS2 détectée
  CONTAINER  docker_cmdvel             [ACTIF]  (auto_start_eliot-navigation)
    ├─ NODE  /arduino_bridge                          [ACTIF]
    └─ NODE  /nav_tunnel_pid_node                     [ACTIF]
  CONTAINER  node_controller           [CRÉÉ]  (auto_start_eliot-node_controller)
    └─ aucune node ROS2 détectée
  CONTAINER  covaciel_camera           [CRÉÉ]  (auto_start_eliot-camera)
    └─ aucune node ROS2 détectée
  CONTAINER  voiture_complete          [REDÉMARRAGE]  (integration_ws_eliot-voiture)
    └─ aucune node ROS2 détectée
  CONTAINER  eliot_arduino_bridge      [ACTIF]  (eliot_arduino_bridge-arduino_bridge)
    ├─ NODE  /arduino_bridge                          [ACTIF]
    └─ NODE  /nav_tunnel_pid_node                     [ACTIF]

━━━━━━━━━━━━━━━━━━━━━━━━━━━━━━━━━━━━━━━━━━━━━━━━━━━━━━━━━━━━
[2026-04-29  09:05:48]
  CONTAINER  objective_ardinghelli     [ÉTEINT]  (eliot_arduino_bridge-arduino_bridge:latest)
    └─ aucune node ROS2 détectée
  CONTAINER  docker_cmdvel             [ACTIF]  (auto_start_eliot-navigation)
    ├─ NODE  /arduino_bridge                          [ACTIF]
    └─ NODE  /nav_tunnel_pid_node                     [ACTIF]
  CONTAINER  node_controller           [CRÉÉ]  (auto_start_eliot-node_controller)
    └─ aucune node ROS2 détectée
  CONTAINER  covaciel_camera           [CRÉÉ]  (auto_start_eliot-camera)
    └─ aucune node ROS2 détectée
  CONTAINER  voiture_complete          [ACTIF]  (integration_ws_eliot-voiture)
    └─ aucune node ROS2 détectée
  CONTAINER  eliot_arduino_bridge      [ACTIF]  (eliot_arduino_bridge-arduino_bridge)
    ├─ NODE  /arduino_bridge                          [ACTIF]
    └─ NODE  /nav_tunnel_pid_node                     [ACTIF]

━━━━━━━━━━━━━━━━━━━━━━━━━━━━━━━━━━━━━━━━━━━━━━━━━━━━━━━━━━━━
[2026-04-29  09:05:55]
  CONTAINER  objective_ardinghelli     [ÉTEINT]  (eliot_arduino_bridge-arduino_bridge:latest)
    └─ aucune node ROS2 détectée
  CONTAINER  docker_cmdvel             [ACTIF]  (auto_start_eliot-navigation)
    ├─ NODE  /arduino_bridge                          [ACTIF]
    └─ NODE  /nav_tunnel_pid_node                     [ACTIF]
  CONTAINER  node_controller           [CRÉÉ]  (auto_start_eliot-node_controller)
    └─ aucune node ROS2 détectée
  CONTAINER  covaciel_camera           [CRÉÉ]  (auto_start_eliot-camera)
    └─ aucune node ROS2 détectée
  CONTAINER  voiture_complete          [REDÉMARRAGE]  (integration_ws_eliot-voiture)
    └─ aucune node ROS2 détectée
  CONTAINER  eliot_arduino_bridge      [ACTIF]  (eliot_arduino_bridge-arduino_bridge)
    ├─ NODE  /arduino_bridge                          [ACTIF]
    └─ NODE  /nav_tunnel_pid_node                     [ACTIF]

━━━━━━━━━━━━━━━━━━━━━━━━━━━━━━━━━━━━━━━━━━━━━━━━━━━━━━━━━━━━
[2026-04-29  09:06:01]
  CONTAINER  objective_ardinghelli     [ÉTEINT]  (eliot_arduino_bridge-arduino_bridge:latest)
    └─ aucune node ROS2 détectée
  CONTAINER  docker_cmdvel             [ACTIF]  (auto_start_eliot-navigation)
    ├─ NODE  /arduino_bridge                          [ACTIF]
    └─ NODE  /nav_tunnel_pid_node                     [ACTIF]
  CONTAINER  node_controller           [CRÉÉ]  (auto_start_eliot-node_controller)
    └─ aucune node ROS2 détectée
  CONTAINER  covaciel_camera           [CRÉÉ]  (auto_start_eliot-camera)
    └─ aucune node ROS2 détectée
  CONTAINER  voiture_complete          [REDÉMARRAGE]  (integration_ws_eliot-voiture)
    └─ aucune node ROS2 détectée
  CONTAINER  eliot_arduino_bridge      [ACTIF]  (eliot_arduino_bridge-arduino_bridge)
    ├─ NODE  /arduino_bridge                          [ACTIF]
    └─ NODE  /nav_tunnel_pid_node                     [ACTIF]

━━━━━━━━━━━━━━━━━━━━━━━━━━━━━━━━━━━━━━━━━━━━━━━━━━━━━━━━━━━━
[2026-04-29  09:06:07]
  CONTAINER  objective_ardinghelli     [ÉTEINT]  (eliot_arduino_bridge-arduino_bridge:latest)
    └─ aucune node ROS2 détectée
  CONTAINER  docker_cmdvel             [ACTIF]  (auto_start_eliot-navigation)
    ├─ NODE  /arduino_bridge                          [ACTIF]
    └─ NODE  /nav_tunnel_pid_node                     [ACTIF]
  CONTAINER  node_controller           [CRÉÉ]  (auto_start_eliot-node_controller)
    └─ aucune node ROS2 détectée
  CONTAINER  covaciel_camera           [CRÉÉ]  (auto_start_eliot-camera)
    └─ aucune node ROS2 détectée
  CONTAINER  voiture_complete          [REDÉMARRAGE]  (integration_ws_eliot-voiture)
    └─ aucune node ROS2 détectée
  CONTAINER  eliot_arduino_bridge      [ACTIF]  (eliot_arduino_bridge-arduino_bridge)
    ├─ NODE  /arduino_bridge                          [ACTIF]
    └─ NODE  /nav_tunnel_pid_node                     [ACTIF]

━━━━━━━━━━━━━━━━━━━━━━━━━━━━━━━━━━━━━━━━━━━━━━━━━━━━━━━━━━━━
[2026-04-29  09:06:14]
  CONTAINER  objective_ardinghelli     [ÉTEINT]  (eliot_arduino_bridge-arduino_bridge:latest)
    └─ aucune node ROS2 détectée
  CONTAINER  docker_cmdvel             [ACTIF]  (auto_start_eliot-navigation)
    ├─ NODE  /arduino_bridge                          [ACTIF]
    └─ NODE  /nav_tunnel_pid_node                     [ACTIF]
  CONTAINER  node_controller           [CRÉÉ]  (auto_start_eliot-node_controller)
    └─ aucune node ROS2 détectée
  CONTAINER  covaciel_camera           [CRÉÉ]  (auto_start_eliot-camera)
    └─ aucune node ROS2 détectée
  CONTAINER  voiture_complete          [REDÉMARRAGE]  (integration_ws_eliot-voiture)
    └─ aucune node ROS2 détectée
  CONTAINER  eliot_arduino_bridge      [ACTIF]  (eliot_arduino_bridge-arduino_bridge)
    ├─ NODE  /arduino_bridge                          [ACTIF]
    └─ NODE  /nav_tunnel_pid_node                     [ACTIF]

━━━━━━━━━━━━━━━━━━━━━━━━━━━━━━━━━━━━━━━━━━━━━━━━━━━━━━━━━━━━
[2026-04-29  09:06:20]
  CONTAINER  objective_ardinghelli     [ÉTEINT]  (eliot_arduino_bridge-arduino_bridge:latest)
    └─ aucune node ROS2 détectée
  CONTAINER  docker_cmdvel             [ACTIF]  (auto_start_eliot-navigation)
    ├─ NODE  /arduino_bridge                          [ACTIF]
    └─ NODE  /nav_tunnel_pid_node                     [ACTIF]
  CONTAINER  node_controller           [CRÉÉ]  (auto_start_eliot-node_controller)
    └─ aucune node ROS2 détectée
  CONTAINER  covaciel_camera           [CRÉÉ]  (auto_start_eliot-camera)
    └─ aucune node ROS2 détectée
  CONTAINER  voiture_complete          [REDÉMARRAGE]  (integration_ws_eliot-voiture)
    └─ aucune node ROS2 détectée
  CONTAINER  eliot_arduino_bridge      [ACTIF]  (eliot_arduino_bridge-arduino_bridge)
    ├─ NODE  /arduino_bridge                          [ACTIF]
    └─ NODE  /nav_tunnel_pid_node                     [ACTIF]

━━━━━━━━━━━━━━━━━━━━━━━━━━━━━━━━━━━━━━━━━━━━━━━━━━━━━━━━━━━━
[2026-04-29  09:06:26]
  CONTAINER  objective_ardinghelli     [ÉTEINT]  (eliot_arduino_bridge-arduino_bridge:latest)
    └─ aucune node ROS2 détectée
  CONTAINER  docker_cmdvel             [ACTIF]  (auto_start_eliot-navigation)
    ├─ NODE  /arduino_bridge                          [ACTIF]
    └─ NODE  /nav_tunnel_pid_node                     [ACTIF]
  CONTAINER  node_controller           [CRÉÉ]  (auto_start_eliot-node_controller)
    └─ aucune node ROS2 détectée
  CONTAINER  covaciel_camera           [CRÉÉ]  (auto_start_eliot-camera)
    └─ aucune node ROS2 détectée
  CONTAINER  voiture_complete          [REDÉMARRAGE]  (integration_ws_eliot-voiture)
    └─ aucune node ROS2 détectée
  CONTAINER  eliot_arduino_bridge      [ACTIF]  (eliot_arduino_bridge-arduino_bridge)
    ├─ NODE  /arduino_bridge                          [ACTIF]
    └─ NODE  /nav_tunnel_pid_node                     [ACTIF]

━━━━━━━━━━━━━━━━━━━━━━━━━━━━━━━━━━━━━━━━━━━━━━━━━━━━━━━━━━━━
[2026-04-29  09:06:32]
  CONTAINER  objective_ardinghelli     [ÉTEINT]  (eliot_arduino_bridge-arduino_bridge:latest)
    └─ aucune node ROS2 détectée
  CONTAINER  docker_cmdvel             [ACTIF]  (auto_start_eliot-navigation)
    ├─ NODE  /arduino_bridge                          [ACTIF]
    └─ NODE  /nav_tunnel_pid_node                     [ACTIF]
  CONTAINER  node_controller           [CRÉÉ]  (auto_start_eliot-node_controller)
    └─ aucune node ROS2 détectée
  CONTAINER  covaciel_camera           [CRÉÉ]  (auto_start_eliot-camera)
    └─ aucune node ROS2 détectée
  CONTAINER  voiture_complete          [REDÉMARRAGE]  (integration_ws_eliot-voiture)
    └─ aucune node ROS2 détectée
  CONTAINER  eliot_arduino_bridge      [ACTIF]  (eliot_arduino_bridge-arduino_bridge)
    ├─ NODE  /arduino_bridge                          [ACTIF]
    └─ NODE  /nav_tunnel_pid_node                     [ACTIF]

━━━━━━━━━━━━━━━━━━━━━━━━━━━━━━━━━━━━━━━━━━━━━━━━━━━━━━━━━━━━
[2026-04-29  09:06:39]
  CONTAINER  objective_ardinghelli     [ÉTEINT]  (eliot_arduino_bridge-arduino_bridge:latest)
    └─ aucune node ROS2 détectée
  CONTAINER  docker_cmdvel             [ACTIF]  (auto_start_eliot-navigation)
    ├─ NODE  /arduino_bridge                          [ACTIF]
    └─ NODE  /nav_tunnel_pid_node                     [ACTIF]
  CONTAINER  node_controller           [CRÉÉ]  (auto_start_eliot-node_controller)
    └─ aucune node ROS2 détectée
  CONTAINER  covaciel_camera           [CRÉÉ]  (auto_start_eliot-camera)
    └─ aucune node ROS2 détectée
  CONTAINER  voiture_complete          [REDÉMARRAGE]  (integration_ws_eliot-voiture)
    └─ aucune node ROS2 détectée
  CONTAINER  eliot_arduino_bridge      [ACTIF]  (eliot_arduino_bridge-arduino_bridge)
    ├─ NODE  /arduino_bridge                          [ACTIF]
    └─ NODE  /nav_tunnel_pid_node                     [ACTIF]

━━━━━━━━━━━━━━━━━━━━━━━━━━━━━━━━━━━━━━━━━━━━━━━━━━━━━━━━━━━━
[2026-04-29  09:06:45]
  CONTAINER  objective_ardinghelli     [ÉTEINT]  (eliot_arduino_bridge-arduino_bridge:latest)
    └─ aucune node ROS2 détectée
  CONTAINER  docker_cmdvel             [ACTIF]  (auto_start_eliot-navigation)
    ├─ NODE  /arduino_bridge                          [ACTIF]
    └─ NODE  /nav_tunnel_pid_node                     [ACTIF]
  CONTAINER  node_controller           [CRÉÉ]  (auto_start_eliot-node_controller)
    └─ aucune node ROS2 détectée
  CONTAINER  covaciel_camera           [CRÉÉ]  (auto_start_eliot-camera)
    └─ aucune node ROS2 détectée
  CONTAINER  voiture_complete          [REDÉMARRAGE]  (integration_ws_eliot-voiture)
    └─ aucune node ROS2 détectée
  CONTAINER  eliot_arduino_bridge      [ACTIF]  (eliot_arduino_bridge-arduino_bridge)
    ├─ NODE  /arduino_bridge                          [ACTIF]
    └─ NODE  /nav_tunnel_pid_node                     [ACTIF]

━━━━━━━━━━━━━━━━━━━━━━━━━━━━━━━━━━━━━━━━━━━━━━━━━━━━━━━━━━━━
[2026-04-29  09:06:51]
  CONTAINER  objective_ardinghelli     [ÉTEINT]  (eliot_arduino_bridge-arduino_bridge:latest)
    └─ aucune node ROS2 détectée
  CONTAINER  docker_cmdvel             [ACTIF]  (auto_start_eliot-navigation)
    ├─ NODE  /arduino_bridge                          [ACTIF]
    └─ NODE  /nav_tunnel_pid_node                     [ACTIF]
  CONTAINER  node_controller           [CRÉÉ]  (auto_start_eliot-node_controller)
    └─ aucune node ROS2 détectée
  CONTAINER  covaciel_camera           [CRÉÉ]  (auto_start_eliot-camera)
    └─ aucune node ROS2 détectée
  CONTAINER  voiture_complete          [REDÉMARRAGE]  (integration_ws_eliot-voiture)
    └─ aucune node ROS2 détectée
  CONTAINER  eliot_arduino_bridge      [ACTIF]  (eliot_arduino_bridge-arduino_bridge)
    ├─ NODE  /arduino_bridge                          [ACTIF]
    └─ NODE  /nav_tunnel_pid_node                     [ACTIF]

━━━━━━━━━━━━━━━━━━━━━━━━━━━━━━━━━━━━━━━━━━━━━━━━━━━━━━━━━━━━
[2026-04-29  09:06:58]
  CONTAINER  objective_ardinghelli     [ÉTEINT]  (eliot_arduino_bridge-arduino_bridge:latest)
    └─ aucune node ROS2 détectée
  CONTAINER  docker_cmdvel             [ACTIF]  (auto_start_eliot-navigation)
    ├─ NODE  /arduino_bridge                          [ACTIF]
    └─ NODE  /nav_tunnel_pid_node                     [ACTIF]
  CONTAINER  node_controller           [CRÉÉ]  (auto_start_eliot-node_controller)
    └─ aucune node ROS2 détectée
  CONTAINER  covaciel_camera           [CRÉÉ]  (auto_start_eliot-camera)
    └─ aucune node ROS2 détectée
  CONTAINER  voiture_complete          [REDÉMARRAGE]  (integration_ws_eliot-voiture)
    └─ aucune node ROS2 détectée
  CONTAINER  eliot_arduino_bridge      [ACTIF]  (eliot_arduino_bridge-arduino_bridge)
    ├─ NODE  /arduino_bridge                          [ACTIF]
    └─ NODE  /nav_tunnel_pid_node                     [ACTIF]

━━━━━━━━━━━━━━━━━━━━━━━━━━━━━━━━━━━━━━━━━━━━━━━━━━━━━━━━━━━━
[2026-04-29  09:07:04]
  CONTAINER  objective_ardinghelli     [ÉTEINT]  (eliot_arduino_bridge-arduino_bridge:latest)
    └─ aucune node ROS2 détectée
  CONTAINER  docker_cmdvel             [ACTIF]  (auto_start_eliot-navigation)
    ├─ NODE  /arduino_bridge                          [ACTIF]
    └─ NODE  /nav_tunnel_pid_node                     [ACTIF]
  CONTAINER  node_controller           [CRÉÉ]  (auto_start_eliot-node_controller)
    └─ aucune node ROS2 détectée
  CONTAINER  covaciel_camera           [CRÉÉ]  (auto_start_eliot-camera)
    └─ aucune node ROS2 détectée
  CONTAINER  voiture_complete          [REDÉMARRAGE]  (integration_ws_eliot-voiture)
    └─ aucune node ROS2 détectée
  CONTAINER  eliot_arduino_bridge      [ACTIF]  (eliot_arduino_bridge-arduino_bridge)
    ├─ NODE  /arduino_bridge                          [ACTIF]
    └─ NODE  /nav_tunnel_pid_node                     [ACTIF]

━━━━━━━━━━━━━━━━━━━━━━━━━━━━━━━━━━━━━━━━━━━━━━━━━━━━━━━━━━━━
[2026-04-29  09:07:10]
  CONTAINER  objective_ardinghelli     [ÉTEINT]  (eliot_arduino_bridge-arduino_bridge:latest)
    └─ aucune node ROS2 détectée
  CONTAINER  docker_cmdvel             [ACTIF]  (auto_start_eliot-navigation)
    ├─ NODE  /arduino_bridge                          [ACTIF]
    └─ NODE  /nav_tunnel_pid_node                     [ACTIF]
  CONTAINER  node_controller           [CRÉÉ]  (auto_start_eliot-node_controller)
    └─ aucune node ROS2 détectée
  CONTAINER  covaciel_camera           [CRÉÉ]  (auto_start_eliot-camera)
    └─ aucune node ROS2 détectée
  CONTAINER  voiture_complete          [REDÉMARRAGE]  (integration_ws_eliot-voiture)
    └─ aucune node ROS2 détectée
  CONTAINER  eliot_arduino_bridge      [ACTIF]  (eliot_arduino_bridge-arduino_bridge)
    ├─ NODE  /arduino_bridge                          [ACTIF]
    └─ NODE  /nav_tunnel_pid_node                     [ACTIF]

━━━━━━━━━━━━━━━━━━━━━━━━━━━━━━━━━━━━━━━━━━━━━━━━━━━━━━━━━━━━
[2026-04-29  09:07:17]
  CONTAINER  objective_ardinghelli     [ÉTEINT]  (eliot_arduino_bridge-arduino_bridge:latest)
    └─ aucune node ROS2 détectée
  CONTAINER  docker_cmdvel             [ACTIF]  (auto_start_eliot-navigation)
    ├─ NODE  /arduino_bridge                          [ACTIF]
    └─ NODE  /nav_tunnel_pid_node                     [ACTIF]
  CONTAINER  node_controller           [CRÉÉ]  (auto_start_eliot-node_controller)
    └─ aucune node ROS2 détectée
  CONTAINER  covaciel_camera           [CRÉÉ]  (auto_start_eliot-camera)
    └─ aucune node ROS2 détectée
  CONTAINER  voiture_complete          [REDÉMARRAGE]  (integration_ws_eliot-voiture)
    └─ aucune node ROS2 détectée
  CONTAINER  eliot_arduino_bridge      [ACTIF]  (eliot_arduino_bridge-arduino_bridge)
    ├─ NODE  /arduino_bridge                          [ACTIF]
    └─ NODE  /nav_tunnel_pid_node                     [ACTIF]

━━━━━━━━━━━━━━━━━━━━━━━━━━━━━━━━━━━━━━━━━━━━━━━━━━━━━━━━━━━━
[2026-04-29  09:07:23]
  CONTAINER  objective_ardinghelli     [ÉTEINT]  (eliot_arduino_bridge-arduino_bridge:latest)
    └─ aucune node ROS2 détectée
  CONTAINER  docker_cmdvel             [ACTIF]  (auto_start_eliot-navigation)
    ├─ NODE  /arduino_bridge                          [ACTIF]
    └─ NODE  /nav_tunnel_pid_node                     [ACTIF]
  CONTAINER  node_controller           [CRÉÉ]  (auto_start_eliot-node_controller)
    └─ aucune node ROS2 détectée
  CONTAINER  covaciel_camera           [CRÉÉ]  (auto_start_eliot-camera)
    └─ aucune node ROS2 détectée
  CONTAINER  voiture_complete          [REDÉMARRAGE]  (integration_ws_eliot-voiture)
    └─ aucune node ROS2 détectée
  CONTAINER  eliot_arduino_bridge      [ACTIF]  (eliot_arduino_bridge-arduino_bridge)
    ├─ NODE  /arduino_bridge                          [ACTIF]
    └─ NODE  /nav_tunnel_pid_node                     [ACTIF]

━━━━━━━━━━━━━━━━━━━━━━━━━━━━━━━━━━━━━━━━━━━━━━━━━━━━━━━━━━━━
[2026-04-29  09:07:29]
  CONTAINER  objective_ardinghelli     [ÉTEINT]  (eliot_arduino_bridge-arduino_bridge:latest)
    └─ aucune node ROS2 détectée
  CONTAINER  docker_cmdvel             [ACTIF]  (auto_start_eliot-navigation)
    ├─ NODE  /arduino_bridge                          [ACTIF]
    └─ NODE  /nav_tunnel_pid_node                     [ACTIF]
  CONTAINER  node_controller           [CRÉÉ]  (auto_start_eliot-node_controller)
    └─ aucune node ROS2 détectée
  CONTAINER  covaciel_camera           [CRÉÉ]  (auto_start_eliot-camera)
    └─ aucune node ROS2 détectée
  CONTAINER  voiture_complete          [REDÉMARRAGE]  (integration_ws_eliot-voiture)
    └─ aucune node ROS2 détectée
  CONTAINER  eliot_arduino_bridge      [ACTIF]  (eliot_arduino_bridge-arduino_bridge)
    ├─ NODE  /arduino_bridge                          [ACTIF]
    └─ NODE  /nav_tunnel_pid_node                     [ACTIF]

━━━━━━━━━━━━━━━━━━━━━━━━━━━━━━━━━━━━━━━━━━━━━━━━━━━━━━━━━━━━
[2026-04-29  09:07:36]
  CONTAINER  objective_ardinghelli     [ÉTEINT]  (eliot_arduino_bridge-arduino_bridge:latest)
    └─ aucune node ROS2 détectée
  CONTAINER  docker_cmdvel             [ACTIF]  (auto_start_eliot-navigation)
    ├─ NODE  /arduino_bridge                          [ACTIF]
    └─ NODE  /nav_tunnel_pid_node                     [ACTIF]
  CONTAINER  node_controller           [CRÉÉ]  (auto_start_eliot-node_controller)
    └─ aucune node ROS2 détectée
  CONTAINER  covaciel_camera           [CRÉÉ]  (auto_start_eliot-camera)
    └─ aucune node ROS2 détectée
  CONTAINER  voiture_complete          [REDÉMARRAGE]  (integration_ws_eliot-voiture)
    └─ aucune node ROS2 détectée
  CONTAINER  eliot_arduino_bridge      [ACTIF]  (eliot_arduino_bridge-arduino_bridge)
    ├─ NODE  /arduino_bridge                          [ACTIF]
    └─ NODE  /nav_tunnel_pid_node                     [ACTIF]

━━━━━━━━━━━━━━━━━━━━━━━━━━━━━━━━━━━━━━━━━━━━━━━━━━━━━━━━━━━━
[2026-04-29  09:07:42]
  CONTAINER  objective_ardinghelli     [ÉTEINT]  (eliot_arduino_bridge-arduino_bridge:latest)
    └─ aucune node ROS2 détectée
  CONTAINER  docker_cmdvel             [ACTIF]  (auto_start_eliot-navigation)
    ├─ NODE  /arduino_bridge                          [ACTIF]
    └─ NODE  /nav_tunnel_pid_node                     [ACTIF]
  CONTAINER  node_controller           [CRÉÉ]  (auto_start_eliot-node_controller)
    └─ aucune node ROS2 détectée
  CONTAINER  covaciel_camera           [CRÉÉ]  (auto_start_eliot-camera)
    └─ aucune node ROS2 détectée
  CONTAINER  voiture_complete          [REDÉMARRAGE]  (integration_ws_eliot-voiture)
    └─ aucune node ROS2 détectée
  CONTAINER  eliot_arduino_bridge      [ACTIF]  (eliot_arduino_bridge-arduino_bridge)
    ├─ NODE  /arduino_bridge                          [ACTIF]
    └─ NODE  /nav_tunnel_pid_node                     [ACTIF]

━━━━━━━━━━━━━━━━━━━━━━━━━━━━━━━━━━━━━━━━━━━━━━━━━━━━━━━━━━━━
[2026-04-29  09:07:48]
  CONTAINER  objective_ardinghelli     [ÉTEINT]  (eliot_arduino_bridge-arduino_bridge:latest)
    └─ aucune node ROS2 détectée
  CONTAINER  docker_cmdvel             [ACTIF]  (auto_start_eliot-navigation)
    ├─ NODE  /arduino_bridge                          [ACTIF]
    └─ NODE  /nav_tunnel_pid_node                     [ACTIF]
  CONTAINER  node_controller           [CRÉÉ]  (auto_start_eliot-node_controller)
    └─ aucune node ROS2 détectée
  CONTAINER  covaciel_camera           [CRÉÉ]  (auto_start_eliot-camera)
    └─ aucune node ROS2 détectée
  CONTAINER  voiture_complete          [REDÉMARRAGE]  (integration_ws_eliot-voiture)
    └─ aucune node ROS2 détectée
  CONTAINER  eliot_arduino_bridge      [ACTIF]  (eliot_arduino_bridge-arduino_bridge)
    ├─ NODE  /arduino_bridge                          [ACTIF]
    └─ NODE  /nav_tunnel_pid_node                     [ACTIF]

━━━━━━━━━━━━━━━━━━━━━━━━━━━━━━━━━━━━━━━━━━━━━━━━━━━━━━━━━━━━
[2026-04-29  09:07:55]
  CONTAINER  objective_ardinghelli     [ÉTEINT]  (eliot_arduino_bridge-arduino_bridge:latest)
    └─ aucune node ROS2 détectée
  CONTAINER  docker_cmdvel             [ACTIF]  (auto_start_eliot-navigation)
    ├─ NODE  /arduino_bridge                          [ACTIF]
    └─ NODE  /nav_tunnel_pid_node                     [ACTIF]
  CONTAINER  node_controller           [CRÉÉ]  (auto_start_eliot-node_controller)
    └─ aucune node ROS2 détectée
  CONTAINER  covaciel_camera           [CRÉÉ]  (auto_start_eliot-camera)
    └─ aucune node ROS2 détectée
  CONTAINER  voiture_complete          [REDÉMARRAGE]  (integration_ws_eliot-voiture)
    └─ aucune node ROS2 détectée
  CONTAINER  eliot_arduino_bridge      [ACTIF]  (eliot_arduino_bridge-arduino_bridge)
    ├─ NODE  /arduino_bridge                          [ACTIF]
    └─ NODE  /nav_tunnel_pid_node                     [ACTIF]

━━━━━━━━━━━━━━━━━━━━━━━━━━━━━━━━━━━━━━━━━━━━━━━━━━━━━━━━━━━━
[2026-04-29  09:08:01]
  CONTAINER  objective_ardinghelli     [ÉTEINT]  (eliot_arduino_bridge-arduino_bridge:latest)
    └─ aucune node ROS2 détectée
  CONTAINER  docker_cmdvel             [ACTIF]  (auto_start_eliot-navigation)
    ├─ NODE  /arduino_bridge                          [ACTIF]
    └─ NODE  /nav_tunnel_pid_node                     [ACTIF]
  CONTAINER  node_controller           [CRÉÉ]  (auto_start_eliot-node_controller)
    └─ aucune node ROS2 détectée
  CONTAINER  covaciel_camera           [CRÉÉ]  (auto_start_eliot-camera)
    └─ aucune node ROS2 détectée
  CONTAINER  voiture_complete          [REDÉMARRAGE]  (integration_ws_eliot-voiture)
    └─ aucune node ROS2 détectée
  CONTAINER  eliot_arduino_bridge      [ACTIF]  (eliot_arduino_bridge-arduino_bridge)
    ├─ NODE  /arduino_bridge                          [ACTIF]
    └─ NODE  /nav_tunnel_pid_node                     [ACTIF]

━━━━━━━━━━━━━━━━━━━━━━━━━━━━━━━━━━━━━━━━━━━━━━━━━━━━━━━━━━━━
[2026-04-29  09:08:08]
  CONTAINER  objective_ardinghelli     [ÉTEINT]  (eliot_arduino_bridge-arduino_bridge:latest)
    └─ aucune node ROS2 détectée
  CONTAINER  docker_cmdvel             [ACTIF]  (auto_start_eliot-navigation)
    ├─ NODE  /arduino_bridge                          [ACTIF]
    └─ NODE  /nav_tunnel_pid_node                     [ACTIF]
  CONTAINER  node_controller           [CRÉÉ]  (auto_start_eliot-node_controller)
    └─ aucune node ROS2 détectée
  CONTAINER  covaciel_camera           [CRÉÉ]  (auto_start_eliot-camera)
    └─ aucune node ROS2 détectée
  CONTAINER  voiture_complete          [REDÉMARRAGE]  (integration_ws_eliot-voiture)
    └─ aucune node ROS2 détectée
  CONTAINER  eliot_arduino_bridge      [ACTIF]  (eliot_arduino_bridge-arduino_bridge)
    ├─ NODE  /arduino_bridge                          [ACTIF]
    └─ NODE  /nav_tunnel_pid_node                     [ACTIF]

━━━━━━━━━━━━━━━━━━━━━━━━━━━━━━━━━━━━━━━━━━━━━━━━━━━━━━━━━━━━
[2026-04-29  09:08:14]
  CONTAINER  objective_ardinghelli     [ÉTEINT]  (eliot_arduino_bridge-arduino_bridge:latest)
    └─ aucune node ROS2 détectée
  CONTAINER  docker_cmdvel             [ACTIF]  (auto_start_eliot-navigation)
    ├─ NODE  /arduino_bridge                          [ACTIF]
    └─ NODE  /nav_tunnel_pid_node                     [ACTIF]
  CONTAINER  node_controller           [CRÉÉ]  (auto_start_eliot-node_controller)
    └─ aucune node ROS2 détectée
  CONTAINER  covaciel_camera           [CRÉÉ]  (auto_start_eliot-camera)
    └─ aucune node ROS2 détectée
  CONTAINER  voiture_complete          [REDÉMARRAGE]  (integration_ws_eliot-voiture)
    └─ aucune node ROS2 détectée
  CONTAINER  eliot_arduino_bridge      [ACTIF]  (eliot_arduino_bridge-arduino_bridge)
    ├─ NODE  /arduino_bridge                          [ACTIF]
    └─ NODE  /nav_tunnel_pid_node                     [ACTIF]

━━━━━━━━━━━━━━━━━━━━━━━━━━━━━━━━━━━━━━━━━━━━━━━━━━━━━━━━━━━━
[2026-04-29  09:08:20]
  CONTAINER  objective_ardinghelli     [ÉTEINT]  (eliot_arduino_bridge-arduino_bridge:latest)
    └─ aucune node ROS2 détectée
  CONTAINER  docker_cmdvel             [ACTIF]  (auto_start_eliot-navigation)
    ├─ NODE  /arduino_bridge                          [ACTIF]
    └─ NODE  /nav_tunnel_pid_node                     [ACTIF]
  CONTAINER  node_controller           [CRÉÉ]  (auto_start_eliot-node_controller)
    └─ aucune node ROS2 détectée
  CONTAINER  covaciel_camera           [CRÉÉ]  (auto_start_eliot-camera)
    └─ aucune node ROS2 détectée
  CONTAINER  voiture_complete          [REDÉMARRAGE]  (integration_ws_eliot-voiture)
    └─ aucune node ROS2 détectée
  CONTAINER  eliot_arduino_bridge      [ACTIF]  (eliot_arduino_bridge-arduino_bridge)
    ├─ NODE  /arduino_bridge                          [ACTIF]
    └─ NODE  /nav_tunnel_pid_node                     [ACTIF]

━━━━━━━━━━━━━━━━━━━━━━━━━━━━━━━━━━━━━━━━━━━━━━━━━━━━━━━━━━━━
[2026-04-29  09:08:27]
  CONTAINER  objective_ardinghelli     [ÉTEINT]  (eliot_arduino_bridge-arduino_bridge:latest)
    └─ aucune node ROS2 détectée
  CONTAINER  docker_cmdvel             [ACTIF]  (auto_start_eliot-navigation)
    ├─ NODE  /arduino_bridge                          [ACTIF]
    └─ NODE  /nav_tunnel_pid_node                     [ACTIF]
  CONTAINER  node_controller           [CRÉÉ]  (auto_start_eliot-node_controller)
    └─ aucune node ROS2 détectée
  CONTAINER  covaciel_camera           [CRÉÉ]  (auto_start_eliot-camera)
    └─ aucune node ROS2 détectée
  CONTAINER  voiture_complete          [REDÉMARRAGE]  (integration_ws_eliot-voiture)
    └─ aucune node ROS2 détectée
  CONTAINER  eliot_arduino_bridge      [ACTIF]  (eliot_arduino_bridge-arduino_bridge)
    ├─ NODE  /arduino_bridge                          [ACTIF]
    └─ NODE  /nav_tunnel_pid_node                     [ACTIF]

━━━━━━━━━━━━━━━━━━━━━━━━━━━━━━━━━━━━━━━━━━━━━━━━━━━━━━━━━━━━
[2026-04-29  09:08:33]
  CONTAINER  objective_ardinghelli     [ÉTEINT]  (eliot_arduino_bridge-arduino_bridge:latest)
    └─ aucune node ROS2 détectée
  CONTAINER  docker_cmdvel             [ACTIF]  (auto_start_eliot-navigation)
    ├─ NODE  /arduino_bridge                          [ACTIF]
    └─ NODE  /nav_tunnel_pid_node                     [ACTIF]
  CONTAINER  node_controller           [CRÉÉ]  (auto_start_eliot-node_controller)
    └─ aucune node ROS2 détectée
  CONTAINER  covaciel_camera           [CRÉÉ]  (auto_start_eliot-camera)
    └─ aucune node ROS2 détectée
  CONTAINER  voiture_complete          [REDÉMARRAGE]  (integration_ws_eliot-voiture)
    └─ aucune node ROS2 détectée
  CONTAINER  eliot_arduino_bridge      [ACTIF]  (eliot_arduino_bridge-arduino_bridge)
    ├─ NODE  /arduino_bridge                          [ACTIF]
    └─ NODE  /nav_tunnel_pid_node                     [ACTIF]

━━━━━━━━━━━━━━━━━━━━━━━━━━━━━━━━━━━━━━━━━━━━━━━━━━━━━━━━━━━━
[2026-04-29  09:08:40]
  CONTAINER  objective_ardinghelli     [ÉTEINT]  (eliot_arduino_bridge-arduino_bridge:latest)
    └─ aucune node ROS2 détectée
  CONTAINER  docker_cmdvel             [ACTIF]  (auto_start_eliot-navigation)
    ├─ NODE  /arduino_bridge                          [ACTIF]
    └─ NODE  /nav_tunnel_pid_node                     [ACTIF]
  CONTAINER  node_controller           [CRÉÉ]  (auto_start_eliot-node_controller)
    └─ aucune node ROS2 détectée
  CONTAINER  covaciel_camera           [CRÉÉ]  (auto_start_eliot-camera)
    └─ aucune node ROS2 détectée
  CONTAINER  voiture_complete          [REDÉMARRAGE]  (integration_ws_eliot-voiture)
    └─ aucune node ROS2 détectée
  CONTAINER  eliot_arduino_bridge      [ACTIF]  (eliot_arduino_bridge-arduino_bridge)
    ├─ NODE  /arduino_bridge                          [ACTIF]
    └─ NODE  /nav_tunnel_pid_node                     [ACTIF]

━━━━━━━━━━━━━━━━━━━━━━━━━━━━━━━━━━━━━━━━━━━━━━━━━━━━━━━━━━━━
[2026-04-29  09:08:46]
  CONTAINER  objective_ardinghelli     [ÉTEINT]  (eliot_arduino_bridge-arduino_bridge:latest)
    └─ aucune node ROS2 détectée
  CONTAINER  docker_cmdvel             [ACTIF]  (auto_start_eliot-navigation)
    ├─ NODE  /arduino_bridge                          [ACTIF]
    └─ NODE  /nav_tunnel_pid_node                     [ACTIF]
  CONTAINER  node_controller           [CRÉÉ]  (auto_start_eliot-node_controller)
    └─ aucune node ROS2 détectée
  CONTAINER  covaciel_camera           [CRÉÉ]  (auto_start_eliot-camera)
    └─ aucune node ROS2 détectée
  CONTAINER  voiture_complete          [REDÉMARRAGE]  (integration_ws_eliot-voiture)
    └─ aucune node ROS2 détectée
  CONTAINER  eliot_arduino_bridge      [ACTIF]  (eliot_arduino_bridge-arduino_bridge)
    ├─ NODE  /arduino_bridge                          [ACTIF]
    └─ NODE  /nav_tunnel_pid_node                     [ACTIF]

━━━━━━━━━━━━━━━━━━━━━━━━━━━━━━━━━━━━━━━━━━━━━━━━━━━━━━━━━━━━
[2026-04-29  09:08:53]
  CONTAINER  objective_ardinghelli     [ÉTEINT]  (eliot_arduino_bridge-arduino_bridge:latest)
    └─ aucune node ROS2 détectée
  CONTAINER  docker_cmdvel             [ACTIF]  (auto_start_eliot-navigation)
    ├─ NODE  /arduino_bridge                          [ACTIF]
    └─ NODE  /nav_tunnel_pid_node                     [ACTIF]
  CONTAINER  node_controller           [CRÉÉ]  (auto_start_eliot-node_controller)
    └─ aucune node ROS2 détectée
  CONTAINER  covaciel_camera           [CRÉÉ]  (auto_start_eliot-camera)
    └─ aucune node ROS2 détectée
  CONTAINER  voiture_complete          [REDÉMARRAGE]  (integration_ws_eliot-voiture)
    └─ aucune node ROS2 détectée
  CONTAINER  eliot_arduino_bridge      [ACTIF]  (eliot_arduino_bridge-arduino_bridge)
    ├─ NODE  /arduino_bridge                          [ACTIF]
    └─ NODE  /nav_tunnel_pid_node                     [ACTIF]

━━━━━━━━━━━━━━━━━━━━━━━━━━━━━━━━━━━━━━━━━━━━━━━━━━━━━━━━━━━━
[2026-04-29  09:09:02]
  CONTAINER  objective_ardinghelli     [ÉTEINT]  (eliot_arduino_bridge-arduino_bridge:latest)
    └─ aucune node ROS2 détectée
  CONTAINER  docker_cmdvel             [ACTIF]  (auto_start_eliot-navigation)
    ├─ NODE  /arduino_bridge                          [ACTIF]
    └─ NODE  /nav_tunnel_pid_node                     [ACTIF]
  CONTAINER  node_controller           [CRÉÉ]  (auto_start_eliot-node_controller)
    └─ aucune node ROS2 détectée
  CONTAINER  covaciel_camera           [CRÉÉ]  (auto_start_eliot-camera)
    └─ aucune node ROS2 détectée
  CONTAINER  voiture_complete          [REDÉMARRAGE]  (integration_ws_eliot-voiture)
    └─ aucune node ROS2 détectée
  CONTAINER  eliot_arduino_bridge      [ACTIF]  (eliot_arduino_bridge-arduino_bridge)
    ├─ NODE  /arduino_bridge                          [ACTIF]
    └─ NODE  /nav_tunnel_pid_node                     [ACTIF]

━━━━━━━━━━━━━━━━━━━━━━━━━━━━━━━━━━━━━━━━━━━━━━━━━━━━━━━━━━━━
[2026-04-29  09:09:09]
  CONTAINER  objective_ardinghelli     [ÉTEINT]  (eliot_arduino_bridge-arduino_bridge:latest)
    └─ aucune node ROS2 détectée
  CONTAINER  docker_cmdvel             [ACTIF]  (auto_start_eliot-navigation)
    ├─ NODE  /arduino_bridge                          [ACTIF]
    └─ NODE  /nav_tunnel_pid_node                     [ACTIF]
  CONTAINER  node_controller           [CRÉÉ]  (auto_start_eliot-node_controller)
    └─ aucune node ROS2 détectée
  CONTAINER  covaciel_camera           [CRÉÉ]  (auto_start_eliot-camera)
    └─ aucune node ROS2 détectée
  CONTAINER  voiture_complete          [REDÉMARRAGE]  (integration_ws_eliot-voiture)
    └─ aucune node ROS2 détectée
  CONTAINER  eliot_arduino_bridge      [ACTIF]  (eliot_arduino_bridge-arduino_bridge)
    ├─ NODE  /arduino_bridge                          [ACTIF]
    └─ NODE  /nav_tunnel_pid_node                     [ACTIF]

━━━━━━━━━━━━━━━━━━━━━━━━━━━━━━━━━━━━━━━━━━━━━━━━━━━━━━━━━━━━
[2026-04-29  09:09:16]
  CONTAINER  objective_ardinghelli     [ÉTEINT]  (eliot_arduino_bridge-arduino_bridge:latest)
    └─ aucune node ROS2 détectée
  CONTAINER  docker_cmdvel             [ACTIF]  (auto_start_eliot-navigation)
    ├─ NODE  /arduino_bridge                          [ACTIF]
    └─ NODE  /nav_tunnel_pid_node                     [ACTIF]
  CONTAINER  node_controller           [CRÉÉ]  (auto_start_eliot-node_controller)
    └─ aucune node ROS2 détectée
  CONTAINER  covaciel_camera           [CRÉÉ]  (auto_start_eliot-camera)
    └─ aucune node ROS2 détectée
  CONTAINER  voiture_complete          [REDÉMARRAGE]  (integration_ws_eliot-voiture)
    └─ aucune node ROS2 détectée
  CONTAINER  eliot_arduino_bridge      [ACTIF]  (eliot_arduino_bridge-arduino_bridge)
    ├─ NODE  /arduino_bridge                          [ACTIF]
    └─ NODE  /nav_tunnel_pid_node                     [ACTIF]

━━━━━━━━━━━━━━━━━━━━━━━━━━━━━━━━━━━━━━━━━━━━━━━━━━━━━━━━━━━━
[2026-04-29  09:09:23]
  CONTAINER  objective_ardinghelli     [ÉTEINT]  (eliot_arduino_bridge-arduino_bridge:latest)
    └─ aucune node ROS2 détectée
  CONTAINER  docker_cmdvel             [ACTIF]  (auto_start_eliot-navigation)
    ├─ NODE  /arduino_bridge                          [ACTIF]
    └─ NODE  /nav_tunnel_pid_node                     [ACTIF]
  CONTAINER  node_controller           [CRÉÉ]  (auto_start_eliot-node_controller)
    └─ aucune node ROS2 détectée
  CONTAINER  covaciel_camera           [CRÉÉ]  (auto_start_eliot-camera)
    └─ aucune node ROS2 détectée
  CONTAINER  voiture_complete          [REDÉMARRAGE]  (integration_ws_eliot-voiture)
    └─ aucune node ROS2 détectée
  CONTAINER  eliot_arduino_bridge      [ACTIF]  (eliot_arduino_bridge-arduino_bridge)
    ├─ NODE  /arduino_bridge                          [ACTIF]
    └─ NODE  /nav_tunnel_pid_node                     [ACTIF]

━━━━━━━━━━━━━━━━━━━━━━━━━━━━━━━━━━━━━━━━━━━━━━━━━━━━━━━━━━━━
[2026-04-29  09:09:30]
  CONTAINER  objective_ardinghelli     [ÉTEINT]  (eliot_arduino_bridge-arduino_bridge:latest)
    └─ aucune node ROS2 détectée
  CONTAINER  docker_cmdvel             [ACTIF]  (auto_start_eliot-navigation)
    ├─ NODE  /arduino_bridge                          [ACTIF]
    └─ NODE  /nav_tunnel_pid_node                     [ACTIF]
  CONTAINER  node_controller           [CRÉÉ]  (auto_start_eliot-node_controller)
    └─ aucune node ROS2 détectée
  CONTAINER  covaciel_camera           [CRÉÉ]  (auto_start_eliot-camera)
    └─ aucune node ROS2 détectée
  CONTAINER  voiture_complete          [REDÉMARRAGE]  (integration_ws_eliot-voiture)
    └─ aucune node ROS2 détectée
  CONTAINER  eliot_arduino_bridge      [ACTIF]  (eliot_arduino_bridge-arduino_bridge)
    ├─ NODE  /arduino_bridge                          [ACTIF]
    └─ NODE  /nav_tunnel_pid_node                     [ACTIF]

━━━━━━━━━━━━━━━━━━━━━━━━━━━━━━━━━━━━━━━━━━━━━━━━━━━━━━━━━━━━
[2026-04-29  09:09:36]
  CONTAINER  objective_ardinghelli     [ÉTEINT]  (eliot_arduino_bridge-arduino_bridge:latest)
    └─ aucune node ROS2 détectée
  CONTAINER  docker_cmdvel             [ACTIF]  (auto_start_eliot-navigation)
    ├─ NODE  /arduino_bridge                          [ACTIF]
    └─ NODE  /nav_tunnel_pid_node                     [ACTIF]
  CONTAINER  node_controller           [CRÉÉ]  (auto_start_eliot-node_controller)
    └─ aucune node ROS2 détectée
  CONTAINER  covaciel_camera           [CRÉÉ]  (auto_start_eliot-camera)
    └─ aucune node ROS2 détectée
  CONTAINER  voiture_complete          [REDÉMARRAGE]  (integration_ws_eliot-voiture)
    └─ aucune node ROS2 détectée
  CONTAINER  eliot_arduino_bridge      [ACTIF]  (eliot_arduino_bridge-arduino_bridge)
    ├─ NODE  /arduino_bridge                          [ACTIF]
    └─ NODE  /nav_tunnel_pid_node                     [ACTIF]

━━━━━━━━━━━━━━━━━━━━━━━━━━━━━━━━━━━━━━━━━━━━━━━━━━━━━━━━━━━━
[2026-04-29  09:09:43]
  CONTAINER  objective_ardinghelli     [ÉTEINT]  (eliot_arduino_bridge-arduino_bridge:latest)
    └─ aucune node ROS2 détectée
  CONTAINER  docker_cmdvel             [ACTIF]  (auto_start_eliot-navigation)
    ├─ NODE  /arduino_bridge                          [ACTIF]
    └─ NODE  /nav_tunnel_pid_node                     [ACTIF]
  CONTAINER  node_controller           [CRÉÉ]  (auto_start_eliot-node_controller)
    └─ aucune node ROS2 détectée
  CONTAINER  covaciel_camera           [CRÉÉ]  (auto_start_eliot-camera)
    └─ aucune node ROS2 détectée
  CONTAINER  voiture_complete          [REDÉMARRAGE]  (integration_ws_eliot-voiture)
    └─ aucune node ROS2 détectée
  CONTAINER  eliot_arduino_bridge      [ACTIF]  (eliot_arduino_bridge-arduino_bridge)
    ├─ NODE  /arduino_bridge                          [ACTIF]
    └─ NODE  /nav_tunnel_pid_node                     [ACTIF]

━━━━━━━━━━━━━━━━━━━━━━━━━━━━━━━━━━━━━━━━━━━━━━━━━━━━━━━━━━━━
[2026-04-29  09:09:50]
  CONTAINER  objective_ardinghelli     [ÉTEINT]  (eliot_arduino_bridge-arduino_bridge:latest)
    └─ aucune node ROS2 détectée
  CONTAINER  docker_cmdvel             [ACTIF]  (auto_start_eliot-navigation)
    ├─ NODE  /arduino_bridge                          [ACTIF]
    └─ NODE  /nav_tunnel_pid_node                     [ACTIF]
  CONTAINER  node_controller           [CRÉÉ]  (auto_start_eliot-node_controller)
    └─ aucune node ROS2 détectée
  CONTAINER  covaciel_camera           [CRÉÉ]  (auto_start_eliot-camera)
    └─ aucune node ROS2 détectée
  CONTAINER  voiture_complete          [REDÉMARRAGE]  (integration_ws_eliot-voiture)
    └─ aucune node ROS2 détectée
  CONTAINER  eliot_arduino_bridge      [ACTIF]  (eliot_arduino_bridge-arduino_bridge)
    ├─ NODE  /arduino_bridge                          [ACTIF]
    └─ NODE  /nav_tunnel_pid_node                     [ACTIF]

━━━━━━━━━━━━━━━━━━━━━━━━━━━━━━━━━━━━━━━━━━━━━━━━━━━━━━━━━━━━
[2026-04-29  09:09:57]
  CONTAINER  objective_ardinghelli     [ÉTEINT]  (eliot_arduino_bridge-arduino_bridge:latest)
    └─ aucune node ROS2 détectée
  CONTAINER  docker_cmdvel             [ACTIF]  (auto_start_eliot-navigation)
    ├─ NODE  /arduino_bridge                          [ACTIF]
    └─ NODE  /nav_tunnel_pid_node                     [ACTIF]
  CONTAINER  node_controller           [CRÉÉ]  (auto_start_eliot-node_controller)
    └─ aucune node ROS2 détectée
  CONTAINER  covaciel_camera           [CRÉÉ]  (auto_start_eliot-camera)
    └─ aucune node ROS2 détectée
  CONTAINER  voiture_complete          [REDÉMARRAGE]  (integration_ws_eliot-voiture)
    └─ aucune node ROS2 détectée
  CONTAINER  eliot_arduino_bridge      [ACTIF]  (eliot_arduino_bridge-arduino_bridge)
    ├─ NODE  /arduino_bridge                          [ACTIF]
    └─ NODE  /nav_tunnel_pid_node                     [ACTIF]

━━━━━━━━━━━━━━━━━━━━━━━━━━━━━━━━━━━━━━━━━━━━━━━━━━━━━━━━━━━━
[2026-04-29  09:10:04]
  CONTAINER  objective_ardinghelli     [ÉTEINT]  (eliot_arduino_bridge-arduino_bridge:latest)
    └─ aucune node ROS2 détectée
  CONTAINER  docker_cmdvel             [ACTIF]  (auto_start_eliot-navigation)
    ├─ NODE  /arduino_bridge                          [ACTIF]
    └─ NODE  /nav_tunnel_pid_node                     [ACTIF]
  CONTAINER  node_controller           [CRÉÉ]  (auto_start_eliot-node_controller)
    └─ aucune node ROS2 détectée
  CONTAINER  covaciel_camera           [CRÉÉ]  (auto_start_eliot-camera)
    └─ aucune node ROS2 détectée
  CONTAINER  voiture_complete          [REDÉMARRAGE]  (integration_ws_eliot-voiture)
    └─ aucune node ROS2 détectée
  CONTAINER  eliot_arduino_bridge      [ACTIF]  (eliot_arduino_bridge-arduino_bridge)
    ├─ NODE  /arduino_bridge                          [ACTIF]
    └─ NODE  /nav_tunnel_pid_node                     [ACTIF]

━━━━━━━━━━━━━━━━━━━━━━━━━━━━━━━━━━━━━━━━━━━━━━━━━━━━━━━━━━━━
[2026-04-29  09:10:11]
  CONTAINER  objective_ardinghelli     [ÉTEINT]  (eliot_arduino_bridge-arduino_bridge:latest)
    └─ aucune node ROS2 détectée
  CONTAINER  docker_cmdvel             [ACTIF]  (auto_start_eliot-navigation)
    ├─ NODE  /arduino_bridge                          [ACTIF]
    └─ NODE  /nav_tunnel_pid_node                     [ACTIF]
  CONTAINER  node_controller           [CRÉÉ]  (auto_start_eliot-node_controller)
    └─ aucune node ROS2 détectée
  CONTAINER  covaciel_camera           [CRÉÉ]  (auto_start_eliot-camera)
    └─ aucune node ROS2 détectée
  CONTAINER  voiture_complete          [REDÉMARRAGE]  (integration_ws_eliot-voiture)
    └─ aucune node ROS2 détectée
  CONTAINER  eliot_arduino_bridge      [ACTIF]  (eliot_arduino_bridge-arduino_bridge)
    ├─ NODE  /arduino_bridge                          [ACTIF]
    └─ NODE  /nav_tunnel_pid_node                     [ACTIF]

━━━━━━━━━━━━━━━━━━━━━━━━━━━━━━━━━━━━━━━━━━━━━━━━━━━━━━━━━━━━
[2026-04-29  09:10:17]
  CONTAINER  objective_ardinghelli     [ÉTEINT]  (eliot_arduino_bridge-arduino_bridge:latest)
    └─ aucune node ROS2 détectée
  CONTAINER  docker_cmdvel             [ACTIF]  (auto_start_eliot-navigation)
    ├─ NODE  /arduino_bridge                          [ACTIF]
    └─ NODE  /nav_tunnel_pid_node                     [ACTIF]
  CONTAINER  node_controller           [CRÉÉ]  (auto_start_eliot-node_controller)
    └─ aucune node ROS2 détectée
  CONTAINER  covaciel_camera           [CRÉÉ]  (auto_start_eliot-camera)
    └─ aucune node ROS2 détectée
  CONTAINER  voiture_complete          [REDÉMARRAGE]  (integration_ws_eliot-voiture)
    └─ aucune node ROS2 détectée
  CONTAINER  eliot_arduino_bridge      [ACTIF]  (eliot_arduino_bridge-arduino_bridge)
    ├─ NODE  /arduino_bridge                          [ACTIF]
    └─ NODE  /nav_tunnel_pid_node                     [ACTIF]

━━━━━━━━━━━━━━━━━━━━━━━━━━━━━━━━━━━━━━━━━━━━━━━━━━━━━━━━━━━━
[2026-04-29  09:10:24]
  CONTAINER  objective_ardinghelli     [ÉTEINT]  (eliot_arduino_bridge-arduino_bridge:latest)
    └─ aucune node ROS2 détectée
  CONTAINER  docker_cmdvel             [ACTIF]  (auto_start_eliot-navigation)
    ├─ NODE  /arduino_bridge                          [ACTIF]
    └─ NODE  /nav_tunnel_pid_node                     [ACTIF]
  CONTAINER  node_controller           [CRÉÉ]  (auto_start_eliot-node_controller)
    └─ aucune node ROS2 détectée
  CONTAINER  covaciel_camera           [CRÉÉ]  (auto_start_eliot-camera)
    └─ aucune node ROS2 détectée
  CONTAINER  voiture_complete          [REDÉMARRAGE]  (integration_ws_eliot-voiture)
    └─ aucune node ROS2 détectée
  CONTAINER  eliot_arduino_bridge      [ACTIF]  (eliot_arduino_bridge-arduino_bridge)
    ├─ NODE  /arduino_bridge                          [ACTIF]
    └─ NODE  /nav_tunnel_pid_node                     [ACTIF]

━━━━━━━━━━━━━━━━━━━━━━━━━━━━━━━━━━━━━━━━━━━━━━━━━━━━━━━━━━━━
[2026-04-29  09:10:31]
  CONTAINER  objective_ardinghelli     [ÉTEINT]  (eliot_arduino_bridge-arduino_bridge:latest)
    └─ aucune node ROS2 détectée
  CONTAINER  docker_cmdvel             [ACTIF]  (auto_start_eliot-navigation)
    ├─ NODE  /arduino_bridge                          [ACTIF]
    └─ NODE  /nav_tunnel_pid_node                     [ACTIF]
  CONTAINER  node_controller           [CRÉÉ]  (auto_start_eliot-node_controller)
    └─ aucune node ROS2 détectée
  CONTAINER  covaciel_camera           [CRÉÉ]  (auto_start_eliot-camera)
    └─ aucune node ROS2 détectée
  CONTAINER  voiture_complete          [REDÉMARRAGE]  (integration_ws_eliot-voiture)
    └─ aucune node ROS2 détectée
  CONTAINER  eliot_arduino_bridge      [ACTIF]  (eliot_arduino_bridge-arduino_bridge)
    ├─ NODE  /arduino_bridge                          [ACTIF]
    └─ NODE  /nav_tunnel_pid_node                     [ACTIF]

━━━━━━━━━━━━━━━━━━━━━━━━━━━━━━━━━━━━━━━━━━━━━━━━━━━━━━━━━━━━
[2026-04-29  09:10:38]
  CONTAINER  objective_ardinghelli     [ÉTEINT]  (eliot_arduino_bridge-arduino_bridge:latest)
    └─ aucune node ROS2 détectée
  CONTAINER  docker_cmdvel             [ACTIF]  (auto_start_eliot-navigation)
    ├─ NODE  /arduino_bridge                          [ACTIF]
    └─ NODE  /nav_tunnel_pid_node                     [ACTIF]
  CONTAINER  node_controller           [CRÉÉ]  (auto_start_eliot-node_controller)
    └─ aucune node ROS2 détectée
  CONTAINER  covaciel_camera           [CRÉÉ]  (auto_start_eliot-camera)
    └─ aucune node ROS2 détectée
  CONTAINER  voiture_complete          [REDÉMARRAGE]  (integration_ws_eliot-voiture)
    └─ aucune node ROS2 détectée
  CONTAINER  eliot_arduino_bridge      [ACTIF]  (eliot_arduino_bridge-arduino_bridge)
    ├─ NODE  /arduino_bridge                          [ACTIF]
    └─ NODE  /nav_tunnel_pid_node                     [ACTIF]

━━━━━━━━━━━━━━━━━━━━━━━━━━━━━━━━━━━━━━━━━━━━━━━━━━━━━━━━━━━━
[2026-04-29  09:10:44]
  CONTAINER  objective_ardinghelli     [ÉTEINT]  (eliot_arduino_bridge-arduino_bridge:latest)
    └─ aucune node ROS2 détectée
  CONTAINER  docker_cmdvel             [ACTIF]  (auto_start_eliot-navigation)
    ├─ NODE  /arduino_bridge                          [ACTIF]
    └─ NODE  /nav_tunnel_pid_node                     [ACTIF]
  CONTAINER  node_controller           [CRÉÉ]  (auto_start_eliot-node_controller)
    └─ aucune node ROS2 détectée
  CONTAINER  covaciel_camera           [CRÉÉ]  (auto_start_eliot-camera)
    └─ aucune node ROS2 détectée
  CONTAINER  voiture_complete          [REDÉMARRAGE]  (integration_ws_eliot-voiture)
    └─ aucune node ROS2 détectée
  CONTAINER  eliot_arduino_bridge      [ACTIF]  (eliot_arduino_bridge-arduino_bridge)
    ├─ NODE  /arduino_bridge                          [ACTIF]
    └─ NODE  /nav_tunnel_pid_node                     [ACTIF]

━━━━━━━━━━━━━━━━━━━━━━━━━━━━━━━━━━━━━━━━━━━━━━━━━━━━━━━━━━━━
[2026-04-29  09:10:52]
  CONTAINER  objective_ardinghelli     [ÉTEINT]  (eliot_arduino_bridge-arduino_bridge:latest)
    └─ aucune node ROS2 détectée
  CONTAINER  docker_cmdvel             [ACTIF]  (auto_start_eliot-navigation)
    ├─ NODE  /arduino_bridge                          [ACTIF]
    └─ NODE  /nav_tunnel_pid_node                     [ACTIF]
  CONTAINER  node_controller           [CRÉÉ]  (auto_start_eliot-node_controller)
    └─ aucune node ROS2 détectée
  CONTAINER  covaciel_camera           [CRÉÉ]  (auto_start_eliot-camera)
    └─ aucune node ROS2 détectée
  CONTAINER  voiture_complete          [REDÉMARRAGE]  (integration_ws_eliot-voiture)
    └─ aucune node ROS2 détectée
  CONTAINER  eliot_arduino_bridge      [ACTIF]  (eliot_arduino_bridge-arduino_bridge)
    ├─ NODE  /arduino_bridge                          [ACTIF]
    └─ NODE  /nav_tunnel_pid_node                     [ACTIF]

━━━━━━━━━━━━━━━━━━━━━━━━━━━━━━━━━━━━━━━━━━━━━━━━━━━━━━━━━━━━
[2026-04-29  09:10:59]
  CONTAINER  objective_ardinghelli     [ÉTEINT]  (eliot_arduino_bridge-arduino_bridge:latest)
    └─ aucune node ROS2 détectée
  CONTAINER  docker_cmdvel             [ACTIF]  (auto_start_eliot-navigation)
    ├─ NODE  /arduino_bridge                          [ACTIF]
    └─ NODE  /nav_tunnel_pid_node                     [ACTIF]
  CONTAINER  node_controller           [CRÉÉ]  (auto_start_eliot-node_controller)
    └─ aucune node ROS2 détectée
  CONTAINER  covaciel_camera           [CRÉÉ]  (auto_start_eliot-camera)
    └─ aucune node ROS2 détectée
  CONTAINER  voiture_complete          [REDÉMARRAGE]  (integration_ws_eliot-voiture)
    └─ aucune node ROS2 détectée
  CONTAINER  eliot_arduino_bridge      [ACTIF]  (eliot_arduino_bridge-arduino_bridge)
    ├─ NODE  /arduino_bridge                          [ACTIF]
    └─ NODE  /nav_tunnel_pid_node                     [ACTIF]

━━━━━━━━━━━━━━━━━━━━━━━━━━━━━━━━━━━━━━━━━━━━━━━━━━━━━━━━━━━━
[2026-04-29  09:11:06]
  CONTAINER  objective_ardinghelli     [ÉTEINT]  (eliot_arduino_bridge-arduino_bridge:latest)
    └─ aucune node ROS2 détectée
  CONTAINER  docker_cmdvel             [ACTIF]  (auto_start_eliot-navigation)
    ├─ NODE  /arduino_bridge                          [ACTIF]
    └─ NODE  /nav_tunnel_pid_node                     [ACTIF]
  CONTAINER  node_controller           [CRÉÉ]  (auto_start_eliot-node_controller)
    └─ aucune node ROS2 détectée
  CONTAINER  covaciel_camera           [CRÉÉ]  (auto_start_eliot-camera)
    └─ aucune node ROS2 détectée
  CONTAINER  voiture_complete          [REDÉMARRAGE]  (integration_ws_eliot-voiture)
    └─ aucune node ROS2 détectée
  CONTAINER  eliot_arduino_bridge      [ACTIF]  (eliot_arduino_bridge-arduino_bridge)
    ├─ NODE  /arduino_bridge                          [ACTIF]
    └─ NODE  /nav_tunnel_pid_node                     [ACTIF]

━━━━━━━━━━━━━━━━━━━━━━━━━━━━━━━━━━━━━━━━━━━━━━━━━━━━━━━━━━━━
[2026-04-29  09:11:12]
  CONTAINER  objective_ardinghelli     [ÉTEINT]  (eliot_arduino_bridge-arduino_bridge:latest)
    └─ aucune node ROS2 détectée
  CONTAINER  docker_cmdvel             [ACTIF]  (auto_start_eliot-navigation)
    ├─ NODE  /arduino_bridge                          [ACTIF]
    └─ NODE  /nav_tunnel_pid_node                     [ACTIF]
  CONTAINER  node_controller           [CRÉÉ]  (auto_start_eliot-node_controller)
    └─ aucune node ROS2 détectée
  CONTAINER  covaciel_camera           [CRÉÉ]  (auto_start_eliot-camera)
    └─ aucune node ROS2 détectée
  CONTAINER  voiture_complete          [REDÉMARRAGE]  (integration_ws_eliot-voiture)
    └─ aucune node ROS2 détectée
  CONTAINER  eliot_arduino_bridge      [ACTIF]  (eliot_arduino_bridge-arduino_bridge)
    ├─ NODE  /arduino_bridge                          [ACTIF]
    └─ NODE  /nav_tunnel_pid_node                     [ACTIF]

━━━━━━━━━━━━━━━━━━━━━━━━━━━━━━━━━━━━━━━━━━━━━━━━━━━━━━━━━━━━
[2026-04-29  09:11:19]
  CONTAINER  objective_ardinghelli     [ÉTEINT]  (eliot_arduino_bridge-arduino_bridge:latest)
    └─ aucune node ROS2 détectée
  CONTAINER  docker_cmdvel             [ACTIF]  (auto_start_eliot-navigation)
    ├─ NODE  /arduino_bridge                          [ACTIF]
    └─ NODE  /nav_tunnel_pid_node                     [ACTIF]
  CONTAINER  node_controller           [CRÉÉ]  (auto_start_eliot-node_controller)
    └─ aucune node ROS2 détectée
  CONTAINER  covaciel_camera           [CRÉÉ]  (auto_start_eliot-camera)
    └─ aucune node ROS2 détectée
  CONTAINER  voiture_complete          [REDÉMARRAGE]  (integration_ws_eliot-voiture)
    └─ aucune node ROS2 détectée
  CONTAINER  eliot_arduino_bridge      [ACTIF]  (eliot_arduino_bridge-arduino_bridge)
    ├─ NODE  /arduino_bridge                          [ACTIF]
    └─ NODE  /nav_tunnel_pid_node                     [ACTIF]

━━━━━━━━━━━━━━━━━━━━━━━━━━━━━━━━━━━━━━━━━━━━━━━━━━━━━━━━━━━━
[2026-04-29  09:11:25]
  CONTAINER  objective_ardinghelli     [ÉTEINT]  (eliot_arduino_bridge-arduino_bridge:latest)
    └─ aucune node ROS2 détectée
  CONTAINER  docker_cmdvel             [ACTIF]  (auto_start_eliot-navigation)
    ├─ NODE  /arduino_bridge                          [ACTIF]
    └─ NODE  /nav_tunnel_pid_node                     [ACTIF]
  CONTAINER  node_controller           [CRÉÉ]  (auto_start_eliot-node_controller)
    └─ aucune node ROS2 détectée
  CONTAINER  covaciel_camera           [CRÉÉ]  (auto_start_eliot-camera)
    └─ aucune node ROS2 détectée
  CONTAINER  voiture_complete          [REDÉMARRAGE]  (integration_ws_eliot-voiture)
    └─ aucune node ROS2 détectée
  CONTAINER  eliot_arduino_bridge      [ACTIF]  (eliot_arduino_bridge-arduino_bridge)
    ├─ NODE  /arduino_bridge                          [ACTIF]
    └─ NODE  /nav_tunnel_pid_node                     [ACTIF]

━━━━━━━━━━━━━━━━━━━━━━━━━━━━━━━━━━━━━━━━━━━━━━━━━━━━━━━━━━━━
[2026-04-29  09:11:32]
  CONTAINER  objective_ardinghelli     [ÉTEINT]  (eliot_arduino_bridge-arduino_bridge:latest)
    └─ aucune node ROS2 détectée
  CONTAINER  docker_cmdvel             [ACTIF]  (auto_start_eliot-navigation)
    ├─ NODE  /arduino_bridge                          [ACTIF]
    └─ NODE  /nav_tunnel_pid_node                     [ACTIF]
  CONTAINER  node_controller           [CRÉÉ]  (auto_start_eliot-node_controller)
    └─ aucune node ROS2 détectée
  CONTAINER  covaciel_camera           [CRÉÉ]  (auto_start_eliot-camera)
    └─ aucune node ROS2 détectée
  CONTAINER  voiture_complete          [REDÉMARRAGE]  (integration_ws_eliot-voiture)
    └─ aucune node ROS2 détectée
  CONTAINER  eliot_arduino_bridge      [ACTIF]  (eliot_arduino_bridge-arduino_bridge)
    ├─ NODE  /arduino_bridge                          [ACTIF]
    └─ NODE  /nav_tunnel_pid_node                     [ACTIF]

━━━━━━━━━━━━━━━━━━━━━━━━━━━━━━━━━━━━━━━━━━━━━━━━━━━━━━━━━━━━
[2026-04-29  09:11:39]
  CONTAINER  objective_ardinghelli     [ÉTEINT]  (eliot_arduino_bridge-arduino_bridge:latest)
    └─ aucune node ROS2 détectée
  CONTAINER  docker_cmdvel             [ACTIF]  (auto_start_eliot-navigation)
    ├─ NODE  /arduino_bridge                          [ACTIF]
    └─ NODE  /nav_tunnel_pid_node                     [ACTIF]
  CONTAINER  node_controller           [CRÉÉ]  (auto_start_eliot-node_controller)
    └─ aucune node ROS2 détectée
  CONTAINER  covaciel_camera           [CRÉÉ]  (auto_start_eliot-camera)
    └─ aucune node ROS2 détectée
  CONTAINER  voiture_complete          [REDÉMARRAGE]  (integration_ws_eliot-voiture)
    └─ aucune node ROS2 détectée
  CONTAINER  eliot_arduino_bridge      [ACTIF]  (eliot_arduino_bridge-arduino_bridge)
    ├─ NODE  /arduino_bridge                          [ACTIF]
    └─ NODE  /nav_tunnel_pid_node                     [ACTIF]

━━━━━━━━━━━━━━━━━━━━━━━━━━━━━━━━━━━━━━━━━━━━━━━━━━━━━━━━━━━━
[2026-04-29  09:11:46]
  CONTAINER  objective_ardinghelli     [ÉTEINT]  (eliot_arduino_bridge-arduino_bridge:latest)
    └─ aucune node ROS2 détectée
  CONTAINER  docker_cmdvel             [ACTIF]  (auto_start_eliot-navigation)
    ├─ NODE  /arduino_bridge                          [ACTIF]
    └─ NODE  /nav_tunnel_pid_node                     [ACTIF]
  CONTAINER  node_controller           [CRÉÉ]  (auto_start_eliot-node_controller)
    └─ aucune node ROS2 détectée
  CONTAINER  covaciel_camera           [CRÉÉ]  (auto_start_eliot-camera)
    └─ aucune node ROS2 détectée
  CONTAINER  voiture_complete          [REDÉMARRAGE]  (integration_ws_eliot-voiture)
    └─ aucune node ROS2 détectée
  CONTAINER  eliot_arduino_bridge      [ACTIF]  (eliot_arduino_bridge-arduino_bridge)
    ├─ NODE  /arduino_bridge                          [ACTIF]
    └─ NODE  /nav_tunnel_pid_node                     [ACTIF]

━━━━━━━━━━━━━━━━━━━━━━━━━━━━━━━━━━━━━━━━━━━━━━━━━━━━━━━━━━━━
[2026-04-29  09:11:52]
  CONTAINER  objective_ardinghelli     [ÉTEINT]  (eliot_arduino_bridge-arduino_bridge:latest)
    └─ aucune node ROS2 détectée
  CONTAINER  docker_cmdvel             [ACTIF]  (auto_start_eliot-navigation)
    ├─ NODE  /arduino_bridge                          [ACTIF]
    └─ NODE  /nav_tunnel_pid_node                     [ACTIF]
  CONTAINER  node_controller           [CRÉÉ]  (auto_start_eliot-node_controller)
    └─ aucune node ROS2 détectée
  CONTAINER  covaciel_camera           [CRÉÉ]  (auto_start_eliot-camera)
    └─ aucune node ROS2 détectée
  CONTAINER  voiture_complete          [REDÉMARRAGE]  (integration_ws_eliot-voiture)
    └─ aucune node ROS2 détectée
  CONTAINER  eliot_arduino_bridge      [ACTIF]  (eliot_arduino_bridge-arduino_bridge)
    ├─ NODE  /arduino_bridge                          [ACTIF]
    └─ NODE  /nav_tunnel_pid_node                     [ACTIF]

━━━━━━━━━━━━━━━━━━━━━━━━━━━━━━━━━━━━━━━━━━━━━━━━━━━━━━━━━━━━
[2026-04-29  09:11:59]
  CONTAINER  objective_ardinghelli     [ÉTEINT]  (eliot_arduino_bridge-arduino_bridge:latest)
    └─ aucune node ROS2 détectée
  CONTAINER  docker_cmdvel             [ACTIF]  (auto_start_eliot-navigation)
    ├─ NODE  /arduino_bridge                          [ACTIF]
    └─ NODE  /nav_tunnel_pid_node                     [ACTIF]
  CONTAINER  node_controller           [CRÉÉ]  (auto_start_eliot-node_controller)
    └─ aucune node ROS2 détectée
  CONTAINER  covaciel_camera           [CRÉÉ]  (auto_start_eliot-camera)
    └─ aucune node ROS2 détectée
  CONTAINER  voiture_complete          [REDÉMARRAGE]  (integration_ws_eliot-voiture)
    └─ aucune node ROS2 détectée
  CONTAINER  eliot_arduino_bridge      [ACTIF]  (eliot_arduino_bridge-arduino_bridge)
    ├─ NODE  /arduino_bridge                          [ACTIF]
    └─ NODE  /nav_tunnel_pid_node                     [ACTIF]

━━━━━━━━━━━━━━━━━━━━━━━━━━━━━━━━━━━━━━━━━━━━━━━━━━━━━━━━━━━━
[2026-04-29  09:12:06]
  CONTAINER  objective_ardinghelli     [ÉTEINT]  (eliot_arduino_bridge-arduino_bridge:latest)
    └─ aucune node ROS2 détectée
  CONTAINER  docker_cmdvel             [ACTIF]  (auto_start_eliot-navigation)
    ├─ NODE  /arduino_bridge                          [ACTIF]
    └─ NODE  /nav_tunnel_pid_node                     [ACTIF]
  CONTAINER  node_controller           [CRÉÉ]  (auto_start_eliot-node_controller)
    └─ aucune node ROS2 détectée
  CONTAINER  covaciel_camera           [CRÉÉ]  (auto_start_eliot-camera)
    └─ aucune node ROS2 détectée
  CONTAINER  voiture_complete          [REDÉMARRAGE]  (integration_ws_eliot-voiture)
    └─ aucune node ROS2 détectée
  CONTAINER  eliot_arduino_bridge      [ACTIF]  (eliot_arduino_bridge-arduino_bridge)
    ├─ NODE  /arduino_bridge                          [ACTIF]
    └─ NODE  /nav_tunnel_pid_node                     [ACTIF]

━━━━━━━━━━━━━━━━━━━━━━━━━━━━━━━━━━━━━━━━━━━━━━━━━━━━━━━━━━━━
[2026-04-29  09:12:12]
  CONTAINER  objective_ardinghelli     [ÉTEINT]  (eliot_arduino_bridge-arduino_bridge:latest)
    └─ aucune node ROS2 détectée
  CONTAINER  docker_cmdvel             [ACTIF]  (auto_start_eliot-navigation)
    ├─ NODE  /arduino_bridge                          [ACTIF]
    └─ NODE  /nav_tunnel_pid_node                     [ACTIF]
  CONTAINER  node_controller           [CRÉÉ]  (auto_start_eliot-node_controller)
    └─ aucune node ROS2 détectée
  CONTAINER  covaciel_camera           [CRÉÉ]  (auto_start_eliot-camera)
    └─ aucune node ROS2 détectée
  CONTAINER  voiture_complete          [REDÉMARRAGE]  (integration_ws_eliot-voiture)
    └─ aucune node ROS2 détectée
  CONTAINER  eliot_arduino_bridge      [ACTIF]  (eliot_arduino_bridge-arduino_bridge)
    ├─ NODE  /arduino_bridge                          [ACTIF]
    └─ NODE  /nav_tunnel_pid_node                     [ACTIF]

━━━━━━━━━━━━━━━━━━━━━━━━━━━━━━━━━━━━━━━━━━━━━━━━━━━━━━━━━━━━
[2026-04-29  09:12:19]
  CONTAINER  objective_ardinghelli     [ÉTEINT]  (eliot_arduino_bridge-arduino_bridge:latest)
    └─ aucune node ROS2 détectée
  CONTAINER  docker_cmdvel             [ACTIF]  (auto_start_eliot-navigation)
    ├─ NODE  /arduino_bridge                          [ACTIF]
    └─ NODE  /nav_tunnel_pid_node                     [ACTIF]
  CONTAINER  node_controller           [CRÉÉ]  (auto_start_eliot-node_controller)
    └─ aucune node ROS2 détectée
  CONTAINER  covaciel_camera           [CRÉÉ]  (auto_start_eliot-camera)
    └─ aucune node ROS2 détectée
  CONTAINER  voiture_complete          [REDÉMARRAGE]  (integration_ws_eliot-voiture)
    └─ aucune node ROS2 détectée
  CONTAINER  eliot_arduino_bridge      [ACTIF]  (eliot_arduino_bridge-arduino_bridge)
    ├─ NODE  /arduino_bridge                          [ACTIF]
    └─ NODE  /nav_tunnel_pid_node                     [ACTIF]

━━━━━━━━━━━━━━━━━━━━━━━━━━━━━━━━━━━━━━━━━━━━━━━━━━━━━━━━━━━━
[2026-04-29  09:12:26]
  CONTAINER  objective_ardinghelli     [ÉTEINT]  (eliot_arduino_bridge-arduino_bridge:latest)
    └─ aucune node ROS2 détectée
  CONTAINER  docker_cmdvel             [ACTIF]  (auto_start_eliot-navigation)
    ├─ NODE  /arduino_bridge                          [ACTIF]
    └─ NODE  /nav_tunnel_pid_node                     [ACTIF]
  CONTAINER  node_controller           [CRÉÉ]  (auto_start_eliot-node_controller)
    └─ aucune node ROS2 détectée
  CONTAINER  covaciel_camera           [CRÉÉ]  (auto_start_eliot-camera)
    └─ aucune node ROS2 détectée
  CONTAINER  voiture_complete          [REDÉMARRAGE]  (integration_ws_eliot-voiture)
    └─ aucune node ROS2 détectée
  CONTAINER  eliot_arduino_bridge      [ACTIF]  (eliot_arduino_bridge-arduino_bridge)
    ├─ NODE  /arduino_bridge                          [ACTIF]
    └─ NODE  /nav_tunnel_pid_node                     [ACTIF]

━━━━━━━━━━━━━━━━━━━━━━━━━━━━━━━━━━━━━━━━━━━━━━━━━━━━━━━━━━━━
[2026-04-29  09:12:33]
  CONTAINER  objective_ardinghelli     [ÉTEINT]  (eliot_arduino_bridge-arduino_bridge:latest)
    └─ aucune node ROS2 détectée
  CONTAINER  docker_cmdvel             [ACTIF]  (auto_start_eliot-navigation)
    ├─ NODE  /arduino_bridge                          [ACTIF]
    └─ NODE  /nav_tunnel_pid_node                     [ACTIF]
  CONTAINER  node_controller           [CRÉÉ]  (auto_start_eliot-node_controller)
    └─ aucune node ROS2 détectée
  CONTAINER  covaciel_camera           [CRÉÉ]  (auto_start_eliot-camera)
    └─ aucune node ROS2 détectée
  CONTAINER  voiture_complete          [REDÉMARRAGE]  (integration_ws_eliot-voiture)
    └─ aucune node ROS2 détectée
  CONTAINER  eliot_arduino_bridge      [ACTIF]  (eliot_arduino_bridge-arduino_bridge)
    ├─ NODE  /arduino_bridge                          [ACTIF]
    └─ NODE  /nav_tunnel_pid_node                     [ACTIF]

━━━━━━━━━━━━━━━━━━━━━━━━━━━━━━━━━━━━━━━━━━━━━━━━━━━━━━━━━━━━
[2026-04-29  09:12:39]
  CONTAINER  objective_ardinghelli     [ÉTEINT]  (eliot_arduino_bridge-arduino_bridge:latest)
    └─ aucune node ROS2 détectée
  CONTAINER  docker_cmdvel             [ACTIF]  (auto_start_eliot-navigation)
    ├─ NODE  /arduino_bridge                          [ACTIF]
    └─ NODE  /nav_tunnel_pid_node                     [ACTIF]
  CONTAINER  node_controller           [CRÉÉ]  (auto_start_eliot-node_controller)
    └─ aucune node ROS2 détectée
  CONTAINER  covaciel_camera           [CRÉÉ]  (auto_start_eliot-camera)
    └─ aucune node ROS2 détectée
  CONTAINER  voiture_complete          [REDÉMARRAGE]  (integration_ws_eliot-voiture)
    └─ aucune node ROS2 détectée
  CONTAINER  eliot_arduino_bridge      [ACTIF]  (eliot_arduino_bridge-arduino_bridge)
    ├─ NODE  /arduino_bridge                          [ACTIF]
    └─ NODE  /nav_tunnel_pid_node                     [ACTIF]

━━━━━━━━━━━━━━━━━━━━━━━━━━━━━━━━━━━━━━━━━━━━━━━━━━━━━━━━━━━━
[2026-04-29  09:12:46]
  CONTAINER  objective_ardinghelli     [ÉTEINT]  (eliot_arduino_bridge-arduino_bridge:latest)
    └─ aucune node ROS2 détectée
  CONTAINER  docker_cmdvel             [ACTIF]  (auto_start_eliot-navigation)
    ├─ NODE  /arduino_bridge                          [ACTIF]
    └─ NODE  /nav_tunnel_pid_node                     [ACTIF]
  CONTAINER  node_controller           [CRÉÉ]  (auto_start_eliot-node_controller)
    └─ aucune node ROS2 détectée
  CONTAINER  covaciel_camera           [CRÉÉ]  (auto_start_eliot-camera)
    └─ aucune node ROS2 détectée
  CONTAINER  voiture_complete          [REDÉMARRAGE]  (integration_ws_eliot-voiture)
    └─ aucune node ROS2 détectée
  CONTAINER  eliot_arduino_bridge      [ACTIF]  (eliot_arduino_bridge-arduino_bridge)
    ├─ NODE  /arduino_bridge                          [ACTIF]
    └─ NODE  /nav_tunnel_pid_node                     [ACTIF]

━━━━━━━━━━━━━━━━━━━━━━━━━━━━━━━━━━━━━━━━━━━━━━━━━━━━━━━━━━━━
[2026-04-29  09:12:53]
  CONTAINER  objective_ardinghelli     [ÉTEINT]  (eliot_arduino_bridge-arduino_bridge:latest)
    └─ aucune node ROS2 détectée
  CONTAINER  docker_cmdvel             [ACTIF]  (auto_start_eliot-navigation)
    ├─ NODE  /arduino_bridge                          [ACTIF]
    └─ NODE  /nav_tunnel_pid_node                     [ACTIF]
  CONTAINER  node_controller           [CRÉÉ]  (auto_start_eliot-node_controller)
    └─ aucune node ROS2 détectée
  CONTAINER  covaciel_camera           [CRÉÉ]  (auto_start_eliot-camera)
    └─ aucune node ROS2 détectée
  CONTAINER  voiture_complete          [REDÉMARRAGE]  (integration_ws_eliot-voiture)
    └─ aucune node ROS2 détectée
  CONTAINER  eliot_arduino_bridge      [ACTIF]  (eliot_arduino_bridge-arduino_bridge)
    ├─ NODE  /arduino_bridge                          [ACTIF]
    └─ NODE  /nav_tunnel_pid_node                     [ACTIF]

━━━━━━━━━━━━━━━━━━━━━━━━━━━━━━━━━━━━━━━━━━━━━━━━━━━━━━━━━━━━
[2026-04-29  09:12:59]
  CONTAINER  objective_ardinghelli     [ÉTEINT]  (eliot_arduino_bridge-arduino_bridge:latest)
    └─ aucune node ROS2 détectée
  CONTAINER  docker_cmdvel             [ACTIF]  (auto_start_eliot-navigation)
    ├─ NODE  /arduino_bridge                          [ACTIF]
    └─ NODE  /nav_tunnel_pid_node                     [ACTIF]
  CONTAINER  node_controller           [CRÉÉ]  (auto_start_eliot-node_controller)
    └─ aucune node ROS2 détectée
  CONTAINER  covaciel_camera           [CRÉÉ]  (auto_start_eliot-camera)
    └─ aucune node ROS2 détectée
  CONTAINER  voiture_complete          [REDÉMARRAGE]  (integration_ws_eliot-voiture)
    └─ aucune node ROS2 détectée
  CONTAINER  eliot_arduino_bridge      [ACTIF]  (eliot_arduino_bridge-arduino_bridge)
    ├─ NODE  /arduino_bridge                          [ACTIF]
    └─ NODE  /nav_tunnel_pid_node                     [ACTIF]

━━━━━━━━━━━━━━━━━━━━━━━━━━━━━━━━━━━━━━━━━━━━━━━━━━━━━━━━━━━━
[2026-04-29  09:13:06]
  CONTAINER  objective_ardinghelli     [ÉTEINT]  (eliot_arduino_bridge-arduino_bridge:latest)
    └─ aucune node ROS2 détectée
  CONTAINER  docker_cmdvel             [ACTIF]  (auto_start_eliot-navigation)
    ├─ NODE  /arduino_bridge                          [ACTIF]
    └─ NODE  /nav_tunnel_pid_node                     [ACTIF]
  CONTAINER  node_controller           [CRÉÉ]  (auto_start_eliot-node_controller)
    └─ aucune node ROS2 détectée
  CONTAINER  covaciel_camera           [CRÉÉ]  (auto_start_eliot-camera)
    └─ aucune node ROS2 détectée
  CONTAINER  voiture_complete          [REDÉMARRAGE]  (integration_ws_eliot-voiture)
    └─ aucune node ROS2 détectée
  CONTAINER  eliot_arduino_bridge      [ACTIF]  (eliot_arduino_bridge-arduino_bridge)
    ├─ NODE  /arduino_bridge                          [ACTIF]
    └─ NODE  /nav_tunnel_pid_node                     [ACTIF]

━━━━━━━━━━━━━━━━━━━━━━━━━━━━━━━━━━━━━━━━━━━━━━━━━━━━━━━━━━━━
[2026-04-29  09:13:12]
  CONTAINER  objective_ardinghelli     [ÉTEINT]  (eliot_arduino_bridge-arduino_bridge:latest)
    └─ aucune node ROS2 détectée
  CONTAINER  docker_cmdvel             [ACTIF]  (auto_start_eliot-navigation)
    ├─ NODE  /arduino_bridge                          [ACTIF]
    └─ NODE  /nav_tunnel_pid_node                     [ACTIF]
  CONTAINER  node_controller           [CRÉÉ]  (auto_start_eliot-node_controller)
    └─ aucune node ROS2 détectée
  CONTAINER  covaciel_camera           [CRÉÉ]  (auto_start_eliot-camera)
    └─ aucune node ROS2 détectée
  CONTAINER  voiture_complete          [REDÉMARRAGE]  (integration_ws_eliot-voiture)
    └─ aucune node ROS2 détectée
  CONTAINER  eliot_arduino_bridge      [ACTIF]  (eliot_arduino_bridge-arduino_bridge)
    ├─ NODE  /arduino_bridge                          [ACTIF]
    └─ NODE  /nav_tunnel_pid_node                     [ACTIF]

━━━━━━━━━━━━━━━━━━━━━━━━━━━━━━━━━━━━━━━━━━━━━━━━━━━━━━━━━━━━
[2026-04-29  09:13:19]
  CONTAINER  objective_ardinghelli     [ÉTEINT]  (eliot_arduino_bridge-arduino_bridge:latest)
    └─ aucune node ROS2 détectée
  CONTAINER  docker_cmdvel             [ACTIF]  (auto_start_eliot-navigation)
    ├─ NODE  /arduino_bridge                          [ACTIF]
    └─ NODE  /nav_tunnel_pid_node                     [ACTIF]
  CONTAINER  node_controller           [CRÉÉ]  (auto_start_eliot-node_controller)
    └─ aucune node ROS2 détectée
  CONTAINER  covaciel_camera           [CRÉÉ]  (auto_start_eliot-camera)
    └─ aucune node ROS2 détectée
  CONTAINER  voiture_complete          [REDÉMARRAGE]  (integration_ws_eliot-voiture)
    └─ aucune node ROS2 détectée
  CONTAINER  eliot_arduino_bridge      [ACTIF]  (eliot_arduino_bridge-arduino_bridge)
    ├─ NODE  /arduino_bridge                          [ACTIF]
    └─ NODE  /nav_tunnel_pid_node                     [ACTIF]

━━━━━━━━━━━━━━━━━━━━━━━━━━━━━━━━━━━━━━━━━━━━━━━━━━━━━━━━━━━━
[2026-04-29  09:13:26]
  CONTAINER  objective_ardinghelli     [ÉTEINT]  (eliot_arduino_bridge-arduino_bridge:latest)
    └─ aucune node ROS2 détectée
  CONTAINER  docker_cmdvel             [ACTIF]  (auto_start_eliot-navigation)
    ├─ NODE  /arduino_bridge                          [ACTIF]
    └─ NODE  /nav_tunnel_pid_node                     [ACTIF]
  CONTAINER  node_controller           [CRÉÉ]  (auto_start_eliot-node_controller)
    └─ aucune node ROS2 détectée
  CONTAINER  covaciel_camera           [CRÉÉ]  (auto_start_eliot-camera)
    └─ aucune node ROS2 détectée
  CONTAINER  voiture_complete          [REDÉMARRAGE]  (integration_ws_eliot-voiture)
    └─ aucune node ROS2 détectée
  CONTAINER  eliot_arduino_bridge      [ACTIF]  (eliot_arduino_bridge-arduino_bridge)
    ├─ NODE  /arduino_bridge                          [ACTIF]
    └─ NODE  /nav_tunnel_pid_node                     [ACTIF]

━━━━━━━━━━━━━━━━━━━━━━━━━━━━━━━━━━━━━━━━━━━━━━━━━━━━━━━━━━━━
[2026-04-29  09:13:34]
  CONTAINER  objective_ardinghelli     [ÉTEINT]  (eliot_arduino_bridge-arduino_bridge:latest)
    └─ aucune node ROS2 détectée
  CONTAINER  docker_cmdvel             [ACTIF]  (auto_start_eliot-navigation)
    ├─ NODE  /arduino_bridge                          [ACTIF]
    └─ NODE  /nav_tunnel_pid_node                     [ACTIF]
  CONTAINER  node_controller           [CRÉÉ]  (auto_start_eliot-node_controller)
    └─ aucune node ROS2 détectée
  CONTAINER  covaciel_camera           [CRÉÉ]  (auto_start_eliot-camera)
    └─ aucune node ROS2 détectée
  CONTAINER  voiture_complete          [REDÉMARRAGE]  (integration_ws_eliot-voiture)
    └─ aucune node ROS2 détectée
  CONTAINER  eliot_arduino_bridge      [ACTIF]  (eliot_arduino_bridge-arduino_bridge)
    ├─ NODE  /arduino_bridge                          [ACTIF]
    └─ NODE  /nav_tunnel_pid_node                     [ACTIF]

━━━━━━━━━━━━━━━━━━━━━━━━━━━━━━━━━━━━━━━━━━━━━━━━━━━━━━━━━━━━
[2026-04-29  09:13:41]
  CONTAINER  objective_ardinghelli     [ÉTEINT]  (eliot_arduino_bridge-arduino_bridge:latest)
    └─ aucune node ROS2 détectée
  CONTAINER  docker_cmdvel             [ACTIF]  (auto_start_eliot-navigation)
    ├─ NODE  /arduino_bridge                          [ACTIF]
    └─ NODE  /nav_tunnel_pid_node                     [ACTIF]
  CONTAINER  node_controller           [CRÉÉ]  (auto_start_eliot-node_controller)
    └─ aucune node ROS2 détectée
  CONTAINER  covaciel_camera           [CRÉÉ]  (auto_start_eliot-camera)
    └─ aucune node ROS2 détectée
  CONTAINER  voiture_complete          [REDÉMARRAGE]  (integration_ws_eliot-voiture)
    └─ aucune node ROS2 détectée
  CONTAINER  eliot_arduino_bridge      [ACTIF]  (eliot_arduino_bridge-arduino_bridge)
    ├─ NODE  /arduino_bridge                          [ACTIF]
    └─ NODE  /nav_tunnel_pid_node                     [ACTIF]

━━━━━━━━━━━━━━━━━━━━━━━━━━━━━━━━━━━━━━━━━━━━━━━━━━━━━━━━━━━━
[2026-04-29  09:13:47]
  CONTAINER  objective_ardinghelli     [ÉTEINT]  (eliot_arduino_bridge-arduino_bridge:latest)
    └─ aucune node ROS2 détectée
  CONTAINER  docker_cmdvel             [ACTIF]  (auto_start_eliot-navigation)
    ├─ NODE  /arduino_bridge                          [ACTIF]
    └─ NODE  /nav_tunnel_pid_node                     [ACTIF]
  CONTAINER  node_controller           [CRÉÉ]  (auto_start_eliot-node_controller)
    └─ aucune node ROS2 détectée
  CONTAINER  covaciel_camera           [CRÉÉ]  (auto_start_eliot-camera)
    └─ aucune node ROS2 détectée
  CONTAINER  voiture_complete          [REDÉMARRAGE]  (integration_ws_eliot-voiture)
    └─ aucune node ROS2 détectée
  CONTAINER  eliot_arduino_bridge      [ACTIF]  (eliot_arduino_bridge-arduino_bridge)
    ├─ NODE  /arduino_bridge                          [ACTIF]
    └─ NODE  /nav_tunnel_pid_node                     [ACTIF]

━━━━━━━━━━━━━━━━━━━━━━━━━━━━━━━━━━━━━━━━━━━━━━━━━━━━━━━━━━━━
[2026-04-29  09:13:55]
  CONTAINER  objective_ardinghelli     [ÉTEINT]  (eliot_arduino_bridge-arduino_bridge:latest)
    └─ aucune node ROS2 détectée
  CONTAINER  docker_cmdvel             [ACTIF]  (auto_start_eliot-navigation)
    ├─ NODE  /arduino_bridge                          [ACTIF]
    └─ NODE  /nav_tunnel_pid_node                     [ACTIF]
  CONTAINER  node_controller           [CRÉÉ]  (auto_start_eliot-node_controller)
    └─ aucune node ROS2 détectée
  CONTAINER  covaciel_camera           [CRÉÉ]  (auto_start_eliot-camera)
    └─ aucune node ROS2 détectée
  CONTAINER  voiture_complete          [REDÉMARRAGE]  (integration_ws_eliot-voiture)
    └─ aucune node ROS2 détectée
  CONTAINER  eliot_arduino_bridge      [ACTIF]  (eliot_arduino_bridge-arduino_bridge)
    ├─ NODE  /arduino_bridge                          [ACTIF]
    └─ NODE  /nav_tunnel_pid_node                     [ACTIF]

━━━━━━━━━━━━━━━━━━━━━━━━━━━━━━━━━━━━━━━━━━━━━━━━━━━━━━━━━━━━
[2026-04-29  09:14:01]
  CONTAINER  objective_ardinghelli     [ÉTEINT]  (eliot_arduino_bridge-arduino_bridge:latest)
    └─ aucune node ROS2 détectée
  CONTAINER  docker_cmdvel             [ACTIF]  (auto_start_eliot-navigation)
    ├─ NODE  /arduino_bridge                          [ACTIF]
    └─ NODE  /nav_tunnel_pid_node                     [ACTIF]
  CONTAINER  node_controller           [CRÉÉ]  (auto_start_eliot-node_controller)
    └─ aucune node ROS2 détectée
  CONTAINER  covaciel_camera           [CRÉÉ]  (auto_start_eliot-camera)
    └─ aucune node ROS2 détectée
  CONTAINER  voiture_complete          [REDÉMARRAGE]  (integration_ws_eliot-voiture)
    └─ aucune node ROS2 détectée
  CONTAINER  eliot_arduino_bridge      [ACTIF]  (eliot_arduino_bridge-arduino_bridge)
    ├─ NODE  /arduino_bridge                          [ACTIF]
    └─ NODE  /nav_tunnel_pid_node                     [ACTIF]

━━━━━━━━━━━━━━━━━━━━━━━━━━━━━━━━━━━━━━━━━━━━━━━━━━━━━━━━━━━━
[2026-04-29  09:14:08]
  CONTAINER  objective_ardinghelli     [ÉTEINT]  (eliot_arduino_bridge-arduino_bridge:latest)
    └─ aucune node ROS2 détectée
  CONTAINER  docker_cmdvel             [ACTIF]  (auto_start_eliot-navigation)
    ├─ NODE  /arduino_bridge                          [ACTIF]
    └─ NODE  /nav_tunnel_pid_node                     [ACTIF]
  CONTAINER  node_controller           [CRÉÉ]  (auto_start_eliot-node_controller)
    └─ aucune node ROS2 détectée
  CONTAINER  covaciel_camera           [CRÉÉ]  (auto_start_eliot-camera)
    └─ aucune node ROS2 détectée
  CONTAINER  voiture_complete          [REDÉMARRAGE]  (integration_ws_eliot-voiture)
    └─ aucune node ROS2 détectée
  CONTAINER  eliot_arduino_bridge      [ACTIF]  (eliot_arduino_bridge-arduino_bridge)
    ├─ NODE  /arduino_bridge                          [ACTIF]
    └─ NODE  /nav_tunnel_pid_node                     [ACTIF]

━━━━━━━━━━━━━━━━━━━━━━━━━━━━━━━━━━━━━━━━━━━━━━━━━━━━━━━━━━━━
[2026-04-29  09:14:15]
  CONTAINER  objective_ardinghelli     [ÉTEINT]  (eliot_arduino_bridge-arduino_bridge:latest)
    └─ aucune node ROS2 détectée
  CONTAINER  docker_cmdvel             [ACTIF]  (auto_start_eliot-navigation)
    ├─ NODE  /arduino_bridge                          [ACTIF]
    └─ NODE  /nav_tunnel_pid_node                     [ACTIF]
  CONTAINER  node_controller           [CRÉÉ]  (auto_start_eliot-node_controller)
    └─ aucune node ROS2 détectée
  CONTAINER  covaciel_camera           [CRÉÉ]  (auto_start_eliot-camera)
    └─ aucune node ROS2 détectée
  CONTAINER  voiture_complete          [REDÉMARRAGE]  (integration_ws_eliot-voiture)
    └─ aucune node ROS2 détectée
  CONTAINER  eliot_arduino_bridge      [ACTIF]  (eliot_arduino_bridge-arduino_bridge)
    ├─ NODE  /arduino_bridge                          [ACTIF]
    └─ NODE  /nav_tunnel_pid_node                     [ACTIF]

━━━━━━━━━━━━━━━━━━━━━━━━━━━━━━━━━━━━━━━━━━━━━━━━━━━━━━━━━━━━
[2026-04-29  09:14:21]
  CONTAINER  objective_ardinghelli     [ÉTEINT]  (eliot_arduino_bridge-arduino_bridge:latest)
    └─ aucune node ROS2 détectée
  CONTAINER  docker_cmdvel             [ACTIF]  (auto_start_eliot-navigation)
    ├─ NODE  /arduino_bridge                          [ACTIF]
    └─ NODE  /nav_tunnel_pid_node                     [ACTIF]
  CONTAINER  node_controller           [CRÉÉ]  (auto_start_eliot-node_controller)
    └─ aucune node ROS2 détectée
  CONTAINER  covaciel_camera           [CRÉÉ]  (auto_start_eliot-camera)
    └─ aucune node ROS2 détectée
  CONTAINER  voiture_complete          [REDÉMARRAGE]  (integration_ws_eliot-voiture)
    └─ aucune node ROS2 détectée
  CONTAINER  eliot_arduino_bridge      [ACTIF]  (eliot_arduino_bridge-arduino_bridge)
    ├─ NODE  /arduino_bridge                          [ACTIF]
    └─ NODE  /nav_tunnel_pid_node                     [ACTIF]

━━━━━━━━━━━━━━━━━━━━━━━━━━━━━━━━━━━━━━━━━━━━━━━━━━━━━━━━━━━━
[2026-04-29  09:14:28]
  CONTAINER  objective_ardinghelli     [ÉTEINT]  (eliot_arduino_bridge-arduino_bridge:latest)
    └─ aucune node ROS2 détectée
  CONTAINER  docker_cmdvel             [ACTIF]  (auto_start_eliot-navigation)
    ├─ NODE  /arduino_bridge                          [ACTIF]
    └─ NODE  /nav_tunnel_pid_node                     [ACTIF]
  CONTAINER  node_controller           [CRÉÉ]  (auto_start_eliot-node_controller)
    └─ aucune node ROS2 détectée
  CONTAINER  covaciel_camera           [CRÉÉ]  (auto_start_eliot-camera)
    └─ aucune node ROS2 détectée
  CONTAINER  voiture_complete          [REDÉMARRAGE]  (integration_ws_eliot-voiture)
    └─ aucune node ROS2 détectée
  CONTAINER  eliot_arduino_bridge      [ACTIF]  (eliot_arduino_bridge-arduino_bridge)
    ├─ NODE  /arduino_bridge                          [ACTIF]
    └─ NODE  /nav_tunnel_pid_node                     [ACTIF]

━━━━━━━━━━━━━━━━━━━━━━━━━━━━━━━━━━━━━━━━━━━━━━━━━━━━━━━━━━━━
[2026-04-29  09:14:35]
  CONTAINER  objective_ardinghelli     [ÉTEINT]  (eliot_arduino_bridge-arduino_bridge:latest)
    └─ aucune node ROS2 détectée
  CONTAINER  docker_cmdvel             [ACTIF]  (auto_start_eliot-navigation)
    ├─ NODE  /arduino_bridge                          [ACTIF]
    └─ NODE  /nav_tunnel_pid_node                     [ACTIF]
  CONTAINER  node_controller           [CRÉÉ]  (auto_start_eliot-node_controller)
    └─ aucune node ROS2 détectée
  CONTAINER  covaciel_camera           [CRÉÉ]  (auto_start_eliot-camera)
    └─ aucune node ROS2 détectée
  CONTAINER  voiture_complete          [REDÉMARRAGE]  (integration_ws_eliot-voiture)
    └─ aucune node ROS2 détectée
  CONTAINER  eliot_arduino_bridge      [ACTIF]  (eliot_arduino_bridge-arduino_bridge)
    ├─ NODE  /arduino_bridge                          [ACTIF]
    └─ NODE  /nav_tunnel_pid_node                     [ACTIF]

━━━━━━━━━━━━━━━━━━━━━━━━━━━━━━━━━━━━━━━━━━━━━━━━━━━━━━━━━━━━
[2026-04-29  09:14:42]
  CONTAINER  objective_ardinghelli     [ÉTEINT]  (eliot_arduino_bridge-arduino_bridge:latest)
    └─ aucune node ROS2 détectée
  CONTAINER  docker_cmdvel             [ACTIF]  (auto_start_eliot-navigation)
    ├─ NODE  /arduino_bridge                          [ACTIF]
    └─ NODE  /nav_tunnel_pid_node                     [ACTIF]
  CONTAINER  node_controller           [CRÉÉ]  (auto_start_eliot-node_controller)
    └─ aucune node ROS2 détectée
  CONTAINER  covaciel_camera           [CRÉÉ]  (auto_start_eliot-camera)
    └─ aucune node ROS2 détectée
  CONTAINER  voiture_complete          [REDÉMARRAGE]  (integration_ws_eliot-voiture)
    └─ aucune node ROS2 détectée
  CONTAINER  eliot_arduino_bridge      [ACTIF]  (eliot_arduino_bridge-arduino_bridge)
    ├─ NODE  /arduino_bridge                          [ACTIF]
    └─ NODE  /nav_tunnel_pid_node                     [ACTIF]

━━━━━━━━━━━━━━━━━━━━━━━━━━━━━━━━━━━━━━━━━━━━━━━━━━━━━━━━━━━━
[2026-04-29  09:14:49]
  CONTAINER  objective_ardinghelli     [ÉTEINT]  (eliot_arduino_bridge-arduino_bridge:latest)
    └─ aucune node ROS2 détectée
  CONTAINER  docker_cmdvel             [ACTIF]  (auto_start_eliot-navigation)
    ├─ NODE  /arduino_bridge                          [ACTIF]
    └─ NODE  /nav_tunnel_pid_node                     [ACTIF]
  CONTAINER  node_controller           [CRÉÉ]  (auto_start_eliot-node_controller)
    └─ aucune node ROS2 détectée
  CONTAINER  covaciel_camera           [CRÉÉ]  (auto_start_eliot-camera)
    └─ aucune node ROS2 détectée
  CONTAINER  voiture_complete          [REDÉMARRAGE]  (integration_ws_eliot-voiture)
    └─ aucune node ROS2 détectée
  CONTAINER  eliot_arduino_bridge      [ACTIF]  (eliot_arduino_bridge-arduino_bridge)
    ├─ NODE  /arduino_bridge                          [ACTIF]
    └─ NODE  /nav_tunnel_pid_node                     [ACTIF]

━━━━━━━━━━━━━━━━━━━━━━━━━━━━━━━━━━━━━━━━━━━━━━━━━━━━━━━━━━━━
[2026-04-29  09:14:55]
  CONTAINER  objective_ardinghelli     [ÉTEINT]  (eliot_arduino_bridge-arduino_bridge:latest)
    └─ aucune node ROS2 détectée
  CONTAINER  docker_cmdvel             [ACTIF]  (auto_start_eliot-navigation)
    ├─ NODE  /arduino_bridge                          [ACTIF]
    └─ NODE  /nav_tunnel_pid_node                     [ACTIF]
  CONTAINER  node_controller           [CRÉÉ]  (auto_start_eliot-node_controller)
    └─ aucune node ROS2 détectée
  CONTAINER  covaciel_camera           [CRÉÉ]  (auto_start_eliot-camera)
    └─ aucune node ROS2 détectée
  CONTAINER  voiture_complete          [REDÉMARRAGE]  (integration_ws_eliot-voiture)
    └─ aucune node ROS2 détectée
  CONTAINER  eliot_arduino_bridge      [ACTIF]  (eliot_arduino_bridge-arduino_bridge)
    ├─ NODE  /arduino_bridge                          [ACTIF]
    └─ NODE  /nav_tunnel_pid_node                     [ACTIF]

━━━━━━━━━━━━━━━━━━━━━━━━━━━━━━━━━━━━━━━━━━━━━━━━━━━━━━━━━━━━
[2026-04-29  09:15:02]
  CONTAINER  objective_ardinghelli     [ÉTEINT]  (eliot_arduino_bridge-arduino_bridge:latest)
    └─ aucune node ROS2 détectée
  CONTAINER  docker_cmdvel             [ACTIF]  (auto_start_eliot-navigation)
    ├─ NODE  /arduino_bridge                          [ACTIF]
    └─ NODE  /nav_tunnel_pid_node                     [ACTIF]
  CONTAINER  node_controller           [CRÉÉ]  (auto_start_eliot-node_controller)
    └─ aucune node ROS2 détectée
  CONTAINER  covaciel_camera           [CRÉÉ]  (auto_start_eliot-camera)
    └─ aucune node ROS2 détectée
  CONTAINER  voiture_complete          [REDÉMARRAGE]  (integration_ws_eliot-voiture)
    └─ aucune node ROS2 détectée
  CONTAINER  eliot_arduino_bridge      [ACTIF]  (eliot_arduino_bridge-arduino_bridge)
    ├─ NODE  /arduino_bridge                          [ACTIF]
    └─ NODE  /nav_tunnel_pid_node                     [ACTIF]

━━━━━━━━━━━━━━━━━━━━━━━━━━━━━━━━━━━━━━━━━━━━━━━━━━━━━━━━━━━━
[2026-04-29  09:15:09]
  CONTAINER  objective_ardinghelli     [ÉTEINT]  (eliot_arduino_bridge-arduino_bridge:latest)
    └─ aucune node ROS2 détectée
  CONTAINER  docker_cmdvel             [ACTIF]  (auto_start_eliot-navigation)
    ├─ NODE  /arduino_bridge                          [ACTIF]
    └─ NODE  /nav_tunnel_pid_node                     [ACTIF]
  CONTAINER  node_controller           [CRÉÉ]  (auto_start_eliot-node_controller)
    └─ aucune node ROS2 détectée
  CONTAINER  covaciel_camera           [CRÉÉ]  (auto_start_eliot-camera)
    └─ aucune node ROS2 détectée
  CONTAINER  voiture_complete          [REDÉMARRAGE]  (integration_ws_eliot-voiture)
    └─ aucune node ROS2 détectée
  CONTAINER  eliot_arduino_bridge      [ACTIF]  (eliot_arduino_bridge-arduino_bridge)
    ├─ NODE  /arduino_bridge                          [ACTIF]
    └─ NODE  /nav_tunnel_pid_node                     [ACTIF]

━━━━━━━━━━━━━━━━━━━━━━━━━━━━━━━━━━━━━━━━━━━━━━━━━━━━━━━━━━━━
[2026-04-29  09:15:16]
  CONTAINER  objective_ardinghelli     [ÉTEINT]  (eliot_arduino_bridge-arduino_bridge:latest)
    └─ aucune node ROS2 détectée
  CONTAINER  docker_cmdvel             [ACTIF]  (auto_start_eliot-navigation)
    ├─ NODE  /arduino_bridge                          [ACTIF]
    └─ NODE  /nav_tunnel_pid_node                     [ACTIF]
  CONTAINER  node_controller           [CRÉÉ]  (auto_start_eliot-node_controller)
    └─ aucune node ROS2 détectée
  CONTAINER  covaciel_camera           [CRÉÉ]  (auto_start_eliot-camera)
    └─ aucune node ROS2 détectée
  CONTAINER  voiture_complete          [REDÉMARRAGE]  (integration_ws_eliot-voiture)
    └─ aucune node ROS2 détectée
  CONTAINER  eliot_arduino_bridge      [ACTIF]  (eliot_arduino_bridge-arduino_bridge)
    ├─ NODE  /arduino_bridge                          [ACTIF]
    └─ NODE  /nav_tunnel_pid_node                     [ACTIF]

━━━━━━━━━━━━━━━━━━━━━━━━━━━━━━━━━━━━━━━━━━━━━━━━━━━━━━━━━━━━
[2026-04-29  09:15:22]
  CONTAINER  objective_ardinghelli     [ÉTEINT]  (eliot_arduino_bridge-arduino_bridge:latest)
    └─ aucune node ROS2 détectée
  CONTAINER  docker_cmdvel             [ACTIF]  (auto_start_eliot-navigation)
    ├─ NODE  /arduino_bridge                          [ACTIF]
    └─ NODE  /nav_tunnel_pid_node                     [ACTIF]
  CONTAINER  node_controller           [CRÉÉ]  (auto_start_eliot-node_controller)
    └─ aucune node ROS2 détectée
  CONTAINER  covaciel_camera           [CRÉÉ]  (auto_start_eliot-camera)
    └─ aucune node ROS2 détectée
  CONTAINER  voiture_complete          [REDÉMARRAGE]  (integration_ws_eliot-voiture)
    └─ aucune node ROS2 détectée
  CONTAINER  eliot_arduino_bridge      [ACTIF]  (eliot_arduino_bridge-arduino_bridge)
    ├─ NODE  /arduino_bridge                          [ACTIF]
    └─ NODE  /nav_tunnel_pid_node                     [ACTIF]

━━━━━━━━━━━━━━━━━━━━━━━━━━━━━━━━━━━━━━━━━━━━━━━━━━━━━━━━━━━━
[2026-04-29  09:15:29]
  CONTAINER  objective_ardinghelli     [ÉTEINT]  (eliot_arduino_bridge-arduino_bridge:latest)
    └─ aucune node ROS2 détectée
  CONTAINER  docker_cmdvel             [ACTIF]  (auto_start_eliot-navigation)
    ├─ NODE  /arduino_bridge                          [ACTIF]
    └─ NODE  /nav_tunnel_pid_node                     [ACTIF]
  CONTAINER  node_controller           [CRÉÉ]  (auto_start_eliot-node_controller)
    └─ aucune node ROS2 détectée
  CONTAINER  covaciel_camera           [CRÉÉ]  (auto_start_eliot-camera)
    └─ aucune node ROS2 détectée
  CONTAINER  voiture_complete          [REDÉMARRAGE]  (integration_ws_eliot-voiture)
    └─ aucune node ROS2 détectée
  CONTAINER  eliot_arduino_bridge      [ACTIF]  (eliot_arduino_bridge-arduino_bridge)
    ├─ NODE  /arduino_bridge                          [ACTIF]
    └─ NODE  /nav_tunnel_pid_node                     [ACTIF]

━━━━━━━━━━━━━━━━━━━━━━━━━━━━━━━━━━━━━━━━━━━━━━━━━━━━━━━━━━━━
[2026-04-29  09:15:36]
  CONTAINER  objective_ardinghelli     [ÉTEINT]  (eliot_arduino_bridge-arduino_bridge:latest)
    └─ aucune node ROS2 détectée
  CONTAINER  docker_cmdvel             [ACTIF]  (auto_start_eliot-navigation)
    ├─ NODE  /arduino_bridge                          [ACTIF]
    └─ NODE  /nav_tunnel_pid_node                     [ACTIF]
  CONTAINER  node_controller           [CRÉÉ]  (auto_start_eliot-node_controller)
    └─ aucune node ROS2 détectée
  CONTAINER  covaciel_camera           [CRÉÉ]  (auto_start_eliot-camera)
    └─ aucune node ROS2 détectée
  CONTAINER  voiture_complete          [REDÉMARRAGE]  (integration_ws_eliot-voiture)
    └─ aucune node ROS2 détectée
  CONTAINER  eliot_arduino_bridge      [ACTIF]  (eliot_arduino_bridge-arduino_bridge)
    ├─ NODE  /arduino_bridge                          [ACTIF]
    └─ NODE  /nav_tunnel_pid_node                     [ACTIF]

━━━━━━━━━━━━━━━━━━━━━━━━━━━━━━━━━━━━━━━━━━━━━━━━━━━━━━━━━━━━
[2026-04-29  09:15:43]
  CONTAINER  objective_ardinghelli     [ÉTEINT]  (eliot_arduino_bridge-arduino_bridge:latest)
    └─ aucune node ROS2 détectée
  CONTAINER  docker_cmdvel             [ACTIF]  (auto_start_eliot-navigation)
    ├─ NODE  /arduino_bridge                          [ACTIF]
    └─ NODE  /nav_tunnel_pid_node                     [ACTIF]
  CONTAINER  node_controller           [CRÉÉ]  (auto_start_eliot-node_controller)
    └─ aucune node ROS2 détectée
  CONTAINER  covaciel_camera           [CRÉÉ]  (auto_start_eliot-camera)
    └─ aucune node ROS2 détectée
  CONTAINER  voiture_complete          [REDÉMARRAGE]  (integration_ws_eliot-voiture)
    └─ aucune node ROS2 détectée
  CONTAINER  eliot_arduino_bridge      [ACTIF]  (eliot_arduino_bridge-arduino_bridge)
    ├─ NODE  /arduino_bridge                          [ACTIF]
    └─ NODE  /nav_tunnel_pid_node                     [ACTIF]

━━━━━━━━━━━━━━━━━━━━━━━━━━━━━━━━━━━━━━━━━━━━━━━━━━━━━━━━━━━━
[2026-04-29  09:15:50]
  CONTAINER  objective_ardinghelli     [ÉTEINT]  (eliot_arduino_bridge-arduino_bridge:latest)
    └─ aucune node ROS2 détectée
  CONTAINER  docker_cmdvel             [ACTIF]  (auto_start_eliot-navigation)
    ├─ NODE  /arduino_bridge                          [ACTIF]
    └─ NODE  /nav_tunnel_pid_node                     [ACTIF]
  CONTAINER  node_controller           [CRÉÉ]  (auto_start_eliot-node_controller)
    └─ aucune node ROS2 détectée
  CONTAINER  covaciel_camera           [CRÉÉ]  (auto_start_eliot-camera)
    └─ aucune node ROS2 détectée
  CONTAINER  voiture_complete          [REDÉMARRAGE]  (integration_ws_eliot-voiture)
    └─ aucune node ROS2 détectée
  CONTAINER  eliot_arduino_bridge      [ACTIF]  (eliot_arduino_bridge-arduino_bridge)
    ├─ NODE  /arduino_bridge                          [ACTIF]
    └─ NODE  /nav_tunnel_pid_node                     [ACTIF]

━━━━━━━━━━━━━━━━━━━━━━━━━━━━━━━━━━━━━━━━━━━━━━━━━━━━━━━━━━━━
[2026-04-29  09:15:56]
  CONTAINER  objective_ardinghelli     [ÉTEINT]  (eliot_arduino_bridge-arduino_bridge:latest)
    └─ aucune node ROS2 détectée
  CONTAINER  docker_cmdvel             [ACTIF]  (auto_start_eliot-navigation)
    ├─ NODE  /arduino_bridge                          [ACTIF]
    └─ NODE  /nav_tunnel_pid_node                     [ACTIF]
  CONTAINER  node_controller           [CRÉÉ]  (auto_start_eliot-node_controller)
    └─ aucune node ROS2 détectée
  CONTAINER  covaciel_camera           [CRÉÉ]  (auto_start_eliot-camera)
    └─ aucune node ROS2 détectée
  CONTAINER  voiture_complete          [REDÉMARRAGE]  (integration_ws_eliot-voiture)
    └─ aucune node ROS2 détectée
  CONTAINER  eliot_arduino_bridge      [ACTIF]  (eliot_arduino_bridge-arduino_bridge)
    ├─ NODE  /arduino_bridge                          [ACTIF]
    └─ NODE  /nav_tunnel_pid_node                     [ACTIF]

━━━━━━━━━━━━━━━━━━━━━━━━━━━━━━━━━━━━━━━━━━━━━━━━━━━━━━━━━━━━
[2026-04-29  09:16:02]
  CONTAINER  objective_ardinghelli     [ÉTEINT]  (eliot_arduino_bridge-arduino_bridge:latest)
    └─ aucune node ROS2 détectée
  CONTAINER  docker_cmdvel             [ACTIF]  (auto_start_eliot-navigation)
    ├─ NODE  /arduino_bridge                          [ACTIF]
    └─ NODE  /nav_tunnel_pid_node                     [ACTIF]
  CONTAINER  node_controller           [CRÉÉ]  (auto_start_eliot-node_controller)
    └─ aucune node ROS2 détectée
  CONTAINER  covaciel_camera           [CRÉÉ]  (auto_start_eliot-camera)
    └─ aucune node ROS2 détectée
  CONTAINER  voiture_complete          [REDÉMARRAGE]  (integration_ws_eliot-voiture)
    └─ aucune node ROS2 détectée
  CONTAINER  eliot_arduino_bridge      [ACTIF]  (eliot_arduino_bridge-arduino_bridge)
    ├─ NODE  /arduino_bridge                          [ACTIF]
    └─ NODE  /nav_tunnel_pid_node                     [ACTIF]

━━━━━━━━━━━━━━━━━━━━━━━━━━━━━━━━━━━━━━━━━━━━━━━━━━━━━━━━━━━━
[2026-04-29  09:16:09]
  CONTAINER  objective_ardinghelli     [ÉTEINT]  (eliot_arduino_bridge-arduino_bridge:latest)
    └─ aucune node ROS2 détectée
  CONTAINER  docker_cmdvel             [ACTIF]  (auto_start_eliot-navigation)
    ├─ NODE  /arduino_bridge                          [ACTIF]
    └─ NODE  /nav_tunnel_pid_node                     [ACTIF]
  CONTAINER  node_controller           [CRÉÉ]  (auto_start_eliot-node_controller)
    └─ aucune node ROS2 détectée
  CONTAINER  covaciel_camera           [CRÉÉ]  (auto_start_eliot-camera)
    └─ aucune node ROS2 détectée
  CONTAINER  voiture_complete          [REDÉMARRAGE]  (integration_ws_eliot-voiture)
    └─ aucune node ROS2 détectée
  CONTAINER  eliot_arduino_bridge      [ACTIF]  (eliot_arduino_bridge-arduino_bridge)
    ├─ NODE  /arduino_bridge                          [ACTIF]
    └─ NODE  /nav_tunnel_pid_node                     [ACTIF]

━━━━━━━━━━━━━━━━━━━━━━━━━━━━━━━━━━━━━━━━━━━━━━━━━━━━━━━━━━━━
[2026-04-29  09:16:15]
  CONTAINER  objective_ardinghelli     [ÉTEINT]  (eliot_arduino_bridge-arduino_bridge:latest)
    └─ aucune node ROS2 détectée
  CONTAINER  docker_cmdvel             [ACTIF]  (auto_start_eliot-navigation)
    ├─ NODE  /arduino_bridge                          [ACTIF]
    └─ NODE  /nav_tunnel_pid_node                     [ACTIF]
  CONTAINER  node_controller           [CRÉÉ]  (auto_start_eliot-node_controller)
    └─ aucune node ROS2 détectée
  CONTAINER  covaciel_camera           [CRÉÉ]  (auto_start_eliot-camera)
    └─ aucune node ROS2 détectée
  CONTAINER  voiture_complete          [REDÉMARRAGE]  (integration_ws_eliot-voiture)
    └─ aucune node ROS2 détectée
  CONTAINER  eliot_arduino_bridge      [ACTIF]  (eliot_arduino_bridge-arduino_bridge)
    ├─ NODE  /arduino_bridge                          [ACTIF]
    └─ NODE  /nav_tunnel_pid_node                     [ACTIF]

━━━━━━━━━━━━━━━━━━━━━━━━━━━━━━━━━━━━━━━━━━━━━━━━━━━━━━━━━━━━
[2026-04-29  09:16:21]
  CONTAINER  objective_ardinghelli     [ÉTEINT]  (eliot_arduino_bridge-arduino_bridge:latest)
    └─ aucune node ROS2 détectée
  CONTAINER  docker_cmdvel             [ACTIF]  (auto_start_eliot-navigation)
    ├─ NODE  /arduino_bridge                          [ACTIF]
    └─ NODE  /nav_tunnel_pid_node                     [ACTIF]
  CONTAINER  node_controller           [CRÉÉ]  (auto_start_eliot-node_controller)
    └─ aucune node ROS2 détectée
  CONTAINER  covaciel_camera           [CRÉÉ]  (auto_start_eliot-camera)
    └─ aucune node ROS2 détectée
  CONTAINER  voiture_complete          [REDÉMARRAGE]  (integration_ws_eliot-voiture)
    └─ aucune node ROS2 détectée
  CONTAINER  eliot_arduino_bridge      [ACTIF]  (eliot_arduino_bridge-arduino_bridge)
    ├─ NODE  /arduino_bridge                          [ACTIF]
    └─ NODE  /nav_tunnel_pid_node                     [ACTIF]

━━━━━━━━━━━━━━━━━━━━━━━━━━━━━━━━━━━━━━━━━━━━━━━━━━━━━━━━━━━━
[2026-04-29  09:16:28]
  CONTAINER  objective_ardinghelli     [ÉTEINT]  (eliot_arduino_bridge-arduino_bridge:latest)
    └─ aucune node ROS2 détectée
  CONTAINER  docker_cmdvel             [ACTIF]  (auto_start_eliot-navigation)
    ├─ NODE  /arduino_bridge                          [ACTIF]
    └─ NODE  /nav_tunnel_pid_node                     [ACTIF]
  CONTAINER  node_controller           [CRÉÉ]  (auto_start_eliot-node_controller)
    └─ aucune node ROS2 détectée
  CONTAINER  covaciel_camera           [CRÉÉ]  (auto_start_eliot-camera)
    └─ aucune node ROS2 détectée
  CONTAINER  voiture_complete          [REDÉMARRAGE]  (integration_ws_eliot-voiture)
    └─ aucune node ROS2 détectée
  CONTAINER  eliot_arduino_bridge      [ACTIF]  (eliot_arduino_bridge-arduino_bridge)
    ├─ NODE  /arduino_bridge                          [ACTIF]
    └─ NODE  /nav_tunnel_pid_node                     [ACTIF]

━━━━━━━━━━━━━━━━━━━━━━━━━━━━━━━━━━━━━━━━━━━━━━━━━━━━━━━━━━━━
[2026-04-29  09:16:34]
  CONTAINER  objective_ardinghelli     [ÉTEINT]  (eliot_arduino_bridge-arduino_bridge:latest)
    └─ aucune node ROS2 détectée
  CONTAINER  docker_cmdvel             [ACTIF]  (auto_start_eliot-navigation)
    ├─ NODE  /arduino_bridge                          [ACTIF]
    └─ NODE  /nav_tunnel_pid_node                     [ACTIF]
  CONTAINER  node_controller           [CRÉÉ]  (auto_start_eliot-node_controller)
    └─ aucune node ROS2 détectée
  CONTAINER  covaciel_camera           [CRÉÉ]  (auto_start_eliot-camera)
    └─ aucune node ROS2 détectée
  CONTAINER  voiture_complete          [REDÉMARRAGE]  (integration_ws_eliot-voiture)
    └─ aucune node ROS2 détectée
  CONTAINER  eliot_arduino_bridge      [ACTIF]  (eliot_arduino_bridge-arduino_bridge)
    ├─ NODE  /arduino_bridge                          [ACTIF]
    └─ NODE  /nav_tunnel_pid_node                     [ACTIF]

━━━━━━━━━━━━━━━━━━━━━━━━━━━━━━━━━━━━━━━━━━━━━━━━━━━━━━━━━━━━
[2026-04-29  09:16:41]
  CONTAINER  objective_ardinghelli     [ÉTEINT]  (eliot_arduino_bridge-arduino_bridge:latest)
    └─ aucune node ROS2 détectée
  CONTAINER  docker_cmdvel             [ACTIF]  (auto_start_eliot-navigation)
    ├─ NODE  /arduino_bridge                          [ACTIF]
    └─ NODE  /nav_tunnel_pid_node                     [ACTIF]
  CONTAINER  node_controller           [CRÉÉ]  (auto_start_eliot-node_controller)
    └─ aucune node ROS2 détectée
  CONTAINER  covaciel_camera           [CRÉÉ]  (auto_start_eliot-camera)
    └─ aucune node ROS2 détectée
  CONTAINER  voiture_complete          [REDÉMARRAGE]  (integration_ws_eliot-voiture)
    └─ aucune node ROS2 détectée
  CONTAINER  eliot_arduino_bridge      [ACTIF]  (eliot_arduino_bridge-arduino_bridge)
    ├─ NODE  /arduino_bridge                          [ACTIF]
    └─ NODE  /nav_tunnel_pid_node                     [ACTIF]

━━━━━━━━━━━━━━━━━━━━━━━━━━━━━━━━━━━━━━━━━━━━━━━━━━━━━━━━━━━━
[2026-04-29  09:16:47]
  CONTAINER  objective_ardinghelli     [ÉTEINT]  (eliot_arduino_bridge-arduino_bridge:latest)
    └─ aucune node ROS2 détectée
  CONTAINER  docker_cmdvel             [ACTIF]  (auto_start_eliot-navigation)
    ├─ NODE  /arduino_bridge                          [ACTIF]
    └─ NODE  /nav_tunnel_pid_node                     [ACTIF]
  CONTAINER  node_controller           [CRÉÉ]  (auto_start_eliot-node_controller)
    └─ aucune node ROS2 détectée
  CONTAINER  covaciel_camera           [CRÉÉ]  (auto_start_eliot-camera)
    └─ aucune node ROS2 détectée
  CONTAINER  voiture_complete          [REDÉMARRAGE]  (integration_ws_eliot-voiture)
    └─ aucune node ROS2 détectée
  CONTAINER  eliot_arduino_bridge      [ACTIF]  (eliot_arduino_bridge-arduino_bridge)
    ├─ NODE  /arduino_bridge                          [ACTIF]
    └─ NODE  /nav_tunnel_pid_node                     [ACTIF]

━━━━━━━━━━━━━━━━━━━━━━━━━━━━━━━━━━━━━━━━━━━━━━━━━━━━━━━━━━━━
[2026-04-29  09:16:53]
  CONTAINER  objective_ardinghelli     [ÉTEINT]  (eliot_arduino_bridge-arduino_bridge:latest)
    └─ aucune node ROS2 détectée
  CONTAINER  docker_cmdvel             [ACTIF]  (auto_start_eliot-navigation)
    ├─ NODE  /arduino_bridge                          [ACTIF]
    └─ NODE  /nav_tunnel_pid_node                     [ACTIF]
  CONTAINER  node_controller           [CRÉÉ]  (auto_start_eliot-node_controller)
    └─ aucune node ROS2 détectée
  CONTAINER  covaciel_camera           [CRÉÉ]  (auto_start_eliot-camera)
    └─ aucune node ROS2 détectée
  CONTAINER  voiture_complete          [REDÉMARRAGE]  (integration_ws_eliot-voiture)
    └─ aucune node ROS2 détectée
  CONTAINER  eliot_arduino_bridge      [ACTIF]  (eliot_arduino_bridge-arduino_bridge)
    ├─ NODE  /arduino_bridge                          [ACTIF]
    └─ NODE  /nav_tunnel_pid_node                     [ACTIF]

━━━━━━━━━━━━━━━━━━━━━━━━━━━━━━━━━━━━━━━━━━━━━━━━━━━━━━━━━━━━
[2026-04-29  09:17:00]
  CONTAINER  objective_ardinghelli     [ÉTEINT]  (eliot_arduino_bridge-arduino_bridge:latest)
    └─ aucune node ROS2 détectée
  CONTAINER  docker_cmdvel             [ACTIF]  (auto_start_eliot-navigation)
    ├─ NODE  /arduino_bridge                          [ACTIF]
    └─ NODE  /nav_tunnel_pid_node                     [ACTIF]
  CONTAINER  node_controller           [CRÉÉ]  (auto_start_eliot-node_controller)
    └─ aucune node ROS2 détectée
  CONTAINER  covaciel_camera           [CRÉÉ]  (auto_start_eliot-camera)
    └─ aucune node ROS2 détectée
  CONTAINER  voiture_complete          [REDÉMARRAGE]  (integration_ws_eliot-voiture)
    └─ aucune node ROS2 détectée
  CONTAINER  eliot_arduino_bridge      [ACTIF]  (eliot_arduino_bridge-arduino_bridge)
    ├─ NODE  /arduino_bridge                          [ACTIF]
    └─ NODE  /nav_tunnel_pid_node                     [ACTIF]

━━━━━━━━━━━━━━━━━━━━━━━━━━━━━━━━━━━━━━━━━━━━━━━━━━━━━━━━━━━━
[2026-04-29  09:17:06]
  CONTAINER  objective_ardinghelli     [ÉTEINT]  (eliot_arduino_bridge-arduino_bridge:latest)
    └─ aucune node ROS2 détectée
  CONTAINER  docker_cmdvel             [ACTIF]  (auto_start_eliot-navigation)
    ├─ NODE  /arduino_bridge                          [ACTIF]
    └─ NODE  /nav_tunnel_pid_node                     [ACTIF]
  CONTAINER  node_controller           [CRÉÉ]  (auto_start_eliot-node_controller)
    └─ aucune node ROS2 détectée
  CONTAINER  covaciel_camera           [CRÉÉ]  (auto_start_eliot-camera)
    └─ aucune node ROS2 détectée
  CONTAINER  voiture_complete          [REDÉMARRAGE]  (integration_ws_eliot-voiture)
    └─ aucune node ROS2 détectée
  CONTAINER  eliot_arduino_bridge      [ACTIF]  (eliot_arduino_bridge-arduino_bridge)
    ├─ NODE  /arduino_bridge                          [ACTIF]
    └─ NODE  /nav_tunnel_pid_node                     [ACTIF]

━━━━━━━━━━━━━━━━━━━━━━━━━━━━━━━━━━━━━━━━━━━━━━━━━━━━━━━━━━━━
[2026-04-29  09:17:13]
  CONTAINER  objective_ardinghelli     [ÉTEINT]  (eliot_arduino_bridge-arduino_bridge:latest)
    └─ aucune node ROS2 détectée
  CONTAINER  docker_cmdvel             [ACTIF]  (auto_start_eliot-navigation)
    ├─ NODE  /arduino_bridge                          [ACTIF]
    └─ NODE  /nav_tunnel_pid_node                     [ACTIF]
  CONTAINER  node_controller           [CRÉÉ]  (auto_start_eliot-node_controller)
    └─ aucune node ROS2 détectée
  CONTAINER  covaciel_camera           [CRÉÉ]  (auto_start_eliot-camera)
    └─ aucune node ROS2 détectée
  CONTAINER  voiture_complete          [REDÉMARRAGE]  (integration_ws_eliot-voiture)
    └─ aucune node ROS2 détectée
  CONTAINER  eliot_arduino_bridge      [ACTIF]  (eliot_arduino_bridge-arduino_bridge)
    ├─ NODE  /arduino_bridge                          [ACTIF]
    └─ NODE  /nav_tunnel_pid_node                     [ACTIF]

━━━━━━━━━━━━━━━━━━━━━━━━━━━━━━━━━━━━━━━━━━━━━━━━━━━━━━━━━━━━
[2026-04-29  09:17:19]
  CONTAINER  objective_ardinghelli     [ÉTEINT]  (eliot_arduino_bridge-arduino_bridge:latest)
    └─ aucune node ROS2 détectée
  CONTAINER  docker_cmdvel             [ACTIF]  (auto_start_eliot-navigation)
    ├─ NODE  /arduino_bridge                          [ACTIF]
    └─ NODE  /nav_tunnel_pid_node                     [ACTIF]
  CONTAINER  node_controller           [CRÉÉ]  (auto_start_eliot-node_controller)
    └─ aucune node ROS2 détectée
  CONTAINER  covaciel_camera           [CRÉÉ]  (auto_start_eliot-camera)
    └─ aucune node ROS2 détectée
  CONTAINER  voiture_complete          [REDÉMARRAGE]  (integration_ws_eliot-voiture)
    └─ aucune node ROS2 détectée
  CONTAINER  eliot_arduino_bridge      [ACTIF]  (eliot_arduino_bridge-arduino_bridge)
    ├─ NODE  /arduino_bridge                          [ACTIF]
    └─ NODE  /nav_tunnel_pid_node                     [ACTIF]

━━━━━━━━━━━━━━━━━━━━━━━━━━━━━━━━━━━━━━━━━━━━━━━━━━━━━━━━━━━━
[2026-04-29  09:17:25]
  CONTAINER  objective_ardinghelli     [ÉTEINT]  (eliot_arduino_bridge-arduino_bridge:latest)
    └─ aucune node ROS2 détectée
  CONTAINER  docker_cmdvel             [ACTIF]  (auto_start_eliot-navigation)
    ├─ NODE  /arduino_bridge                          [ACTIF]
    └─ NODE  /nav_tunnel_pid_node                     [ACTIF]
  CONTAINER  node_controller           [CRÉÉ]  (auto_start_eliot-node_controller)
    └─ aucune node ROS2 détectée
  CONTAINER  covaciel_camera           [CRÉÉ]  (auto_start_eliot-camera)
    └─ aucune node ROS2 détectée
  CONTAINER  voiture_complete          [REDÉMARRAGE]  (integration_ws_eliot-voiture)
    └─ aucune node ROS2 détectée
  CONTAINER  eliot_arduino_bridge      [ACTIF]  (eliot_arduino_bridge-arduino_bridge)
    ├─ NODE  /arduino_bridge                          [ACTIF]
    └─ NODE  /nav_tunnel_pid_node                     [ACTIF]

━━━━━━━━━━━━━━━━━━━━━━━━━━━━━━━━━━━━━━━━━━━━━━━━━━━━━━━━━━━━
[2026-04-29  09:17:32]
  CONTAINER  objective_ardinghelli     [ÉTEINT]  (eliot_arduino_bridge-arduino_bridge:latest)
    └─ aucune node ROS2 détectée
  CONTAINER  docker_cmdvel             [ACTIF]  (auto_start_eliot-navigation)
    ├─ NODE  /arduino_bridge                          [ACTIF]
    └─ NODE  /nav_tunnel_pid_node                     [ACTIF]
  CONTAINER  node_controller           [CRÉÉ]  (auto_start_eliot-node_controller)
    └─ aucune node ROS2 détectée
  CONTAINER  covaciel_camera           [CRÉÉ]  (auto_start_eliot-camera)
    └─ aucune node ROS2 détectée
  CONTAINER  voiture_complete          [REDÉMARRAGE]  (integration_ws_eliot-voiture)
    └─ aucune node ROS2 détectée
  CONTAINER  eliot_arduino_bridge      [ACTIF]  (eliot_arduino_bridge-arduino_bridge)
    ├─ NODE  /arduino_bridge                          [ACTIF]
    └─ NODE  /nav_tunnel_pid_node                     [ACTIF]

━━━━━━━━━━━━━━━━━━━━━━━━━━━━━━━━━━━━━━━━━━━━━━━━━━━━━━━━━━━━
[2026-04-29  09:17:38]
  CONTAINER  objective_ardinghelli     [ÉTEINT]  (eliot_arduino_bridge-arduino_bridge:latest)
    └─ aucune node ROS2 détectée
  CONTAINER  docker_cmdvel             [ACTIF]  (auto_start_eliot-navigation)
    ├─ NODE  /arduino_bridge                          [ACTIF]
    └─ NODE  /nav_tunnel_pid_node                     [ACTIF]
  CONTAINER  node_controller           [CRÉÉ]  (auto_start_eliot-node_controller)
    └─ aucune node ROS2 détectée
  CONTAINER  covaciel_camera           [CRÉÉ]  (auto_start_eliot-camera)
    └─ aucune node ROS2 détectée
  CONTAINER  voiture_complete          [REDÉMARRAGE]  (integration_ws_eliot-voiture)
    └─ aucune node ROS2 détectée
  CONTAINER  eliot_arduino_bridge      [ACTIF]  (eliot_arduino_bridge-arduino_bridge)
    ├─ NODE  /arduino_bridge                          [ACTIF]
    └─ NODE  /nav_tunnel_pid_node                     [ACTIF]

━━━━━━━━━━━━━━━━━━━━━━━━━━━━━━━━━━━━━━━━━━━━━━━━━━━━━━━━━━━━
[2026-04-29  09:17:47]
  CONTAINER  objective_ardinghelli     [ÉTEINT]  (eliot_arduino_bridge-arduino_bridge:latest)
    └─ aucune node ROS2 détectée
  CONTAINER  docker_cmdvel             [ACTIF]  (auto_start_eliot-navigation)
    ├─ NODE  /arduino_bridge                          [ACTIF]
    └─ NODE  /nav_tunnel_pid_node                     [ACTIF]
  CONTAINER  node_controller           [CRÉÉ]  (auto_start_eliot-node_controller)
    └─ aucune node ROS2 détectée
  CONTAINER  covaciel_camera           [CRÉÉ]  (auto_start_eliot-camera)
    └─ aucune node ROS2 détectée
  CONTAINER  voiture_complete          [REDÉMARRAGE]  (integration_ws_eliot-voiture)
    └─ aucune node ROS2 détectée
  CONTAINER  eliot_arduino_bridge      [ACTIF]  (eliot_arduino_bridge-arduino_bridge)
    ├─ NODE  /arduino_bridge                          [ACTIF]
    └─ NODE  /nav_tunnel_pid_node                     [ACTIF]

━━━━━━━━━━━━━━━━━━━━━━━━━━━━━━━━━━━━━━━━━━━━━━━━━━━━━━━━━━━━
[2026-04-29  09:17:53]
  CONTAINER  objective_ardinghelli     [ÉTEINT]  (eliot_arduino_bridge-arduino_bridge:latest)
    └─ aucune node ROS2 détectée
  CONTAINER  docker_cmdvel             [ACTIF]  (auto_start_eliot-navigation)
    ├─ NODE  /arduino_bridge                          [ACTIF]
    └─ NODE  /nav_tunnel_pid_node                     [ACTIF]
  CONTAINER  node_controller           [CRÉÉ]  (auto_start_eliot-node_controller)
    └─ aucune node ROS2 détectée
  CONTAINER  covaciel_camera           [CRÉÉ]  (auto_start_eliot-camera)
    └─ aucune node ROS2 détectée
  CONTAINER  voiture_complete          [REDÉMARRAGE]  (integration_ws_eliot-voiture)
    └─ aucune node ROS2 détectée
  CONTAINER  eliot_arduino_bridge      [ACTIF]  (eliot_arduino_bridge-arduino_bridge)
    ├─ NODE  /arduino_bridge                          [ACTIF]
    └─ NODE  /nav_tunnel_pid_node                     [ACTIF]

━━━━━━━━━━━━━━━━━━━━━━━━━━━━━━━━━━━━━━━━━━━━━━━━━━━━━━━━━━━━
[2026-04-29  09:18:00]
  CONTAINER  objective_ardinghelli     [ÉTEINT]  (eliot_arduino_bridge-arduino_bridge:latest)
    └─ aucune node ROS2 détectée
  CONTAINER  docker_cmdvel             [ACTIF]  (auto_start_eliot-navigation)
    ├─ NODE  /arduino_bridge                          [ACTIF]
    └─ NODE  /nav_tunnel_pid_node                     [ACTIF]
  CONTAINER  node_controller           [CRÉÉ]  (auto_start_eliot-node_controller)
    └─ aucune node ROS2 détectée
  CONTAINER  covaciel_camera           [CRÉÉ]  (auto_start_eliot-camera)
    └─ aucune node ROS2 détectée
  CONTAINER  voiture_complete          [REDÉMARRAGE]  (integration_ws_eliot-voiture)
    └─ aucune node ROS2 détectée
  CONTAINER  eliot_arduino_bridge      [ACTIF]  (eliot_arduino_bridge-arduino_bridge)
    ├─ NODE  /arduino_bridge                          [ACTIF]
    └─ NODE  /nav_tunnel_pid_node                     [ACTIF]

━━━━━━━━━━━━━━━━━━━━━━━━━━━━━━━━━━━━━━━━━━━━━━━━━━━━━━━━━━━━
[2026-04-29  09:18:07]
  CONTAINER  objective_ardinghelli     [ÉTEINT]  (eliot_arduino_bridge-arduino_bridge:latest)
    └─ aucune node ROS2 détectée
  CONTAINER  docker_cmdvel             [ACTIF]  (auto_start_eliot-navigation)
    ├─ NODE  /arduino_bridge                          [ACTIF]
    └─ NODE  /nav_tunnel_pid_node                     [ACTIF]
  CONTAINER  node_controller           [CRÉÉ]  (auto_start_eliot-node_controller)
    └─ aucune node ROS2 détectée
  CONTAINER  covaciel_camera           [CRÉÉ]  (auto_start_eliot-camera)
    └─ aucune node ROS2 détectée
  CONTAINER  voiture_complete          [REDÉMARRAGE]  (integration_ws_eliot-voiture)
    └─ aucune node ROS2 détectée
  CONTAINER  eliot_arduino_bridge      [ACTIF]  (eliot_arduino_bridge-arduino_bridge)
    ├─ NODE  /arduino_bridge                          [ACTIF]
    └─ NODE  /nav_tunnel_pid_node                     [ACTIF]

━━━━━━━━━━━━━━━━━━━━━━━━━━━━━━━━━━━━━━━━━━━━━━━━━━━━━━━━━━━━
[2026-04-29  09:18:13]
  CONTAINER  objective_ardinghelli     [ÉTEINT]  (eliot_arduino_bridge-arduino_bridge:latest)
    └─ aucune node ROS2 détectée
  CONTAINER  docker_cmdvel             [ACTIF]  (auto_start_eliot-navigation)
    ├─ NODE  /arduino_bridge                          [ACTIF]
    └─ NODE  /nav_tunnel_pid_node                     [ACTIF]
  CONTAINER  node_controller           [CRÉÉ]  (auto_start_eliot-node_controller)
    └─ aucune node ROS2 détectée
  CONTAINER  covaciel_camera           [CRÉÉ]  (auto_start_eliot-camera)
    └─ aucune node ROS2 détectée
  CONTAINER  voiture_complete          [REDÉMARRAGE]  (integration_ws_eliot-voiture)
    └─ aucune node ROS2 détectée
  CONTAINER  eliot_arduino_bridge      [ACTIF]  (eliot_arduino_bridge-arduino_bridge)
    ├─ NODE  /arduino_bridge                          [ACTIF]
    └─ NODE  /nav_tunnel_pid_node                     [ACTIF]

━━━━━━━━━━━━━━━━━━━━━━━━━━━━━━━━━━━━━━━━━━━━━━━━━━━━━━━━━━━━
[2026-04-29  09:18:20]
  CONTAINER  objective_ardinghelli     [ÉTEINT]  (eliot_arduino_bridge-arduino_bridge:latest)
    └─ aucune node ROS2 détectée
  CONTAINER  docker_cmdvel             [ACTIF]  (auto_start_eliot-navigation)
    ├─ NODE  /arduino_bridge                          [ACTIF]
    └─ NODE  /nav_tunnel_pid_node                     [ACTIF]
  CONTAINER  node_controller           [CRÉÉ]  (auto_start_eliot-node_controller)
    └─ aucune node ROS2 détectée
  CONTAINER  covaciel_camera           [CRÉÉ]  (auto_start_eliot-camera)
    └─ aucune node ROS2 détectée
  CONTAINER  voiture_complete          [REDÉMARRAGE]  (integration_ws_eliot-voiture)
    └─ aucune node ROS2 détectée
  CONTAINER  eliot_arduino_bridge      [ACTIF]  (eliot_arduino_bridge-arduino_bridge)
    ├─ NODE  /arduino_bridge                          [ACTIF]
    └─ NODE  /nav_tunnel_pid_node                     [ACTIF]

━━━━━━━━━━━━━━━━━━━━━━━━━━━━━━━━━━━━━━━━━━━━━━━━━━━━━━━━━━━━
[2026-04-29  09:18:27]
  CONTAINER  objective_ardinghelli     [ÉTEINT]  (eliot_arduino_bridge-arduino_bridge:latest)
    └─ aucune node ROS2 détectée
  CONTAINER  docker_cmdvel             [ACTIF]  (auto_start_eliot-navigation)
    ├─ NODE  /arduino_bridge                          [ACTIF]
    └─ NODE  /nav_tunnel_pid_node                     [ACTIF]
  CONTAINER  node_controller           [CRÉÉ]  (auto_start_eliot-node_controller)
    └─ aucune node ROS2 détectée
  CONTAINER  covaciel_camera           [CRÉÉ]  (auto_start_eliot-camera)
    └─ aucune node ROS2 détectée
  CONTAINER  voiture_complete          [REDÉMARRAGE]  (integration_ws_eliot-voiture)
    └─ aucune node ROS2 détectée
  CONTAINER  eliot_arduino_bridge      [ACTIF]  (eliot_arduino_bridge-arduino_bridge)
    ├─ NODE  /arduino_bridge                          [ACTIF]
    └─ NODE  /nav_tunnel_pid_node                     [ACTIF]

━━━━━━━━━━━━━━━━━━━━━━━━━━━━━━━━━━━━━━━━━━━━━━━━━━━━━━━━━━━━
[2026-04-29  09:18:33]
  CONTAINER  objective_ardinghelli     [ÉTEINT]  (eliot_arduino_bridge-arduino_bridge:latest)
    └─ aucune node ROS2 détectée
  CONTAINER  docker_cmdvel             [ACTIF]  (auto_start_eliot-navigation)
    ├─ NODE  /arduino_bridge                          [ACTIF]
    └─ NODE  /nav_tunnel_pid_node                     [ACTIF]
  CONTAINER  node_controller           [CRÉÉ]  (auto_start_eliot-node_controller)
    └─ aucune node ROS2 détectée
  CONTAINER  covaciel_camera           [CRÉÉ]  (auto_start_eliot-camera)
    └─ aucune node ROS2 détectée
  CONTAINER  voiture_complete          [REDÉMARRAGE]  (integration_ws_eliot-voiture)
    └─ aucune node ROS2 détectée
  CONTAINER  eliot_arduino_bridge      [ACTIF]  (eliot_arduino_bridge-arduino_bridge)
    ├─ NODE  /arduino_bridge                          [ACTIF]
    └─ NODE  /nav_tunnel_pid_node                     [ACTIF]

━━━━━━━━━━━━━━━━━━━━━━━━━━━━━━━━━━━━━━━━━━━━━━━━━━━━━━━━━━━━
[2026-04-29  09:18:40]
  CONTAINER  objective_ardinghelli     [ÉTEINT]  (eliot_arduino_bridge-arduino_bridge:latest)
    └─ aucune node ROS2 détectée
  CONTAINER  docker_cmdvel             [ACTIF]  (auto_start_eliot-navigation)
    ├─ NODE  /arduino_bridge                          [ACTIF]
    └─ NODE  /nav_tunnel_pid_node                     [ACTIF]
  CONTAINER  node_controller           [CRÉÉ]  (auto_start_eliot-node_controller)
    └─ aucune node ROS2 détectée
  CONTAINER  covaciel_camera           [CRÉÉ]  (auto_start_eliot-camera)
    └─ aucune node ROS2 détectée
  CONTAINER  voiture_complete          [REDÉMARRAGE]  (integration_ws_eliot-voiture)
    └─ aucune node ROS2 détectée
  CONTAINER  eliot_arduino_bridge      [ACTIF]  (eliot_arduino_bridge-arduino_bridge)
    ├─ NODE  /arduino_bridge                          [ACTIF]
    └─ NODE  /nav_tunnel_pid_node                     [ACTIF]

━━━━━━━━━━━━━━━━━━━━━━━━━━━━━━━━━━━━━━━━━━━━━━━━━━━━━━━━━━━━
[2026-04-29  09:18:47]
  CONTAINER  objective_ardinghelli     [ÉTEINT]  (eliot_arduino_bridge-arduino_bridge:latest)
    └─ aucune node ROS2 détectée
  CONTAINER  docker_cmdvel             [ACTIF]  (auto_start_eliot-navigation)
    ├─ NODE  /arduino_bridge                          [ACTIF]
    └─ NODE  /nav_tunnel_pid_node                     [ACTIF]
  CONTAINER  node_controller           [CRÉÉ]  (auto_start_eliot-node_controller)
    └─ aucune node ROS2 détectée
  CONTAINER  covaciel_camera           [CRÉÉ]  (auto_start_eliot-camera)
    └─ aucune node ROS2 détectée
  CONTAINER  voiture_complete          [REDÉMARRAGE]  (integration_ws_eliot-voiture)
    └─ aucune node ROS2 détectée
  CONTAINER  eliot_arduino_bridge      [ACTIF]  (eliot_arduino_bridge-arduino_bridge)
    ├─ NODE  /arduino_bridge                          [ACTIF]
    └─ NODE  /nav_tunnel_pid_node                     [ACTIF]

━━━━━━━━━━━━━━━━━━━━━━━━━━━━━━━━━━━━━━━━━━━━━━━━━━━━━━━━━━━━
[2026-04-29  09:18:53]
  CONTAINER  objective_ardinghelli     [ÉTEINT]  (eliot_arduino_bridge-arduino_bridge:latest)
    └─ aucune node ROS2 détectée
  CONTAINER  docker_cmdvel             [ACTIF]  (auto_start_eliot-navigation)
    ├─ NODE  /arduino_bridge                          [ACTIF]
    └─ NODE  /nav_tunnel_pid_node                     [ACTIF]
  CONTAINER  node_controller           [CRÉÉ]  (auto_start_eliot-node_controller)
    └─ aucune node ROS2 détectée
  CONTAINER  covaciel_camera           [CRÉÉ]  (auto_start_eliot-camera)
    └─ aucune node ROS2 détectée
  CONTAINER  voiture_complete          [REDÉMARRAGE]  (integration_ws_eliot-voiture)
    └─ aucune node ROS2 détectée
  CONTAINER  eliot_arduino_bridge      [ACTIF]  (eliot_arduino_bridge-arduino_bridge)
    ├─ NODE  /arduino_bridge                          [ACTIF]
    └─ NODE  /nav_tunnel_pid_node                     [ACTIF]

━━━━━━━━━━━━━━━━━━━━━━━━━━━━━━━━━━━━━━━━━━━━━━━━━━━━━━━━━━━━
[2026-04-29  09:21:57]
  CONTAINER  objective_ardinghelli     [ÉTEINT]  (eliot_arduino_bridge-arduino_bridge:latest)
    └─ aucune node ROS2 détectée
  CONTAINER  docker_cmdvel             [ACTIF]  (auto_start_eliot-navigation)
    ├─ NODE  /nav_tunnel_pid_node                     [ACTIF]
    └─ NODE  /arduino_bridge                          [ACTIF]
  CONTAINER  node_controller           [CRÉÉ]  (auto_start_eliot-node_controller)
    └─ aucune node ROS2 détectée
  CONTAINER  covaciel_camera           [CRÉÉ]  (auto_start_eliot-camera)
    └─ aucune node ROS2 détectée
  CONTAINER  voiture_complete          [REDÉMARRAGE]  (integration_ws_eliot-voiture)
    └─ aucune node ROS2 détectée
  CONTAINER  eliot_arduino_bridge      [ACTIF]  (eliot_arduino_bridge-arduino_bridge)
    ├─ NODE  /arduino_bridge                          [ACTIF]
    └─ NODE  /nav_tunnel_pid_node                     [ACTIF]

━━━━━━━━━━━━━━━━━━━━━━━━━━━━━━━━━━━━━━━━━━━━━━━━━━━━━━━━━━━━
[2026-04-29  09:22:03]
  CONTAINER  objective_ardinghelli     [ÉTEINT]  (eliot_arduino_bridge-arduino_bridge:latest)
    └─ aucune node ROS2 détectée
  CONTAINER  docker_cmdvel             [ACTIF]  (auto_start_eliot-navigation)
    ├─ NODE  /nav_tunnel_pid_node                     [ACTIF]
    └─ NODE  /arduino_bridge                          [ACTIF]
  CONTAINER  node_controller           [CRÉÉ]  (auto_start_eliot-node_controller)
    └─ aucune node ROS2 détectée
  CONTAINER  covaciel_camera           [CRÉÉ]  (auto_start_eliot-camera)
    └─ aucune node ROS2 détectée
  CONTAINER  voiture_complete          [REDÉMARRAGE]  (integration_ws_eliot-voiture)
    └─ aucune node ROS2 détectée
  CONTAINER  eliot_arduino_bridge      [ACTIF]  (eliot_arduino_bridge-arduino_bridge)
    ├─ NODE  /arduino_bridge                          [ACTIF]
    └─ NODE  /nav_tunnel_pid_node                     [ACTIF]

━━━━━━━━━━━━━━━━━━━━━━━━━━━━━━━━━━━━━━━━━━━━━━━━━━━━━━━━━━━━
[2026-04-29  09:22:10]
  CONTAINER  objective_ardinghelli     [ÉTEINT]  (eliot_arduino_bridge-arduino_bridge:latest)
    └─ aucune node ROS2 détectée
  CONTAINER  docker_cmdvel             [ACTIF]  (auto_start_eliot-navigation)
    ├─ NODE  /nav_tunnel_pid_node                     [ACTIF]
    └─ NODE  /arduino_bridge                          [ACTIF]
  CONTAINER  node_controller           [CRÉÉ]  (auto_start_eliot-node_controller)
    └─ aucune node ROS2 détectée
  CONTAINER  covaciel_camera           [CRÉÉ]  (auto_start_eliot-camera)
    └─ aucune node ROS2 détectée
  CONTAINER  voiture_complete          [REDÉMARRAGE]  (integration_ws_eliot-voiture)
    └─ aucune node ROS2 détectée
  CONTAINER  eliot_arduino_bridge      [ACTIF]  (eliot_arduino_bridge-arduino_bridge)
    ├─ NODE  /arduino_bridge                          [ACTIF]
    └─ NODE  /nav_tunnel_pid_node                     [ACTIF]

━━━━━━━━━━━━━━━━━━━━━━━━━━━━━━━━━━━━━━━━━━━━━━━━━━━━━━━━━━━━
[2026-04-29  09:22:17]
  CONTAINER  objective_ardinghelli     [ÉTEINT]  (eliot_arduino_bridge-arduino_bridge:latest)
    └─ aucune node ROS2 détectée
  CONTAINER  docker_cmdvel             [ACTIF]  (auto_start_eliot-navigation)
    ├─ NODE  /nav_tunnel_pid_node                     [ACTIF]
    └─ NODE  /arduino_bridge                          [ACTIF]
  CONTAINER  node_controller           [CRÉÉ]  (auto_start_eliot-node_controller)
    └─ aucune node ROS2 détectée
  CONTAINER  covaciel_camera           [CRÉÉ]  (auto_start_eliot-camera)
    └─ aucune node ROS2 détectée
  CONTAINER  voiture_complete          [REDÉMARRAGE]  (integration_ws_eliot-voiture)
    └─ aucune node ROS2 détectée
  CONTAINER  eliot_arduino_bridge      [ACTIF]  (eliot_arduino_bridge-arduino_bridge)
    ├─ NODE  /arduino_bridge                          [ACTIF]
    └─ NODE  /nav_tunnel_pid_node                     [ACTIF]

━━━━━━━━━━━━━━━━━━━━━━━━━━━━━━━━━━━━━━━━━━━━━━━━━━━━━━━━━━━━
[2026-04-29  09:22:23]
  CONTAINER  objective_ardinghelli     [ÉTEINT]  (eliot_arduino_bridge-arduino_bridge:latest)
    └─ aucune node ROS2 détectée
  CONTAINER  docker_cmdvel             [ACTIF]  (auto_start_eliot-navigation)
    ├─ NODE  /nav_tunnel_pid_node                     [ACTIF]
    └─ NODE  /arduino_bridge                          [ACTIF]
  CONTAINER  node_controller           [CRÉÉ]  (auto_start_eliot-node_controller)
    └─ aucune node ROS2 détectée
  CONTAINER  covaciel_camera           [CRÉÉ]  (auto_start_eliot-camera)
    └─ aucune node ROS2 détectée
  CONTAINER  voiture_complete          [REDÉMARRAGE]  (integration_ws_eliot-voiture)
    └─ aucune node ROS2 détectée
  CONTAINER  eliot_arduino_bridge      [ACTIF]  (eliot_arduino_bridge-arduino_bridge)
    ├─ NODE  /arduino_bridge                          [ACTIF]
    └─ NODE  /nav_tunnel_pid_node                     [ACTIF]

━━━━━━━━━━━━━━━━━━━━━━━━━━━━━━━━━━━━━━━━━━━━━━━━━━━━━━━━━━━━
[2026-04-29  09:22:30]
  CONTAINER  objective_ardinghelli     [ÉTEINT]  (eliot_arduino_bridge-arduino_bridge:latest)
    └─ aucune node ROS2 détectée
  CONTAINER  docker_cmdvel             [ACTIF]  (auto_start_eliot-navigation)
    ├─ NODE  /nav_tunnel_pid_node                     [ACTIF]
    └─ NODE  /arduino_bridge                          [ACTIF]
  CONTAINER  node_controller           [CRÉÉ]  (auto_start_eliot-node_controller)
    └─ aucune node ROS2 détectée
  CONTAINER  covaciel_camera           [CRÉÉ]  (auto_start_eliot-camera)
    └─ aucune node ROS2 détectée
  CONTAINER  voiture_complete          [REDÉMARRAGE]  (integration_ws_eliot-voiture)
    └─ aucune node ROS2 détectée
  CONTAINER  eliot_arduino_bridge      [ACTIF]  (eliot_arduino_bridge-arduino_bridge)
    ├─ NODE  /arduino_bridge                          [ACTIF]
    └─ NODE  /nav_tunnel_pid_node                     [ACTIF]

━━━━━━━━━━━━━━━━━━━━━━━━━━━━━━━━━━━━━━━━━━━━━━━━━━━━━━━━━━━━
[2026-04-29  09:22:36]
  CONTAINER  objective_ardinghelli     [ÉTEINT]  (eliot_arduino_bridge-arduino_bridge:latest)
    └─ aucune node ROS2 détectée
  CONTAINER  docker_cmdvel             [ACTIF]  (auto_start_eliot-navigation)
    ├─ NODE  /nav_tunnel_pid_node                     [ACTIF]
    └─ NODE  /arduino_bridge                          [ACTIF]
  CONTAINER  node_controller           [CRÉÉ]  (auto_start_eliot-node_controller)
    └─ aucune node ROS2 détectée
  CONTAINER  covaciel_camera           [CRÉÉ]  (auto_start_eliot-camera)
    └─ aucune node ROS2 détectée
  CONTAINER  voiture_complete          [REDÉMARRAGE]  (integration_ws_eliot-voiture)
    └─ aucune node ROS2 détectée
  CONTAINER  eliot_arduino_bridge      [ACTIF]  (eliot_arduino_bridge-arduino_bridge)
    ├─ NODE  /arduino_bridge                          [ACTIF]
    └─ NODE  /nav_tunnel_pid_node                     [ACTIF]

━━━━━━━━━━━━━━━━━━━━━━━━━━━━━━━━━━━━━━━━━━━━━━━━━━━━━━━━━━━━
[2026-04-29  09:22:56]
  CONTAINER  objective_ardinghelli     [ÉTEINT]  (eliot_arduino_bridge-arduino_bridge:latest)
    └─ aucune node ROS2 détectée
  CONTAINER  docker_cmdvel             [ACTIF]  (auto_start_eliot-navigation)
    ├─ NODE  /arduino_bridge                          [ACTIF]
    └─ NODE  /nav_tunnel_pid_node                     [ACTIF]
  CONTAINER  node_controller           [CRÉÉ]  (auto_start_eliot-node_controller)
    └─ aucune node ROS2 détectée
  CONTAINER  covaciel_camera           [CRÉÉ]  (auto_start_eliot-camera)
    └─ aucune node ROS2 détectée
  CONTAINER  voiture_complete          [REDÉMARRAGE]  (integration_ws_eliot-voiture)
    └─ aucune node ROS2 détectée
  CONTAINER  eliot_arduino_bridge      [ACTIF]  (eliot_arduino_bridge-arduino_bridge)
    ├─ NODE  /arduino_bridge                          [ACTIF]
    └─ NODE  /nav_tunnel_pid_node                     [ACTIF]

━━━━━━━━━━━━━━━━━━━━━━━━━━━━━━━━━━━━━━━━━━━━━━━━━━━━━━━━━━━━
[2026-04-29  09:23:13]
  CONTAINER  objective_ardinghelli     [ÉTEINT]  (eliot_arduino_bridge-arduino_bridge:latest)
    └─ aucune node ROS2 détectée
  CONTAINER  docker_cmdvel             [ACTIF]  (auto_start_eliot-navigation)
    ├─ NODE  /nav_tunnel_pid_node                     [ACTIF]
    └─ NODE  /arduino_bridge                          [ACTIF]
  CONTAINER  node_controller           [CRÉÉ]  (auto_start_eliot-node_controller)
    └─ aucune node ROS2 détectée
  CONTAINER  covaciel_camera           [CRÉÉ]  (auto_start_eliot-camera)
    └─ aucune node ROS2 détectée
  CONTAINER  voiture_complete          [REDÉMARRAGE]  (integration_ws_eliot-voiture)
    └─ aucune node ROS2 détectée
  CONTAINER  eliot_arduino_bridge      [ACTIF]  (eliot_arduino_bridge-arduino_bridge)
    ├─ NODE  /arduino_bridge                          [ACTIF]
    └─ NODE  /nav_tunnel_pid_node                     [ACTIF]

━━━━━━━━━━━━━━━━━━━━━━━━━━━━━━━━━━━━━━━━━━━━━━━━━━━━━━━━━━━━
[2026-04-29  09:23:19]
  CONTAINER  objective_ardinghelli     [ÉTEINT]  (eliot_arduino_bridge-arduino_bridge:latest)
    └─ aucune node ROS2 détectée
  CONTAINER  docker_cmdvel             [ACTIF]  (auto_start_eliot-navigation)
    ├─ NODE  /nav_tunnel_pid_node                     [ACTIF]
    └─ NODE  /arduino_bridge                          [ACTIF]
  CONTAINER  node_controller           [CRÉÉ]  (auto_start_eliot-node_controller)
    └─ aucune node ROS2 détectée
  CONTAINER  covaciel_camera           [CRÉÉ]  (auto_start_eliot-camera)
    └─ aucune node ROS2 détectée
  CONTAINER  voiture_complete          [REDÉMARRAGE]  (integration_ws_eliot-voiture)
    └─ aucune node ROS2 détectée
  CONTAINER  eliot_arduino_bridge      [ACTIF]  (eliot_arduino_bridge-arduino_bridge)
    ├─ NODE  /arduino_bridge                          [ACTIF]
    └─ NODE  /nav_tunnel_pid_node                     [ACTIF]

━━━━━━━━━━━━━━━━━━━━━━━━━━━━━━━━━━━━━━━━━━━━━━━━━━━━━━━━━━━━
[2026-04-29  09:23:26]
  CONTAINER  objective_ardinghelli     [ÉTEINT]  (eliot_arduino_bridge-arduino_bridge:latest)
    └─ aucune node ROS2 détectée
  CONTAINER  docker_cmdvel             [ACTIF]  (auto_start_eliot-navigation)
    ├─ NODE  /nav_tunnel_pid_node                     [ACTIF]
    └─ NODE  /arduino_bridge                          [ACTIF]
  CONTAINER  node_controller           [CRÉÉ]  (auto_start_eliot-node_controller)
    └─ aucune node ROS2 détectée
  CONTAINER  covaciel_camera           [CRÉÉ]  (auto_start_eliot-camera)
    └─ aucune node ROS2 détectée
  CONTAINER  voiture_complete          [REDÉMARRAGE]  (integration_ws_eliot-voiture)
    └─ aucune node ROS2 détectée
  CONTAINER  eliot_arduino_bridge      [ACTIF]  (eliot_arduino_bridge-arduino_bridge)
    ├─ NODE  /arduino_bridge                          [ACTIF]
    └─ NODE  /nav_tunnel_pid_node                     [ACTIF]

━━━━━━━━━━━━━━━━━━━━━━━━━━━━━━━━━━━━━━━━━━━━━━━━━━━━━━━━━━━━
[2026-04-29  09:23:32]
  CONTAINER  objective_ardinghelli     [ÉTEINT]  (eliot_arduino_bridge-arduino_bridge:latest)
    └─ aucune node ROS2 détectée
  CONTAINER  docker_cmdvel             [ACTIF]  (auto_start_eliot-navigation)
    ├─ NODE  /nav_tunnel_pid_node                     [ACTIF]
    └─ NODE  /arduino_bridge                          [ACTIF]
  CONTAINER  node_controller           [CRÉÉ]  (auto_start_eliot-node_controller)
    └─ aucune node ROS2 détectée
  CONTAINER  covaciel_camera           [CRÉÉ]  (auto_start_eliot-camera)
    └─ aucune node ROS2 détectée
  CONTAINER  voiture_complete          [REDÉMARRAGE]  (integration_ws_eliot-voiture)
    └─ aucune node ROS2 détectée
  CONTAINER  eliot_arduino_bridge      [ACTIF]  (eliot_arduino_bridge-arduino_bridge)
    ├─ NODE  /arduino_bridge                          [ACTIF]
    └─ NODE  /nav_tunnel_pid_node                     [ACTIF]

━━━━━━━━━━━━━━━━━━━━━━━━━━━━━━━━━━━━━━━━━━━━━━━━━━━━━━━━━━━━
[2026-04-29  09:23:38]
  CONTAINER  objective_ardinghelli     [ÉTEINT]  (eliot_arduino_bridge-arduino_bridge:latest)
    └─ aucune node ROS2 détectée
  CONTAINER  docker_cmdvel             [ACTIF]  (auto_start_eliot-navigation)
    ├─ NODE  /nav_tunnel_pid_node                     [ACTIF]
    └─ NODE  /arduino_bridge                          [ACTIF]
  CONTAINER  node_controller           [CRÉÉ]  (auto_start_eliot-node_controller)
    └─ aucune node ROS2 détectée
  CONTAINER  covaciel_camera           [CRÉÉ]  (auto_start_eliot-camera)
    └─ aucune node ROS2 détectée
  CONTAINER  voiture_complete          [REDÉMARRAGE]  (integration_ws_eliot-voiture)
    └─ aucune node ROS2 détectée
  CONTAINER  eliot_arduino_bridge      [ACTIF]  (eliot_arduino_bridge-arduino_bridge)
    ├─ NODE  /arduino_bridge                          [ACTIF]
    └─ NODE  /nav_tunnel_pid_node                     [ACTIF]

━━━━━━━━━━━━━━━━━━━━━━━━━━━━━━━━━━━━━━━━━━━━━━━━━━━━━━━━━━━━
[2026-04-29  09:23:44]
  CONTAINER  objective_ardinghelli     [ÉTEINT]  (eliot_arduino_bridge-arduino_bridge:latest)
    └─ aucune node ROS2 détectée
  CONTAINER  docker_cmdvel             [ACTIF]  (auto_start_eliot-navigation)
    ├─ NODE  /nav_tunnel_pid_node                     [ACTIF]
    └─ NODE  /arduino_bridge                          [ACTIF]
  CONTAINER  node_controller           [CRÉÉ]  (auto_start_eliot-node_controller)
    └─ aucune node ROS2 détectée
  CONTAINER  covaciel_camera           [CRÉÉ]  (auto_start_eliot-camera)
    └─ aucune node ROS2 détectée
  CONTAINER  voiture_complete          [REDÉMARRAGE]  (integration_ws_eliot-voiture)
    └─ aucune node ROS2 détectée
  CONTAINER  eliot_arduino_bridge      [ACTIF]  (eliot_arduino_bridge-arduino_bridge)
    ├─ NODE  /arduino_bridge                          [ACTIF]
    └─ NODE  /nav_tunnel_pid_node                     [ACTIF]

━━━━━━━━━━━━━━━━━━━━━━━━━━━━━━━━━━━━━━━━━━━━━━━━━━━━━━━━━━━━
[2026-04-29  09:23:51]
  CONTAINER  objective_ardinghelli     [ÉTEINT]  (eliot_arduino_bridge-arduino_bridge:latest)
    └─ aucune node ROS2 détectée
  CONTAINER  docker_cmdvel             [ACTIF]  (auto_start_eliot-navigation)
    ├─ NODE  /nav_tunnel_pid_node                     [ACTIF]
    └─ NODE  /arduino_bridge                          [ACTIF]
  CONTAINER  node_controller           [CRÉÉ]  (auto_start_eliot-node_controller)
    └─ aucune node ROS2 détectée
  CONTAINER  covaciel_camera           [CRÉÉ]  (auto_start_eliot-camera)
    └─ aucune node ROS2 détectée
  CONTAINER  voiture_complete          [REDÉMARRAGE]  (integration_ws_eliot-voiture)
    └─ aucune node ROS2 détectée
  CONTAINER  eliot_arduino_bridge      [ACTIF]  (eliot_arduino_bridge-arduino_bridge)
    ├─ NODE  /arduino_bridge                          [ACTIF]
    └─ NODE  /nav_tunnel_pid_node                     [ACTIF]

━━━━━━━━━━━━━━━━━━━━━━━━━━━━━━━━━━━━━━━━━━━━━━━━━━━━━━━━━━━━
[2026-04-29  09:23:57]
  CONTAINER  objective_ardinghelli     [ÉTEINT]  (eliot_arduino_bridge-arduino_bridge:latest)
    └─ aucune node ROS2 détectée
  CONTAINER  docker_cmdvel             [ACTIF]  (auto_start_eliot-navigation)
    ├─ NODE  /nav_tunnel_pid_node                     [ACTIF]
    └─ NODE  /arduino_bridge                          [ACTIF]
  CONTAINER  node_controller           [CRÉÉ]  (auto_start_eliot-node_controller)
    └─ aucune node ROS2 détectée
  CONTAINER  covaciel_camera           [CRÉÉ]  (auto_start_eliot-camera)
    └─ aucune node ROS2 détectée
  CONTAINER  voiture_complete          [REDÉMARRAGE]  (integration_ws_eliot-voiture)
    └─ aucune node ROS2 détectée
  CONTAINER  eliot_arduino_bridge      [ACTIF]  (eliot_arduino_bridge-arduino_bridge)
    ├─ NODE  /arduino_bridge                          [ACTIF]
    └─ NODE  /nav_tunnel_pid_node                     [ACTIF]

━━━━━━━━━━━━━━━━━━━━━━━━━━━━━━━━━━━━━━━━━━━━━━━━━━━━━━━━━━━━
[2026-04-29  09:24:03]
  CONTAINER  objective_ardinghelli     [ÉTEINT]  (eliot_arduino_bridge-arduino_bridge:latest)
    └─ aucune node ROS2 détectée
  CONTAINER  docker_cmdvel             [ACTIF]  (auto_start_eliot-navigation)
    ├─ NODE  /nav_tunnel_pid_node                     [ACTIF]
    └─ NODE  /arduino_bridge                          [ACTIF]
  CONTAINER  node_controller           [CRÉÉ]  (auto_start_eliot-node_controller)
    └─ aucune node ROS2 détectée
  CONTAINER  covaciel_camera           [CRÉÉ]  (auto_start_eliot-camera)
    └─ aucune node ROS2 détectée
  CONTAINER  voiture_complete          [REDÉMARRAGE]  (integration_ws_eliot-voiture)
    └─ aucune node ROS2 détectée
  CONTAINER  eliot_arduino_bridge      [ACTIF]  (eliot_arduino_bridge-arduino_bridge)
    ├─ NODE  /arduino_bridge                          [ACTIF]
    └─ NODE  /nav_tunnel_pid_node                     [ACTIF]

━━━━━━━━━━━━━━━━━━━━━━━━━━━━━━━━━━━━━━━━━━━━━━━━━━━━━━━━━━━━
[2026-04-29  09:24:10]
  CONTAINER  objective_ardinghelli     [ÉTEINT]  (eliot_arduino_bridge-arduino_bridge:latest)
    └─ aucune node ROS2 détectée
  CONTAINER  docker_cmdvel             [ACTIF]  (auto_start_eliot-navigation)
    ├─ NODE  /nav_tunnel_pid_node                     [ACTIF]
    └─ NODE  /arduino_bridge                          [ACTIF]
  CONTAINER  node_controller           [CRÉÉ]  (auto_start_eliot-node_controller)
    └─ aucune node ROS2 détectée
  CONTAINER  covaciel_camera           [CRÉÉ]  (auto_start_eliot-camera)
    └─ aucune node ROS2 détectée
  CONTAINER  voiture_complete          [REDÉMARRAGE]  (integration_ws_eliot-voiture)
    └─ aucune node ROS2 détectée
  CONTAINER  eliot_arduino_bridge      [ACTIF]  (eliot_arduino_bridge-arduino_bridge)
    ├─ NODE  /arduino_bridge                          [ACTIF]
    └─ NODE  /nav_tunnel_pid_node                     [ACTIF]

━━━━━━━━━━━━━━━━━━━━━━━━━━━━━━━━━━━━━━━━━━━━━━━━━━━━━━━━━━━━
[2026-04-29  09:24:16]
  CONTAINER  objective_ardinghelli     [ÉTEINT]  (eliot_arduino_bridge-arduino_bridge:latest)
    └─ aucune node ROS2 détectée
  CONTAINER  docker_cmdvel             [ACTIF]  (auto_start_eliot-navigation)
    ├─ NODE  /nav_tunnel_pid_node                     [ACTIF]
    └─ NODE  /arduino_bridge                          [ACTIF]
  CONTAINER  node_controller           [CRÉÉ]  (auto_start_eliot-node_controller)
    └─ aucune node ROS2 détectée
  CONTAINER  covaciel_camera           [CRÉÉ]  (auto_start_eliot-camera)
    └─ aucune node ROS2 détectée
  CONTAINER  voiture_complete          [REDÉMARRAGE]  (integration_ws_eliot-voiture)
    └─ aucune node ROS2 détectée
  CONTAINER  eliot_arduino_bridge      [ACTIF]  (eliot_arduino_bridge-arduino_bridge)
    ├─ NODE  /arduino_bridge                          [ACTIF]
    └─ NODE  /nav_tunnel_pid_node                     [ACTIF]

━━━━━━━━━━━━━━━━━━━━━━━━━━━━━━━━━━━━━━━━━━━━━━━━━━━━━━━━━━━━
[2026-04-29  09:24:22]
  CONTAINER  objective_ardinghelli     [ÉTEINT]  (eliot_arduino_bridge-arduino_bridge:latest)
    └─ aucune node ROS2 détectée
  CONTAINER  docker_cmdvel             [ACTIF]  (auto_start_eliot-navigation)
    ├─ NODE  /nav_tunnel_pid_node                     [ACTIF]
    └─ NODE  /arduino_bridge                          [ACTIF]
  CONTAINER  node_controller           [CRÉÉ]  (auto_start_eliot-node_controller)
    └─ aucune node ROS2 détectée
  CONTAINER  covaciel_camera           [CRÉÉ]  (auto_start_eliot-camera)
    └─ aucune node ROS2 détectée
  CONTAINER  voiture_complete          [REDÉMARRAGE]  (integration_ws_eliot-voiture)
    └─ aucune node ROS2 détectée
  CONTAINER  eliot_arduino_bridge      [ACTIF]  (eliot_arduino_bridge-arduino_bridge)
    ├─ NODE  /arduino_bridge                          [ACTIF]
    └─ NODE  /nav_tunnel_pid_node                     [ACTIF]

━━━━━━━━━━━━━━━━━━━━━━━━━━━━━━━━━━━━━━━━━━━━━━━━━━━━━━━━━━━━
[2026-04-29  09:24:29]
  CONTAINER  objective_ardinghelli     [ÉTEINT]  (eliot_arduino_bridge-arduino_bridge:latest)
    └─ aucune node ROS2 détectée
  CONTAINER  docker_cmdvel             [ACTIF]  (auto_start_eliot-navigation)
    ├─ NODE  /nav_tunnel_pid_node                     [ACTIF]
    └─ NODE  /arduino_bridge                          [ACTIF]
  CONTAINER  node_controller           [CRÉÉ]  (auto_start_eliot-node_controller)
    └─ aucune node ROS2 détectée
  CONTAINER  covaciel_camera           [CRÉÉ]  (auto_start_eliot-camera)
    └─ aucune node ROS2 détectée
  CONTAINER  voiture_complete          [REDÉMARRAGE]  (integration_ws_eliot-voiture)
    └─ aucune node ROS2 détectée
  CONTAINER  eliot_arduino_bridge      [ACTIF]  (eliot_arduino_bridge-arduino_bridge)
    ├─ NODE  /arduino_bridge                          [ACTIF]
    └─ NODE  /nav_tunnel_pid_node                     [ACTIF]

━━━━━━━━━━━━━━━━━━━━━━━━━━━━━━━━━━━━━━━━━━━━━━━━━━━━━━━━━━━━
[2026-04-29  09:24:35]
  CONTAINER  objective_ardinghelli     [ÉTEINT]  (eliot_arduino_bridge-arduino_bridge:latest)
    └─ aucune node ROS2 détectée
  CONTAINER  docker_cmdvel             [ACTIF]  (auto_start_eliot-navigation)
    ├─ NODE  /nav_tunnel_pid_node                     [ACTIF]
    └─ NODE  /arduino_bridge                          [ACTIF]
  CONTAINER  node_controller           [CRÉÉ]  (auto_start_eliot-node_controller)
    └─ aucune node ROS2 détectée
  CONTAINER  covaciel_camera           [CRÉÉ]  (auto_start_eliot-camera)
    └─ aucune node ROS2 détectée
  CONTAINER  voiture_complete          [REDÉMARRAGE]  (integration_ws_eliot-voiture)
    └─ aucune node ROS2 détectée
  CONTAINER  eliot_arduino_bridge      [ACTIF]  (eliot_arduino_bridge-arduino_bridge)
    ├─ NODE  /arduino_bridge                          [ACTIF]
    └─ NODE  /nav_tunnel_pid_node                     [ACTIF]

━━━━━━━━━━━━━━━━━━━━━━━━━━━━━━━━━━━━━━━━━━━━━━━━━━━━━━━━━━━━
[2026-04-29  09:24:41]
  CONTAINER  objective_ardinghelli     [ÉTEINT]  (eliot_arduino_bridge-arduino_bridge:latest)
    └─ aucune node ROS2 détectée
  CONTAINER  docker_cmdvel             [ACTIF]  (auto_start_eliot-navigation)
    ├─ NODE  /nav_tunnel_pid_node                     [ACTIF]
    └─ NODE  /arduino_bridge                          [ACTIF]
  CONTAINER  node_controller           [CRÉÉ]  (auto_start_eliot-node_controller)
    └─ aucune node ROS2 détectée
  CONTAINER  covaciel_camera           [CRÉÉ]  (auto_start_eliot-camera)
    └─ aucune node ROS2 détectée
  CONTAINER  voiture_complete          [REDÉMARRAGE]  (integration_ws_eliot-voiture)
    └─ aucune node ROS2 détectée
  CONTAINER  eliot_arduino_bridge      [ACTIF]  (eliot_arduino_bridge-arduino_bridge)
    ├─ NODE  /arduino_bridge                          [ACTIF]
    └─ NODE  /nav_tunnel_pid_node                     [ACTIF]

━━━━━━━━━━━━━━━━━━━━━━━━━━━━━━━━━━━━━━━━━━━━━━━━━━━━━━━━━━━━
[2026-04-29  09:24:48]
  CONTAINER  objective_ardinghelli     [ÉTEINT]  (eliot_arduino_bridge-arduino_bridge:latest)
    └─ aucune node ROS2 détectée
  CONTAINER  docker_cmdvel             [ACTIF]  (auto_start_eliot-navigation)
    ├─ NODE  /nav_tunnel_pid_node                     [ACTIF]
    └─ NODE  /arduino_bridge                          [ACTIF]
  CONTAINER  node_controller           [CRÉÉ]  (auto_start_eliot-node_controller)
    └─ aucune node ROS2 détectée
  CONTAINER  covaciel_camera           [CRÉÉ]  (auto_start_eliot-camera)
    └─ aucune node ROS2 détectée
  CONTAINER  voiture_complete          [REDÉMARRAGE]  (integration_ws_eliot-voiture)
    └─ aucune node ROS2 détectée
  CONTAINER  eliot_arduino_bridge      [ACTIF]  (eliot_arduino_bridge-arduino_bridge)
    ├─ NODE  /arduino_bridge                          [ACTIF]
    └─ NODE  /nav_tunnel_pid_node                     [ACTIF]

━━━━━━━━━━━━━━━━━━━━━━━━━━━━━━━━━━━━━━━━━━━━━━━━━━━━━━━━━━━━
[2026-04-29  09:24:54]
  CONTAINER  objective_ardinghelli     [ÉTEINT]  (eliot_arduino_bridge-arduino_bridge:latest)
    └─ aucune node ROS2 détectée
  CONTAINER  docker_cmdvel             [ACTIF]  (auto_start_eliot-navigation)
    ├─ NODE  /nav_tunnel_pid_node                     [ACTIF]
    └─ NODE  /arduino_bridge                          [ACTIF]
  CONTAINER  node_controller           [CRÉÉ]  (auto_start_eliot-node_controller)
    └─ aucune node ROS2 détectée
  CONTAINER  covaciel_camera           [CRÉÉ]  (auto_start_eliot-camera)
    └─ aucune node ROS2 détectée
  CONTAINER  voiture_complete          [REDÉMARRAGE]  (integration_ws_eliot-voiture)
    └─ aucune node ROS2 détectée
  CONTAINER  eliot_arduino_bridge      [ACTIF]  (eliot_arduino_bridge-arduino_bridge)
    ├─ NODE  /arduino_bridge                          [ACTIF]
    └─ NODE  /nav_tunnel_pid_node                     [ACTIF]

━━━━━━━━━━━━━━━━━━━━━━━━━━━━━━━━━━━━━━━━━━━━━━━━━━━━━━━━━━━━
[2026-04-29  09:25:02]
  CONTAINER  objective_ardinghelli     [ÉTEINT]  (eliot_arduino_bridge-arduino_bridge:latest)
    └─ aucune node ROS2 détectée
  CONTAINER  docker_cmdvel             [ACTIF]  (auto_start_eliot-navigation)
    ├─ NODE  /nav_tunnel_pid_node                     [ACTIF]
    └─ NODE  /arduino_bridge                          [ACTIF]
  CONTAINER  node_controller           [CRÉÉ]  (auto_start_eliot-node_controller)
    └─ aucune node ROS2 détectée
  CONTAINER  covaciel_camera           [CRÉÉ]  (auto_start_eliot-camera)
    └─ aucune node ROS2 détectée
  CONTAINER  voiture_complete          [REDÉMARRAGE]  (integration_ws_eliot-voiture)
    └─ aucune node ROS2 détectée
  CONTAINER  eliot_arduino_bridge      [ACTIF]  (eliot_arduino_bridge-arduino_bridge)
    ├─ NODE  /arduino_bridge                          [ACTIF]
    └─ NODE  /nav_tunnel_pid_node                     [ACTIF]

━━━━━━━━━━━━━━━━━━━━━━━━━━━━━━━━━━━━━━━━━━━━━━━━━━━━━━━━━━━━
[2026-04-29  09:25:08]
  CONTAINER  objective_ardinghelli     [ÉTEINT]  (eliot_arduino_bridge-arduino_bridge:latest)
    └─ aucune node ROS2 détectée
  CONTAINER  docker_cmdvel             [ACTIF]  (auto_start_eliot-navigation)
    ├─ NODE  /nav_tunnel_pid_node                     [ACTIF]
    └─ NODE  /arduino_bridge                          [ACTIF]
  CONTAINER  node_controller           [CRÉÉ]  (auto_start_eliot-node_controller)
    └─ aucune node ROS2 détectée
  CONTAINER  covaciel_camera           [CRÉÉ]  (auto_start_eliot-camera)
    └─ aucune node ROS2 détectée
  CONTAINER  voiture_complete          [REDÉMARRAGE]  (integration_ws_eliot-voiture)
    └─ aucune node ROS2 détectée
  CONTAINER  eliot_arduino_bridge      [ACTIF]  (eliot_arduino_bridge-arduino_bridge)
    ├─ NODE  /arduino_bridge                          [ACTIF]
    └─ NODE  /nav_tunnel_pid_node                     [ACTIF]

━━━━━━━━━━━━━━━━━━━━━━━━━━━━━━━━━━━━━━━━━━━━━━━━━━━━━━━━━━━━
[2026-04-29  09:25:15]
  CONTAINER  objective_ardinghelli     [ÉTEINT]  (eliot_arduino_bridge-arduino_bridge:latest)
    └─ aucune node ROS2 détectée
  CONTAINER  docker_cmdvel             [ACTIF]  (auto_start_eliot-navigation)
    ├─ NODE  /nav_tunnel_pid_node                     [ACTIF]
    └─ NODE  /arduino_bridge                          [ACTIF]
  CONTAINER  node_controller           [CRÉÉ]  (auto_start_eliot-node_controller)
    └─ aucune node ROS2 détectée
  CONTAINER  covaciel_camera           [CRÉÉ]  (auto_start_eliot-camera)
    └─ aucune node ROS2 détectée
  CONTAINER  voiture_complete          [REDÉMARRAGE]  (integration_ws_eliot-voiture)
    └─ aucune node ROS2 détectée
  CONTAINER  eliot_arduino_bridge      [ACTIF]  (eliot_arduino_bridge-arduino_bridge)
    ├─ NODE  /arduino_bridge                          [ACTIF]
    └─ NODE  /nav_tunnel_pid_node                     [ACTIF]

━━━━━━━━━━━━━━━━━━━━━━━━━━━━━━━━━━━━━━━━━━━━━━━━━━━━━━━━━━━━
[2026-04-29  09:25:22]
  CONTAINER  objective_ardinghelli     [ÉTEINT]  (eliot_arduino_bridge-arduino_bridge:latest)
    └─ aucune node ROS2 détectée
  CONTAINER  docker_cmdvel             [ACTIF]  (auto_start_eliot-navigation)
    ├─ NODE  /nav_tunnel_pid_node                     [ACTIF]
    └─ NODE  /arduino_bridge                          [ACTIF]
  CONTAINER  node_controller           [CRÉÉ]  (auto_start_eliot-node_controller)
    └─ aucune node ROS2 détectée
  CONTAINER  covaciel_camera           [CRÉÉ]  (auto_start_eliot-camera)
    └─ aucune node ROS2 détectée
  CONTAINER  voiture_complete          [REDÉMARRAGE]  (integration_ws_eliot-voiture)
    └─ aucune node ROS2 détectée
  CONTAINER  eliot_arduino_bridge      [ACTIF]  (eliot_arduino_bridge-arduino_bridge)
    ├─ NODE  /arduino_bridge                          [ACTIF]
    └─ NODE  /nav_tunnel_pid_node                     [ACTIF]

━━━━━━━━━━━━━━━━━━━━━━━━━━━━━━━━━━━━━━━━━━━━━━━━━━━━━━━━━━━━
[2026-04-29  09:25:28]
  CONTAINER  objective_ardinghelli     [ÉTEINT]  (eliot_arduino_bridge-arduino_bridge:latest)
    └─ aucune node ROS2 détectée
  CONTAINER  docker_cmdvel             [ACTIF]  (auto_start_eliot-navigation)
    ├─ NODE  /nav_tunnel_pid_node                     [ACTIF]
    └─ NODE  /arduino_bridge                          [ACTIF]
  CONTAINER  node_controller           [CRÉÉ]  (auto_start_eliot-node_controller)
    └─ aucune node ROS2 détectée
  CONTAINER  covaciel_camera           [CRÉÉ]  (auto_start_eliot-camera)
    └─ aucune node ROS2 détectée
  CONTAINER  voiture_complete          [REDÉMARRAGE]  (integration_ws_eliot-voiture)
    └─ aucune node ROS2 détectée
  CONTAINER  eliot_arduino_bridge      [ACTIF]  (eliot_arduino_bridge-arduino_bridge)
    ├─ NODE  /arduino_bridge                          [ACTIF]
    └─ NODE  /nav_tunnel_pid_node                     [ACTIF]

━━━━━━━━━━━━━━━━━━━━━━━━━━━━━━━━━━━━━━━━━━━━━━━━━━━━━━━━━━━━
[2026-04-29  09:25:35]
  CONTAINER  objective_ardinghelli     [ÉTEINT]  (eliot_arduino_bridge-arduino_bridge:latest)
    └─ aucune node ROS2 détectée
  CONTAINER  docker_cmdvel             [ACTIF]  (auto_start_eliot-navigation)
    ├─ NODE  /nav_tunnel_pid_node                     [ACTIF]
    └─ NODE  /arduino_bridge                          [ACTIF]
  CONTAINER  node_controller           [CRÉÉ]  (auto_start_eliot-node_controller)
    └─ aucune node ROS2 détectée
  CONTAINER  covaciel_camera           [CRÉÉ]  (auto_start_eliot-camera)
    └─ aucune node ROS2 détectée
  CONTAINER  voiture_complete          [REDÉMARRAGE]  (integration_ws_eliot-voiture)
    └─ aucune node ROS2 détectée
  CONTAINER  eliot_arduino_bridge      [ACTIF]  (eliot_arduino_bridge-arduino_bridge)
    ├─ NODE  /arduino_bridge                          [ACTIF]
    └─ NODE  /nav_tunnel_pid_node                     [ACTIF]

━━━━━━━━━━━━━━━━━━━━━━━━━━━━━━━━━━━━━━━━━━━━━━━━━━━━━━━━━━━━
[2026-04-29  09:25:41]
  CONTAINER  objective_ardinghelli     [ÉTEINT]  (eliot_arduino_bridge-arduino_bridge:latest)
    └─ aucune node ROS2 détectée
  CONTAINER  docker_cmdvel             [ACTIF]  (auto_start_eliot-navigation)
    ├─ NODE  /nav_tunnel_pid_node                     [ACTIF]
    └─ NODE  /arduino_bridge                          [ACTIF]
  CONTAINER  node_controller           [CRÉÉ]  (auto_start_eliot-node_controller)
    └─ aucune node ROS2 détectée
  CONTAINER  covaciel_camera           [CRÉÉ]  (auto_start_eliot-camera)
    └─ aucune node ROS2 détectée
  CONTAINER  voiture_complete          [REDÉMARRAGE]  (integration_ws_eliot-voiture)
    └─ aucune node ROS2 détectée
  CONTAINER  eliot_arduino_bridge      [ACTIF]  (eliot_arduino_bridge-arduino_bridge)
    ├─ NODE  /arduino_bridge                          [ACTIF]
    └─ NODE  /nav_tunnel_pid_node                     [ACTIF]

━━━━━━━━━━━━━━━━━━━━━━━━━━━━━━━━━━━━━━━━━━━━━━━━━━━━━━━━━━━━
[2026-04-29  09:25:48]
  CONTAINER  objective_ardinghelli     [ÉTEINT]  (eliot_arduino_bridge-arduino_bridge:latest)
    └─ aucune node ROS2 détectée
  CONTAINER  docker_cmdvel             [ACTIF]  (auto_start_eliot-navigation)
    ├─ NODE  /nav_tunnel_pid_node                     [ACTIF]
    └─ NODE  /arduino_bridge                          [ACTIF]
  CONTAINER  node_controller           [CRÉÉ]  (auto_start_eliot-node_controller)
    └─ aucune node ROS2 détectée
  CONTAINER  covaciel_camera           [CRÉÉ]  (auto_start_eliot-camera)
    └─ aucune node ROS2 détectée
  CONTAINER  voiture_complete          [REDÉMARRAGE]  (integration_ws_eliot-voiture)
    └─ aucune node ROS2 détectée
  CONTAINER  eliot_arduino_bridge      [ACTIF]  (eliot_arduino_bridge-arduino_bridge)
    ├─ NODE  /arduino_bridge                          [ACTIF]
    └─ NODE  /nav_tunnel_pid_node                     [ACTIF]

━━━━━━━━━━━━━━━━━━━━━━━━━━━━━━━━━━━━━━━━━━━━━━━━━━━━━━━━━━━━
[2026-04-29  09:25:54]
  CONTAINER  objective_ardinghelli     [ÉTEINT]  (eliot_arduino_bridge-arduino_bridge:latest)
    └─ aucune node ROS2 détectée
  CONTAINER  docker_cmdvel             [ACTIF]  (auto_start_eliot-navigation)
    ├─ NODE  /nav_tunnel_pid_node                     [ACTIF]
    └─ NODE  /arduino_bridge                          [ACTIF]
  CONTAINER  node_controller           [CRÉÉ]  (auto_start_eliot-node_controller)
    └─ aucune node ROS2 détectée
  CONTAINER  covaciel_camera           [CRÉÉ]  (auto_start_eliot-camera)
    └─ aucune node ROS2 détectée
  CONTAINER  voiture_complete          [REDÉMARRAGE]  (integration_ws_eliot-voiture)
    └─ aucune node ROS2 détectée
  CONTAINER  eliot_arduino_bridge      [ACTIF]  (eliot_arduino_bridge-arduino_bridge)
    ├─ NODE  /arduino_bridge                          [ACTIF]
    └─ NODE  /nav_tunnel_pid_node                     [ACTIF]

━━━━━━━━━━━━━━━━━━━━━━━━━━━━━━━━━━━━━━━━━━━━━━━━━━━━━━━━━━━━
[2026-04-29  09:26:01]
  CONTAINER  objective_ardinghelli     [ÉTEINT]  (eliot_arduino_bridge-arduino_bridge:latest)
    └─ aucune node ROS2 détectée
  CONTAINER  docker_cmdvel             [ACTIF]  (auto_start_eliot-navigation)
    ├─ NODE  /nav_tunnel_pid_node                     [ACTIF]
    └─ NODE  /arduino_bridge                          [ACTIF]
  CONTAINER  node_controller           [CRÉÉ]  (auto_start_eliot-node_controller)
    └─ aucune node ROS2 détectée
  CONTAINER  covaciel_camera           [CRÉÉ]  (auto_start_eliot-camera)
    └─ aucune node ROS2 détectée
  CONTAINER  voiture_complete          [REDÉMARRAGE]  (integration_ws_eliot-voiture)
    └─ aucune node ROS2 détectée
  CONTAINER  eliot_arduino_bridge      [ACTIF]  (eliot_arduino_bridge-arduino_bridge)
    ├─ NODE  /arduino_bridge                          [ACTIF]
    └─ NODE  /nav_tunnel_pid_node                     [ACTIF]

━━━━━━━━━━━━━━━━━━━━━━━━━━━━━━━━━━━━━━━━━━━━━━━━━━━━━━━━━━━━
[2026-04-29  09:26:08]
  CONTAINER  objective_ardinghelli     [ÉTEINT]  (eliot_arduino_bridge-arduino_bridge:latest)
    └─ aucune node ROS2 détectée
  CONTAINER  docker_cmdvel             [ACTIF]  (auto_start_eliot-navigation)
    ├─ NODE  /nav_tunnel_pid_node                     [ACTIF]
    └─ NODE  /arduino_bridge                          [ACTIF]
  CONTAINER  node_controller           [CRÉÉ]  (auto_start_eliot-node_controller)
    └─ aucune node ROS2 détectée
  CONTAINER  covaciel_camera           [CRÉÉ]  (auto_start_eliot-camera)
    └─ aucune node ROS2 détectée
  CONTAINER  voiture_complete          [REDÉMARRAGE]  (integration_ws_eliot-voiture)
    └─ aucune node ROS2 détectée
  CONTAINER  eliot_arduino_bridge      [ACTIF]  (eliot_arduino_bridge-arduino_bridge)
    ├─ NODE  /arduino_bridge                          [ACTIF]
    └─ NODE  /nav_tunnel_pid_node                     [ACTIF]

━━━━━━━━━━━━━━━━━━━━━━━━━━━━━━━━━━━━━━━━━━━━━━━━━━━━━━━━━━━━
[2026-04-29  09:26:14]
  CONTAINER  objective_ardinghelli     [ÉTEINT]  (eliot_arduino_bridge-arduino_bridge:latest)
    └─ aucune node ROS2 détectée
  CONTAINER  docker_cmdvel             [ACTIF]  (auto_start_eliot-navigation)
    ├─ NODE  /nav_tunnel_pid_node                     [ACTIF]
    └─ NODE  /arduino_bridge                          [ACTIF]
  CONTAINER  node_controller           [CRÉÉ]  (auto_start_eliot-node_controller)
    └─ aucune node ROS2 détectée
  CONTAINER  covaciel_camera           [CRÉÉ]  (auto_start_eliot-camera)
    └─ aucune node ROS2 détectée
  CONTAINER  voiture_complete          [REDÉMARRAGE]  (integration_ws_eliot-voiture)
    └─ aucune node ROS2 détectée
  CONTAINER  eliot_arduino_bridge      [ACTIF]  (eliot_arduino_bridge-arduino_bridge)
    ├─ NODE  /arduino_bridge                          [ACTIF]
    └─ NODE  /nav_tunnel_pid_node                     [ACTIF]

━━━━━━━━━━━━━━━━━━━━━━━━━━━━━━━━━━━━━━━━━━━━━━━━━━━━━━━━━━━━
[2026-04-29  09:26:21]
  CONTAINER  objective_ardinghelli     [ÉTEINT]  (eliot_arduino_bridge-arduino_bridge:latest)
    └─ aucune node ROS2 détectée
  CONTAINER  docker_cmdvel             [ACTIF]  (auto_start_eliot-navigation)
    ├─ NODE  /nav_tunnel_pid_node                     [ACTIF]
    └─ NODE  /arduino_bridge                          [ACTIF]
  CONTAINER  node_controller           [CRÉÉ]  (auto_start_eliot-node_controller)
    └─ aucune node ROS2 détectée
  CONTAINER  covaciel_camera           [CRÉÉ]  (auto_start_eliot-camera)
    └─ aucune node ROS2 détectée
  CONTAINER  voiture_complete          [REDÉMARRAGE]  (integration_ws_eliot-voiture)
    └─ aucune node ROS2 détectée
  CONTAINER  eliot_arduino_bridge      [ACTIF]  (eliot_arduino_bridge-arduino_bridge)
    ├─ NODE  /arduino_bridge                          [ACTIF]
    └─ NODE  /nav_tunnel_pid_node                     [ACTIF]

━━━━━━━━━━━━━━━━━━━━━━━━━━━━━━━━━━━━━━━━━━━━━━━━━━━━━━━━━━━━
[2026-04-29  09:26:27]
  CONTAINER  objective_ardinghelli     [ÉTEINT]  (eliot_arduino_bridge-arduino_bridge:latest)
    └─ aucune node ROS2 détectée
  CONTAINER  docker_cmdvel             [ACTIF]  (auto_start_eliot-navigation)
    ├─ NODE  /nav_tunnel_pid_node                     [ACTIF]
    └─ NODE  /arduino_bridge                          [ACTIF]
  CONTAINER  node_controller           [CRÉÉ]  (auto_start_eliot-node_controller)
    └─ aucune node ROS2 détectée
  CONTAINER  covaciel_camera           [CRÉÉ]  (auto_start_eliot-camera)
    └─ aucune node ROS2 détectée
  CONTAINER  voiture_complete          [REDÉMARRAGE]  (integration_ws_eliot-voiture)
    └─ aucune node ROS2 détectée
  CONTAINER  eliot_arduino_bridge      [ACTIF]  (eliot_arduino_bridge-arduino_bridge)
    ├─ NODE  /arduino_bridge                          [ACTIF]
    └─ NODE  /nav_tunnel_pid_node                     [ACTIF]

━━━━━━━━━━━━━━━━━━━━━━━━━━━━━━━━━━━━━━━━━━━━━━━━━━━━━━━━━━━━
[2026-04-29  09:26:34]
  CONTAINER  objective_ardinghelli     [ÉTEINT]  (eliot_arduino_bridge-arduino_bridge:latest)
    └─ aucune node ROS2 détectée
  CONTAINER  docker_cmdvel             [ACTIF]  (auto_start_eliot-navigation)
    ├─ NODE  /nav_tunnel_pid_node                     [ACTIF]
    └─ NODE  /arduino_bridge                          [ACTIF]
  CONTAINER  node_controller           [CRÉÉ]  (auto_start_eliot-node_controller)
    └─ aucune node ROS2 détectée
  CONTAINER  covaciel_camera           [CRÉÉ]  (auto_start_eliot-camera)
    └─ aucune node ROS2 détectée
  CONTAINER  voiture_complete          [REDÉMARRAGE]  (integration_ws_eliot-voiture)
    └─ aucune node ROS2 détectée
  CONTAINER  eliot_arduino_bridge      [ACTIF]  (eliot_arduino_bridge-arduino_bridge)
    ├─ NODE  /arduino_bridge                          [ACTIF]
    └─ NODE  /nav_tunnel_pid_node                     [ACTIF]

━━━━━━━━━━━━━━━━━━━━━━━━━━━━━━━━━━━━━━━━━━━━━━━━━━━━━━━━━━━━
[2026-04-29  09:26:41]
  CONTAINER  objective_ardinghelli     [ÉTEINT]  (eliot_arduino_bridge-arduino_bridge:latest)
    └─ aucune node ROS2 détectée
  CONTAINER  docker_cmdvel             [ACTIF]  (auto_start_eliot-navigation)
    ├─ NODE  /nav_tunnel_pid_node                     [ACTIF]
    └─ NODE  /arduino_bridge                          [ACTIF]
  CONTAINER  node_controller           [CRÉÉ]  (auto_start_eliot-node_controller)
    └─ aucune node ROS2 détectée
  CONTAINER  covaciel_camera           [CRÉÉ]  (auto_start_eliot-camera)
    └─ aucune node ROS2 détectée
  CONTAINER  voiture_complete          [REDÉMARRAGE]  (integration_ws_eliot-voiture)
    └─ aucune node ROS2 détectée
  CONTAINER  eliot_arduino_bridge      [ACTIF]  (eliot_arduino_bridge-arduino_bridge)
    ├─ NODE  /arduino_bridge                          [ACTIF]
    └─ NODE  /nav_tunnel_pid_node                     [ACTIF]

━━━━━━━━━━━━━━━━━━━━━━━━━━━━━━━━━━━━━━━━━━━━━━━━━━━━━━━━━━━━
[2026-04-29  09:26:47]
  CONTAINER  objective_ardinghelli     [ÉTEINT]  (eliot_arduino_bridge-arduino_bridge:latest)
    └─ aucune node ROS2 détectée
  CONTAINER  docker_cmdvel             [ACTIF]  (auto_start_eliot-navigation)
    ├─ NODE  /nav_tunnel_pid_node                     [ACTIF]
    └─ NODE  /arduino_bridge                          [ACTIF]
  CONTAINER  node_controller           [CRÉÉ]  (auto_start_eliot-node_controller)
    └─ aucune node ROS2 détectée
  CONTAINER  covaciel_camera           [CRÉÉ]  (auto_start_eliot-camera)
    └─ aucune node ROS2 détectée
  CONTAINER  voiture_complete          [REDÉMARRAGE]  (integration_ws_eliot-voiture)
    └─ aucune node ROS2 détectée
  CONTAINER  eliot_arduino_bridge      [ACTIF]  (eliot_arduino_bridge-arduino_bridge)
    ├─ NODE  /arduino_bridge                          [ACTIF]
    └─ NODE  /nav_tunnel_pid_node                     [ACTIF]

━━━━━━━━━━━━━━━━━━━━━━━━━━━━━━━━━━━━━━━━━━━━━━━━━━━━━━━━━━━━
[2026-04-29  09:26:54]
  CONTAINER  objective_ardinghelli     [ÉTEINT]  (eliot_arduino_bridge-arduino_bridge:latest)
    └─ aucune node ROS2 détectée
  CONTAINER  docker_cmdvel             [ACTIF]  (auto_start_eliot-navigation)
    ├─ NODE  /nav_tunnel_pid_node                     [ACTIF]
    └─ NODE  /arduino_bridge                          [ACTIF]
  CONTAINER  node_controller           [CRÉÉ]  (auto_start_eliot-node_controller)
    └─ aucune node ROS2 détectée
  CONTAINER  covaciel_camera           [CRÉÉ]  (auto_start_eliot-camera)
    └─ aucune node ROS2 détectée
  CONTAINER  voiture_complete          [REDÉMARRAGE]  (integration_ws_eliot-voiture)
    └─ aucune node ROS2 détectée
  CONTAINER  eliot_arduino_bridge      [ACTIF]  (eliot_arduino_bridge-arduino_bridge)
    ├─ NODE  /arduino_bridge                          [ACTIF]
    └─ NODE  /nav_tunnel_pid_node                     [ACTIF]

━━━━━━━━━━━━━━━━━━━━━━━━━━━━━━━━━━━━━━━━━━━━━━━━━━━━━━━━━━━━
[2026-04-29  09:27:00]
  CONTAINER  objective_ardinghelli     [ÉTEINT]  (eliot_arduino_bridge-arduino_bridge:latest)
    └─ aucune node ROS2 détectée
  CONTAINER  docker_cmdvel             [ACTIF]  (auto_start_eliot-navigation)
    ├─ NODE  /nav_tunnel_pid_node                     [ACTIF]
    └─ NODE  /arduino_bridge                          [ACTIF]
  CONTAINER  node_controller           [CRÉÉ]  (auto_start_eliot-node_controller)
    └─ aucune node ROS2 détectée
  CONTAINER  covaciel_camera           [CRÉÉ]  (auto_start_eliot-camera)
    └─ aucune node ROS2 détectée
  CONTAINER  voiture_complete          [REDÉMARRAGE]  (integration_ws_eliot-voiture)
    └─ aucune node ROS2 détectée
  CONTAINER  eliot_arduino_bridge      [ACTIF]  (eliot_arduino_bridge-arduino_bridge)
    ├─ NODE  /arduino_bridge                          [ACTIF]
    └─ NODE  /nav_tunnel_pid_node                     [ACTIF]

━━━━━━━━━━━━━━━━━━━━━━━━━━━━━━━━━━━━━━━━━━━━━━━━━━━━━━━━━━━━
[2026-04-29  09:27:07]
  CONTAINER  objective_ardinghelli     [ÉTEINT]  (eliot_arduino_bridge-arduino_bridge:latest)
    └─ aucune node ROS2 détectée
  CONTAINER  docker_cmdvel             [ACTIF]  (auto_start_eliot-navigation)
    ├─ NODE  /nav_tunnel_pid_node                     [ACTIF]
    └─ NODE  /arduino_bridge                          [ACTIF]
  CONTAINER  node_controller           [CRÉÉ]  (auto_start_eliot-node_controller)
    └─ aucune node ROS2 détectée
  CONTAINER  covaciel_camera           [CRÉÉ]  (auto_start_eliot-camera)
    └─ aucune node ROS2 détectée
  CONTAINER  voiture_complete          [REDÉMARRAGE]  (integration_ws_eliot-voiture)
    └─ aucune node ROS2 détectée
  CONTAINER  eliot_arduino_bridge      [ACTIF]  (eliot_arduino_bridge-arduino_bridge)
    ├─ NODE  /arduino_bridge                          [ACTIF]
    └─ NODE  /nav_tunnel_pid_node                     [ACTIF]

━━━━━━━━━━━━━━━━━━━━━━━━━━━━━━━━━━━━━━━━━━━━━━━━━━━━━━━━━━━━
[2026-04-29  09:27:14]
  CONTAINER  objective_ardinghelli     [ÉTEINT]  (eliot_arduino_bridge-arduino_bridge:latest)
    └─ aucune node ROS2 détectée
  CONTAINER  docker_cmdvel             [ACTIF]  (auto_start_eliot-navigation)
    ├─ NODE  /nav_tunnel_pid_node                     [ACTIF]
    └─ NODE  /arduino_bridge                          [ACTIF]
  CONTAINER  node_controller           [CRÉÉ]  (auto_start_eliot-node_controller)
    └─ aucune node ROS2 détectée
  CONTAINER  covaciel_camera           [CRÉÉ]  (auto_start_eliot-camera)
    └─ aucune node ROS2 détectée
  CONTAINER  voiture_complete          [REDÉMARRAGE]  (integration_ws_eliot-voiture)
    └─ aucune node ROS2 détectée
  CONTAINER  eliot_arduino_bridge      [ACTIF]  (eliot_arduino_bridge-arduino_bridge)
    ├─ NODE  /arduino_bridge                          [ACTIF]
    └─ NODE  /nav_tunnel_pid_node                     [ACTIF]

━━━━━━━━━━━━━━━━━━━━━━━━━━━━━━━━━━━━━━━━━━━━━━━━━━━━━━━━━━━━
[2026-04-29  09:27:20]
  CONTAINER  objective_ardinghelli     [ÉTEINT]  (eliot_arduino_bridge-arduino_bridge:latest)
    └─ aucune node ROS2 détectée
  CONTAINER  docker_cmdvel             [ACTIF]  (auto_start_eliot-navigation)
    ├─ NODE  /nav_tunnel_pid_node                     [ACTIF]
    └─ NODE  /arduino_bridge                          [ACTIF]
  CONTAINER  node_controller           [CRÉÉ]  (auto_start_eliot-node_controller)
    └─ aucune node ROS2 détectée
  CONTAINER  covaciel_camera           [CRÉÉ]  (auto_start_eliot-camera)
    └─ aucune node ROS2 détectée
  CONTAINER  voiture_complete          [REDÉMARRAGE]  (integration_ws_eliot-voiture)
    └─ aucune node ROS2 détectée
  CONTAINER  eliot_arduino_bridge      [ACTIF]  (eliot_arduino_bridge-arduino_bridge)
    ├─ NODE  /arduino_bridge                          [ACTIF]
    └─ NODE  /nav_tunnel_pid_node                     [ACTIF]

━━━━━━━━━━━━━━━━━━━━━━━━━━━━━━━━━━━━━━━━━━━━━━━━━━━━━━━━━━━━
[2026-04-29  09:27:27]
  CONTAINER  objective_ardinghelli     [ÉTEINT]  (eliot_arduino_bridge-arduino_bridge:latest)
    └─ aucune node ROS2 détectée
  CONTAINER  docker_cmdvel             [ACTIF]  (auto_start_eliot-navigation)
    ├─ NODE  /nav_tunnel_pid_node                     [ACTIF]
    └─ NODE  /arduino_bridge                          [ACTIF]
  CONTAINER  node_controller           [CRÉÉ]  (auto_start_eliot-node_controller)
    └─ aucune node ROS2 détectée
  CONTAINER  covaciel_camera           [CRÉÉ]  (auto_start_eliot-camera)
    └─ aucune node ROS2 détectée
  CONTAINER  voiture_complete          [REDÉMARRAGE]  (integration_ws_eliot-voiture)
    └─ aucune node ROS2 détectée
  CONTAINER  eliot_arduino_bridge      [ACTIF]  (eliot_arduino_bridge-arduino_bridge)
    ├─ NODE  /arduino_bridge                          [ACTIF]
    └─ NODE  /nav_tunnel_pid_node                     [ACTIF]

━━━━━━━━━━━━━━━━━━━━━━━━━━━━━━━━━━━━━━━━━━━━━━━━━━━━━━━━━━━━
[2026-04-29  09:27:33]
  CONTAINER  objective_ardinghelli     [ÉTEINT]  (eliot_arduino_bridge-arduino_bridge:latest)
    └─ aucune node ROS2 détectée
  CONTAINER  docker_cmdvel             [ACTIF]  (auto_start_eliot-navigation)
    ├─ NODE  /nav_tunnel_pid_node                     [ACTIF]
    └─ NODE  /arduino_bridge                          [ACTIF]
  CONTAINER  node_controller           [CRÉÉ]  (auto_start_eliot-node_controller)
    └─ aucune node ROS2 détectée
  CONTAINER  covaciel_camera           [CRÉÉ]  (auto_start_eliot-camera)
    └─ aucune node ROS2 détectée
  CONTAINER  voiture_complete          [REDÉMARRAGE]  (integration_ws_eliot-voiture)
    └─ aucune node ROS2 détectée
  CONTAINER  eliot_arduino_bridge      [ACTIF]  (eliot_arduino_bridge-arduino_bridge)
    ├─ NODE  /arduino_bridge                          [ACTIF]
    └─ NODE  /nav_tunnel_pid_node                     [ACTIF]

━━━━━━━━━━━━━━━━━━━━━━━━━━━━━━━━━━━━━━━━━━━━━━━━━━━━━━━━━━━━
[2026-04-29  09:27:40]
  CONTAINER  objective_ardinghelli     [ÉTEINT]  (eliot_arduino_bridge-arduino_bridge:latest)
    └─ aucune node ROS2 détectée
  CONTAINER  docker_cmdvel             [ACTIF]  (auto_start_eliot-navigation)
    ├─ NODE  /nav_tunnel_pid_node                     [ACTIF]
    └─ NODE  /arduino_bridge                          [ACTIF]
  CONTAINER  node_controller           [CRÉÉ]  (auto_start_eliot-node_controller)
    └─ aucune node ROS2 détectée
  CONTAINER  covaciel_camera           [CRÉÉ]  (auto_start_eliot-camera)
    └─ aucune node ROS2 détectée
  CONTAINER  voiture_complete          [REDÉMARRAGE]  (integration_ws_eliot-voiture)
    └─ aucune node ROS2 détectée
  CONTAINER  eliot_arduino_bridge      [ACTIF]  (eliot_arduino_bridge-arduino_bridge)
    ├─ NODE  /arduino_bridge                          [ACTIF]
    └─ NODE  /nav_tunnel_pid_node                     [ACTIF]

━━━━━━━━━━━━━━━━━━━━━━━━━━━━━━━━━━━━━━━━━━━━━━━━━━━━━━━━━━━━
[2026-04-29  09:27:47]
  CONTAINER  objective_ardinghelli     [ÉTEINT]  (eliot_arduino_bridge-arduino_bridge:latest)
    └─ aucune node ROS2 détectée
  CONTAINER  docker_cmdvel             [ACTIF]  (auto_start_eliot-navigation)
    ├─ NODE  /nav_tunnel_pid_node                     [ACTIF]
    └─ NODE  /arduino_bridge                          [ACTIF]
  CONTAINER  node_controller           [CRÉÉ]  (auto_start_eliot-node_controller)
    └─ aucune node ROS2 détectée
  CONTAINER  covaciel_camera           [CRÉÉ]  (auto_start_eliot-camera)
    └─ aucune node ROS2 détectée
  CONTAINER  voiture_complete          [REDÉMARRAGE]  (integration_ws_eliot-voiture)
    └─ aucune node ROS2 détectée
  CONTAINER  eliot_arduino_bridge      [ACTIF]  (eliot_arduino_bridge-arduino_bridge)
    ├─ NODE  /arduino_bridge                          [ACTIF]
    └─ NODE  /nav_tunnel_pid_node                     [ACTIF]

━━━━━━━━━━━━━━━━━━━━━━━━━━━━━━━━━━━━━━━━━━━━━━━━━━━━━━━━━━━━
[2026-04-29  09:27:53]
  CONTAINER  objective_ardinghelli     [ÉTEINT]  (eliot_arduino_bridge-arduino_bridge:latest)
    └─ aucune node ROS2 détectée
  CONTAINER  docker_cmdvel             [ACTIF]  (auto_start_eliot-navigation)
    ├─ NODE  /nav_tunnel_pid_node                     [ACTIF]
    └─ NODE  /arduino_bridge                          [ACTIF]
  CONTAINER  node_controller           [CRÉÉ]  (auto_start_eliot-node_controller)
    └─ aucune node ROS2 détectée
  CONTAINER  covaciel_camera           [CRÉÉ]  (auto_start_eliot-camera)
    └─ aucune node ROS2 détectée
  CONTAINER  voiture_complete          [REDÉMARRAGE]  (integration_ws_eliot-voiture)
    └─ aucune node ROS2 détectée
  CONTAINER  eliot_arduino_bridge      [ACTIF]  (eliot_arduino_bridge-arduino_bridge)
    ├─ NODE  /arduino_bridge                          [ACTIF]
    └─ NODE  /nav_tunnel_pid_node                     [ACTIF]

━━━━━━━━━━━━━━━━━━━━━━━━━━━━━━━━━━━━━━━━━━━━━━━━━━━━━━━━━━━━
[2026-04-29  09:28:00]
  CONTAINER  objective_ardinghelli     [ÉTEINT]  (eliot_arduino_bridge-arduino_bridge:latest)
    └─ aucune node ROS2 détectée
  CONTAINER  docker_cmdvel             [ACTIF]  (auto_start_eliot-navigation)
    ├─ NODE  /nav_tunnel_pid_node                     [ACTIF]
    └─ NODE  /arduino_bridge                          [ACTIF]
  CONTAINER  node_controller           [CRÉÉ]  (auto_start_eliot-node_controller)
    └─ aucune node ROS2 détectée
  CONTAINER  covaciel_camera           [CRÉÉ]  (auto_start_eliot-camera)
    └─ aucune node ROS2 détectée
  CONTAINER  voiture_complete          [REDÉMARRAGE]  (integration_ws_eliot-voiture)
    └─ aucune node ROS2 détectée
  CONTAINER  eliot_arduino_bridge      [ACTIF]  (eliot_arduino_bridge-arduino_bridge)
    ├─ NODE  /arduino_bridge                          [ACTIF]
    └─ NODE  /nav_tunnel_pid_node                     [ACTIF]

━━━━━━━━━━━━━━━━━━━━━━━━━━━━━━━━━━━━━━━━━━━━━━━━━━━━━━━━━━━━
[2026-04-29  09:28:06]
  CONTAINER  objective_ardinghelli     [ÉTEINT]  (eliot_arduino_bridge-arduino_bridge:latest)
    └─ aucune node ROS2 détectée
  CONTAINER  docker_cmdvel             [ACTIF]  (auto_start_eliot-navigation)
    ├─ NODE  /nav_tunnel_pid_node                     [ACTIF]
    └─ NODE  /arduino_bridge                          [ACTIF]
  CONTAINER  node_controller           [CRÉÉ]  (auto_start_eliot-node_controller)
    └─ aucune node ROS2 détectée
  CONTAINER  covaciel_camera           [CRÉÉ]  (auto_start_eliot-camera)
    └─ aucune node ROS2 détectée
  CONTAINER  voiture_complete          [REDÉMARRAGE]  (integration_ws_eliot-voiture)
    └─ aucune node ROS2 détectée
  CONTAINER  eliot_arduino_bridge      [ACTIF]  (eliot_arduino_bridge-arduino_bridge)
    ├─ NODE  /arduino_bridge                          [ACTIF]
    └─ NODE  /nav_tunnel_pid_node                     [ACTIF]

━━━━━━━━━━━━━━━━━━━━━━━━━━━━━━━━━━━━━━━━━━━━━━━━━━━━━━━━━━━━
[2026-04-29  09:28:13]
  CONTAINER  objective_ardinghelli     [ÉTEINT]  (eliot_arduino_bridge-arduino_bridge:latest)
    └─ aucune node ROS2 détectée
  CONTAINER  docker_cmdvel             [ACTIF]  (auto_start_eliot-navigation)
    ├─ NODE  /nav_tunnel_pid_node                     [ACTIF]
    └─ NODE  /arduino_bridge                          [ACTIF]
  CONTAINER  node_controller           [CRÉÉ]  (auto_start_eliot-node_controller)
    └─ aucune node ROS2 détectée
  CONTAINER  covaciel_camera           [CRÉÉ]  (auto_start_eliot-camera)
    └─ aucune node ROS2 détectée
  CONTAINER  voiture_complete          [REDÉMARRAGE]  (integration_ws_eliot-voiture)
    └─ aucune node ROS2 détectée
  CONTAINER  eliot_arduino_bridge      [ACTIF]  (eliot_arduino_bridge-arduino_bridge)
    ├─ NODE  /arduino_bridge                          [ACTIF]
    └─ NODE  /nav_tunnel_pid_node                     [ACTIF]

━━━━━━━━━━━━━━━━━━━━━━━━━━━━━━━━━━━━━━━━━━━━━━━━━━━━━━━━━━━━
[2026-04-29  09:28:19]
  CONTAINER  objective_ardinghelli     [ÉTEINT]  (eliot_arduino_bridge-arduino_bridge:latest)
    └─ aucune node ROS2 détectée
  CONTAINER  docker_cmdvel             [ACTIF]  (auto_start_eliot-navigation)
    ├─ NODE  /nav_tunnel_pid_node                     [ACTIF]
    └─ NODE  /arduino_bridge                          [ACTIF]
  CONTAINER  node_controller           [CRÉÉ]  (auto_start_eliot-node_controller)
    └─ aucune node ROS2 détectée
  CONTAINER  covaciel_camera           [CRÉÉ]  (auto_start_eliot-camera)
    └─ aucune node ROS2 détectée
  CONTAINER  voiture_complete          [REDÉMARRAGE]  (integration_ws_eliot-voiture)
    └─ aucune node ROS2 détectée
  CONTAINER  eliot_arduino_bridge      [ACTIF]  (eliot_arduino_bridge-arduino_bridge)
    ├─ NODE  /arduino_bridge                          [ACTIF]
    └─ NODE  /nav_tunnel_pid_node                     [ACTIF]

━━━━━━━━━━━━━━━━━━━━━━━━━━━━━━━━━━━━━━━━━━━━━━━━━━━━━━━━━━━━
[2026-04-29  09:28:26]
  CONTAINER  objective_ardinghelli     [ÉTEINT]  (eliot_arduino_bridge-arduino_bridge:latest)
    └─ aucune node ROS2 détectée
  CONTAINER  docker_cmdvel             [ACTIF]  (auto_start_eliot-navigation)
    ├─ NODE  /nav_tunnel_pid_node                     [ACTIF]
    └─ NODE  /arduino_bridge                          [ACTIF]
  CONTAINER  node_controller           [CRÉÉ]  (auto_start_eliot-node_controller)
    └─ aucune node ROS2 détectée
  CONTAINER  covaciel_camera           [CRÉÉ]  (auto_start_eliot-camera)
    └─ aucune node ROS2 détectée
  CONTAINER  voiture_complete          [REDÉMARRAGE]  (integration_ws_eliot-voiture)
    └─ aucune node ROS2 détectée
  CONTAINER  eliot_arduino_bridge      [ACTIF]  (eliot_arduino_bridge-arduino_bridge)
    ├─ NODE  /arduino_bridge                          [ACTIF]
    └─ NODE  /nav_tunnel_pid_node                     [ACTIF]

━━━━━━━━━━━━━━━━━━━━━━━━━━━━━━━━━━━━━━━━━━━━━━━━━━━━━━━━━━━━
[2026-04-29  09:28:32]
  CONTAINER  objective_ardinghelli     [ÉTEINT]  (eliot_arduino_bridge-arduino_bridge:latest)
    └─ aucune node ROS2 détectée
  CONTAINER  docker_cmdvel             [ACTIF]  (auto_start_eliot-navigation)
    ├─ NODE  /nav_tunnel_pid_node                     [ACTIF]
    └─ NODE  /arduino_bridge                          [ACTIF]
  CONTAINER  node_controller           [CRÉÉ]  (auto_start_eliot-node_controller)
    └─ aucune node ROS2 détectée
  CONTAINER  covaciel_camera           [CRÉÉ]  (auto_start_eliot-camera)
    └─ aucune node ROS2 détectée
  CONTAINER  voiture_complete          [REDÉMARRAGE]  (integration_ws_eliot-voiture)
    └─ aucune node ROS2 détectée
  CONTAINER  eliot_arduino_bridge      [ACTIF]  (eliot_arduino_bridge-arduino_bridge)
    ├─ NODE  /arduino_bridge                          [ACTIF]
    └─ NODE  /nav_tunnel_pid_node                     [ACTIF]

━━━━━━━━━━━━━━━━━━━━━━━━━━━━━━━━━━━━━━━━━━━━━━━━━━━━━━━━━━━━
[2026-04-29  09:28:39]
  CONTAINER  objective_ardinghelli     [ÉTEINT]  (eliot_arduino_bridge-arduino_bridge:latest)
    └─ aucune node ROS2 détectée
  CONTAINER  docker_cmdvel             [ACTIF]  (auto_start_eliot-navigation)
    ├─ NODE  /nav_tunnel_pid_node                     [ACTIF]
    └─ NODE  /arduino_bridge                          [ACTIF]
  CONTAINER  node_controller           [CRÉÉ]  (auto_start_eliot-node_controller)
    └─ aucune node ROS2 détectée
  CONTAINER  covaciel_camera           [CRÉÉ]  (auto_start_eliot-camera)
    └─ aucune node ROS2 détectée
  CONTAINER  voiture_complete          [REDÉMARRAGE]  (integration_ws_eliot-voiture)
    └─ aucune node ROS2 détectée
  CONTAINER  eliot_arduino_bridge      [ACTIF]  (eliot_arduino_bridge-arduino_bridge)
    ├─ NODE  /arduino_bridge                          [ACTIF]
    └─ NODE  /nav_tunnel_pid_node                     [ACTIF]

━━━━━━━━━━━━━━━━━━━━━━━━━━━━━━━━━━━━━━━━━━━━━━━━━━━━━━━━━━━━
[2026-04-29  09:28:45]
  CONTAINER  objective_ardinghelli     [ÉTEINT]  (eliot_arduino_bridge-arduino_bridge:latest)
    └─ aucune node ROS2 détectée
  CONTAINER  docker_cmdvel             [ACTIF]  (auto_start_eliot-navigation)
    ├─ NODE  /nav_tunnel_pid_node                     [ACTIF]
    └─ NODE  /arduino_bridge                          [ACTIF]
  CONTAINER  node_controller           [CRÉÉ]  (auto_start_eliot-node_controller)
    └─ aucune node ROS2 détectée
  CONTAINER  covaciel_camera           [CRÉÉ]  (auto_start_eliot-camera)
    └─ aucune node ROS2 détectée
  CONTAINER  voiture_complete          [REDÉMARRAGE]  (integration_ws_eliot-voiture)
    └─ aucune node ROS2 détectée
  CONTAINER  eliot_arduino_bridge      [ACTIF]  (eliot_arduino_bridge-arduino_bridge)
    ├─ NODE  /arduino_bridge                          [ACTIF]
    └─ NODE  /nav_tunnel_pid_node                     [ACTIF]

━━━━━━━━━━━━━━━━━━━━━━━━━━━━━━━━━━━━━━━━━━━━━━━━━━━━━━━━━━━━
[2026-04-29  09:28:52]
  CONTAINER  objective_ardinghelli     [ÉTEINT]  (eliot_arduino_bridge-arduino_bridge:latest)
    └─ aucune node ROS2 détectée
  CONTAINER  docker_cmdvel             [ACTIF]  (auto_start_eliot-navigation)
    ├─ NODE  /nav_tunnel_pid_node                     [ACTIF]
    └─ NODE  /arduino_bridge                          [ACTIF]
  CONTAINER  node_controller           [CRÉÉ]  (auto_start_eliot-node_controller)
    └─ aucune node ROS2 détectée
  CONTAINER  covaciel_camera           [CRÉÉ]  (auto_start_eliot-camera)
    └─ aucune node ROS2 détectée
  CONTAINER  voiture_complete          [REDÉMARRAGE]  (integration_ws_eliot-voiture)
    └─ aucune node ROS2 détectée
  CONTAINER  eliot_arduino_bridge      [ACTIF]  (eliot_arduino_bridge-arduino_bridge)
    ├─ NODE  /arduino_bridge                          [ACTIF]
    └─ NODE  /nav_tunnel_pid_node                     [ACTIF]

━━━━━━━━━━━━━━━━━━━━━━━━━━━━━━━━━━━━━━━━━━━━━━━━━━━━━━━━━━━━
[2026-04-29  09:28:58]
  CONTAINER  objective_ardinghelli     [ÉTEINT]  (eliot_arduino_bridge-arduino_bridge:latest)
    └─ aucune node ROS2 détectée
  CONTAINER  docker_cmdvel             [ACTIF]  (auto_start_eliot-navigation)
    ├─ NODE  /nav_tunnel_pid_node                     [ACTIF]
    └─ NODE  /arduino_bridge                          [ACTIF]
  CONTAINER  node_controller           [CRÉÉ]  (auto_start_eliot-node_controller)
    └─ aucune node ROS2 détectée
  CONTAINER  covaciel_camera           [CRÉÉ]  (auto_start_eliot-camera)
    └─ aucune node ROS2 détectée
  CONTAINER  voiture_complete          [REDÉMARRAGE]  (integration_ws_eliot-voiture)
    └─ aucune node ROS2 détectée
  CONTAINER  eliot_arduino_bridge      [ACTIF]  (eliot_arduino_bridge-arduino_bridge)
    ├─ NODE  /arduino_bridge                          [ACTIF]
    └─ NODE  /nav_tunnel_pid_node                     [ACTIF]

━━━━━━━━━━━━━━━━━━━━━━━━━━━━━━━━━━━━━━━━━━━━━━━━━━━━━━━━━━━━
[2026-04-29  09:29:05]
  CONTAINER  objective_ardinghelli     [ÉTEINT]  (eliot_arduino_bridge-arduino_bridge:latest)
    └─ aucune node ROS2 détectée
  CONTAINER  docker_cmdvel             [ACTIF]  (auto_start_eliot-navigation)
    ├─ NODE  /nav_tunnel_pid_node                     [ACTIF]
    └─ NODE  /arduino_bridge                          [ACTIF]
  CONTAINER  node_controller           [CRÉÉ]  (auto_start_eliot-node_controller)
    └─ aucune node ROS2 détectée
  CONTAINER  covaciel_camera           [CRÉÉ]  (auto_start_eliot-camera)
    └─ aucune node ROS2 détectée
  CONTAINER  voiture_complete          [REDÉMARRAGE]  (integration_ws_eliot-voiture)
    └─ aucune node ROS2 détectée
  CONTAINER  eliot_arduino_bridge      [ACTIF]  (eliot_arduino_bridge-arduino_bridge)
    ├─ NODE  /arduino_bridge                          [ACTIF]
    └─ NODE  /nav_tunnel_pid_node                     [ACTIF]

━━━━━━━━━━━━━━━━━━━━━━━━━━━━━━━━━━━━━━━━━━━━━━━━━━━━━━━━━━━━
[2026-04-29  09:29:11]
  CONTAINER  objective_ardinghelli     [ÉTEINT]  (eliot_arduino_bridge-arduino_bridge:latest)
    └─ aucune node ROS2 détectée
  CONTAINER  docker_cmdvel             [ACTIF]  (auto_start_eliot-navigation)
    ├─ NODE  /nav_tunnel_pid_node                     [ACTIF]
    └─ NODE  /arduino_bridge                          [ACTIF]
  CONTAINER  node_controller           [CRÉÉ]  (auto_start_eliot-node_controller)
    └─ aucune node ROS2 détectée
  CONTAINER  covaciel_camera           [CRÉÉ]  (auto_start_eliot-camera)
    └─ aucune node ROS2 détectée
  CONTAINER  voiture_complete          [REDÉMARRAGE]  (integration_ws_eliot-voiture)
    └─ aucune node ROS2 détectée
  CONTAINER  eliot_arduino_bridge      [ACTIF]  (eliot_arduino_bridge-arduino_bridge)
    ├─ NODE  /arduino_bridge                          [ACTIF]
    └─ NODE  /nav_tunnel_pid_node                     [ACTIF]

━━━━━━━━━━━━━━━━━━━━━━━━━━━━━━━━━━━━━━━━━━━━━━━━━━━━━━━━━━━━
[2026-04-29  09:29:18]
  CONTAINER  objective_ardinghelli     [ÉTEINT]  (eliot_arduino_bridge-arduino_bridge:latest)
    └─ aucune node ROS2 détectée
  CONTAINER  docker_cmdvel             [ACTIF]  (auto_start_eliot-navigation)
    ├─ NODE  /nav_tunnel_pid_node                     [ACTIF]
    └─ NODE  /arduino_bridge                          [ACTIF]
  CONTAINER  node_controller           [CRÉÉ]  (auto_start_eliot-node_controller)
    └─ aucune node ROS2 détectée
  CONTAINER  covaciel_camera           [CRÉÉ]  (auto_start_eliot-camera)
    └─ aucune node ROS2 détectée
  CONTAINER  voiture_complete          [ACTIF]  (integration_ws_eliot-voiture)
    └─ aucune node ROS2 détectée
  CONTAINER  eliot_arduino_bridge      [ACTIF]  (eliot_arduino_bridge-arduino_bridge)
    ├─ NODE  /arduino_bridge                          [ACTIF]
    └─ NODE  /nav_tunnel_pid_node                     [ACTIF]

━━━━━━━━━━━━━━━━━━━━━━━━━━━━━━━━━━━━━━━━━━━━━━━━━━━━━━━━━━━━
[2026-04-29  09:29:24]
  CONTAINER  objective_ardinghelli     [ÉTEINT]  (eliot_arduino_bridge-arduino_bridge:latest)
    └─ aucune node ROS2 détectée
  CONTAINER  docker_cmdvel             [ACTIF]  (auto_start_eliot-navigation)
    ├─ NODE  /nav_tunnel_pid_node                     [ACTIF]
    └─ NODE  /arduino_bridge                          [ACTIF]
  CONTAINER  node_controller           [CRÉÉ]  (auto_start_eliot-node_controller)
    └─ aucune node ROS2 détectée
  CONTAINER  covaciel_camera           [CRÉÉ]  (auto_start_eliot-camera)
    └─ aucune node ROS2 détectée
  CONTAINER  voiture_complete          [REDÉMARRAGE]  (integration_ws_eliot-voiture)
    └─ aucune node ROS2 détectée
  CONTAINER  eliot_arduino_bridge      [ACTIF]  (eliot_arduino_bridge-arduino_bridge)
    ├─ NODE  /arduino_bridge                          [ACTIF]
    └─ NODE  /nav_tunnel_pid_node                     [ACTIF]

━━━━━━━━━━━━━━━━━━━━━━━━━━━━━━━━━━━━━━━━━━━━━━━━━━━━━━━━━━━━
[2026-04-29  09:29:31]
  CONTAINER  objective_ardinghelli     [ÉTEINT]  (eliot_arduino_bridge-arduino_bridge:latest)
    └─ aucune node ROS2 détectée
  CONTAINER  docker_cmdvel             [ACTIF]  (auto_start_eliot-navigation)
    ├─ NODE  /nav_tunnel_pid_node                     [ACTIF]
    └─ NODE  /arduino_bridge                          [ACTIF]
  CONTAINER  node_controller           [CRÉÉ]  (auto_start_eliot-node_controller)
    └─ aucune node ROS2 détectée
  CONTAINER  covaciel_camera           [CRÉÉ]  (auto_start_eliot-camera)
    └─ aucune node ROS2 détectée
  CONTAINER  voiture_complete          [REDÉMARRAGE]  (integration_ws_eliot-voiture)
    └─ aucune node ROS2 détectée
  CONTAINER  eliot_arduino_bridge      [ACTIF]  (eliot_arduino_bridge-arduino_bridge)
    ├─ NODE  /arduino_bridge                          [ACTIF]
    └─ NODE  /nav_tunnel_pid_node                     [ACTIF]

━━━━━━━━━━━━━━━━━━━━━━━━━━━━━━━━━━━━━━━━━━━━━━━━━━━━━━━━━━━━
[2026-04-29  09:29:37]
  CONTAINER  objective_ardinghelli     [ÉTEINT]  (eliot_arduino_bridge-arduino_bridge:latest)
    └─ aucune node ROS2 détectée
  CONTAINER  docker_cmdvel             [ACTIF]  (auto_start_eliot-navigation)
    ├─ NODE  /nav_tunnel_pid_node                     [ACTIF]
    └─ NODE  /arduino_bridge                          [ACTIF]
  CONTAINER  node_controller           [CRÉÉ]  (auto_start_eliot-node_controller)
    └─ aucune node ROS2 détectée
  CONTAINER  covaciel_camera           [CRÉÉ]  (auto_start_eliot-camera)
    └─ aucune node ROS2 détectée
  CONTAINER  voiture_complete          [REDÉMARRAGE]  (integration_ws_eliot-voiture)
    └─ aucune node ROS2 détectée
  CONTAINER  eliot_arduino_bridge      [ACTIF]  (eliot_arduino_bridge-arduino_bridge)
    ├─ NODE  /arduino_bridge                          [ACTIF]
    └─ NODE  /nav_tunnel_pid_node                     [ACTIF]

━━━━━━━━━━━━━━━━━━━━━━━━━━━━━━━━━━━━━━━━━━━━━━━━━━━━━━━━━━━━
[2026-04-29  09:29:43]
  CONTAINER  objective_ardinghelli     [ÉTEINT]  (eliot_arduino_bridge-arduino_bridge:latest)
    └─ aucune node ROS2 détectée
  CONTAINER  docker_cmdvel             [ACTIF]  (auto_start_eliot-navigation)
    ├─ NODE  /nav_tunnel_pid_node                     [ACTIF]
    └─ NODE  /arduino_bridge                          [ACTIF]
  CONTAINER  node_controller           [CRÉÉ]  (auto_start_eliot-node_controller)
    └─ aucune node ROS2 détectée
  CONTAINER  covaciel_camera           [CRÉÉ]  (auto_start_eliot-camera)
    └─ aucune node ROS2 détectée
  CONTAINER  voiture_complete          [REDÉMARRAGE]  (integration_ws_eliot-voiture)
    └─ aucune node ROS2 détectée
  CONTAINER  eliot_arduino_bridge      [ACTIF]  (eliot_arduino_bridge-arduino_bridge)
    ├─ NODE  /arduino_bridge                          [ACTIF]
    └─ NODE  /nav_tunnel_pid_node                     [ACTIF]

━━━━━━━━━━━━━━━━━━━━━━━━━━━━━━━━━━━━━━━━━━━━━━━━━━━━━━━━━━━━
[2026-04-29  09:29:50]
  CONTAINER  objective_ardinghelli     [ÉTEINT]  (eliot_arduino_bridge-arduino_bridge:latest)
    └─ aucune node ROS2 détectée
  CONTAINER  docker_cmdvel             [ACTIF]  (auto_start_eliot-navigation)
    ├─ NODE  /nav_tunnel_pid_node                     [ACTIF]
    └─ NODE  /arduino_bridge                          [ACTIF]
  CONTAINER  node_controller           [CRÉÉ]  (auto_start_eliot-node_controller)
    └─ aucune node ROS2 détectée
  CONTAINER  covaciel_camera           [CRÉÉ]  (auto_start_eliot-camera)
    └─ aucune node ROS2 détectée
  CONTAINER  voiture_complete          [REDÉMARRAGE]  (integration_ws_eliot-voiture)
    └─ aucune node ROS2 détectée
  CONTAINER  eliot_arduino_bridge      [ACTIF]  (eliot_arduino_bridge-arduino_bridge)
    ├─ NODE  /arduino_bridge                          [ACTIF]
    └─ NODE  /nav_tunnel_pid_node                     [ACTIF]

━━━━━━━━━━━━━━━━━━━━━━━━━━━━━━━━━━━━━━━━━━━━━━━━━━━━━━━━━━━━
[2026-04-29  09:29:56]
  CONTAINER  objective_ardinghelli     [ÉTEINT]  (eliot_arduino_bridge-arduino_bridge:latest)
    └─ aucune node ROS2 détectée
  CONTAINER  docker_cmdvel             [ACTIF]  (auto_start_eliot-navigation)
    ├─ NODE  /nav_tunnel_pid_node                     [ACTIF]
    └─ NODE  /arduino_bridge                          [ACTIF]
  CONTAINER  node_controller           [CRÉÉ]  (auto_start_eliot-node_controller)
    └─ aucune node ROS2 détectée
  CONTAINER  covaciel_camera           [CRÉÉ]  (auto_start_eliot-camera)
    └─ aucune node ROS2 détectée
  CONTAINER  voiture_complete          [REDÉMARRAGE]  (integration_ws_eliot-voiture)
    └─ aucune node ROS2 détectée
  CONTAINER  eliot_arduino_bridge      [ACTIF]  (eliot_arduino_bridge-arduino_bridge)
    ├─ NODE  /arduino_bridge                          [ACTIF]
    └─ NODE  /nav_tunnel_pid_node                     [ACTIF]

━━━━━━━━━━━━━━━━━━━━━━━━━━━━━━━━━━━━━━━━━━━━━━━━━━━━━━━━━━━━
[2026-04-29  09:30:03]
  CONTAINER  objective_ardinghelli     [ÉTEINT]  (eliot_arduino_bridge-arduino_bridge:latest)
    └─ aucune node ROS2 détectée
  CONTAINER  docker_cmdvel             [ACTIF]  (auto_start_eliot-navigation)
    ├─ NODE  /nav_tunnel_pid_node                     [ACTIF]
    └─ NODE  /arduino_bridge                          [ACTIF]
  CONTAINER  node_controller           [CRÉÉ]  (auto_start_eliot-node_controller)
    └─ aucune node ROS2 détectée
  CONTAINER  covaciel_camera           [CRÉÉ]  (auto_start_eliot-camera)
    └─ aucune node ROS2 détectée
  CONTAINER  voiture_complete          [REDÉMARRAGE]  (integration_ws_eliot-voiture)
    └─ aucune node ROS2 détectée
  CONTAINER  eliot_arduino_bridge      [ACTIF]  (eliot_arduino_bridge-arduino_bridge)
    ├─ NODE  /arduino_bridge                          [ACTIF]
    └─ NODE  /nav_tunnel_pid_node                     [ACTIF]

━━━━━━━━━━━━━━━━━━━━━━━━━━━━━━━━━━━━━━━━━━━━━━━━━━━━━━━━━━━━
[2026-04-29  09:30:09]
  CONTAINER  objective_ardinghelli     [ÉTEINT]  (eliot_arduino_bridge-arduino_bridge:latest)
    └─ aucune node ROS2 détectée
  CONTAINER  docker_cmdvel             [ACTIF]  (auto_start_eliot-navigation)
    ├─ NODE  /nav_tunnel_pid_node                     [ACTIF]
    └─ NODE  /arduino_bridge                          [ACTIF]
  CONTAINER  node_controller           [CRÉÉ]  (auto_start_eliot-node_controller)
    └─ aucune node ROS2 détectée
  CONTAINER  covaciel_camera           [CRÉÉ]  (auto_start_eliot-camera)
    └─ aucune node ROS2 détectée
  CONTAINER  voiture_complete          [REDÉMARRAGE]  (integration_ws_eliot-voiture)
    └─ aucune node ROS2 détectée
  CONTAINER  eliot_arduino_bridge      [ACTIF]  (eliot_arduino_bridge-arduino_bridge)
    ├─ NODE  /arduino_bridge                          [ACTIF]
    └─ NODE  /nav_tunnel_pid_node                     [ACTIF]

━━━━━━━━━━━━━━━━━━━━━━━━━━━━━━━━━━━━━━━━━━━━━━━━━━━━━━━━━━━━
[2026-04-29  09:30:15]
  CONTAINER  objective_ardinghelli     [ÉTEINT]  (eliot_arduino_bridge-arduino_bridge:latest)
    └─ aucune node ROS2 détectée
  CONTAINER  docker_cmdvel             [ACTIF]  (auto_start_eliot-navigation)
    ├─ NODE  /nav_tunnel_pid_node                     [ACTIF]
    └─ NODE  /arduino_bridge                          [ACTIF]
  CONTAINER  node_controller           [CRÉÉ]  (auto_start_eliot-node_controller)
    └─ aucune node ROS2 détectée
  CONTAINER  covaciel_camera           [CRÉÉ]  (auto_start_eliot-camera)
    └─ aucune node ROS2 détectée
  CONTAINER  voiture_complete          [REDÉMARRAGE]  (integration_ws_eliot-voiture)
    └─ aucune node ROS2 détectée
  CONTAINER  eliot_arduino_bridge      [ACTIF]  (eliot_arduino_bridge-arduino_bridge)
    ├─ NODE  /arduino_bridge                          [ACTIF]
    └─ NODE  /nav_tunnel_pid_node                     [ACTIF]

━━━━━━━━━━━━━━━━━━━━━━━━━━━━━━━━━━━━━━━━━━━━━━━━━━━━━━━━━━━━
[2026-04-29  09:30:21]
  CONTAINER  objective_ardinghelli     [ÉTEINT]  (eliot_arduino_bridge-arduino_bridge:latest)
    └─ aucune node ROS2 détectée
  CONTAINER  docker_cmdvel             [ACTIF]  (auto_start_eliot-navigation)
    ├─ NODE  /nav_tunnel_pid_node                     [ACTIF]
    └─ NODE  /arduino_bridge                          [ACTIF]
  CONTAINER  node_controller           [CRÉÉ]  (auto_start_eliot-node_controller)
    └─ aucune node ROS2 détectée
  CONTAINER  covaciel_camera           [CRÉÉ]  (auto_start_eliot-camera)
    └─ aucune node ROS2 détectée
  CONTAINER  voiture_complete          [REDÉMARRAGE]  (integration_ws_eliot-voiture)
    └─ aucune node ROS2 détectée
  CONTAINER  eliot_arduino_bridge      [ACTIF]  (eliot_arduino_bridge-arduino_bridge)
    ├─ NODE  /arduino_bridge                          [ACTIF]
    └─ NODE  /nav_tunnel_pid_node                     [ACTIF]

━━━━━━━━━━━━━━━━━━━━━━━━━━━━━━━━━━━━━━━━━━━━━━━━━━━━━━━━━━━━
[2026-04-29  09:30:27]
  CONTAINER  objective_ardinghelli     [ÉTEINT]  (eliot_arduino_bridge-arduino_bridge:latest)
    └─ aucune node ROS2 détectée
  CONTAINER  docker_cmdvel             [ACTIF]  (auto_start_eliot-navigation)
    ├─ NODE  /nav_tunnel_pid_node                     [ACTIF]
    └─ NODE  /arduino_bridge                          [ACTIF]
  CONTAINER  node_controller           [CRÉÉ]  (auto_start_eliot-node_controller)
    └─ aucune node ROS2 détectée
  CONTAINER  covaciel_camera           [CRÉÉ]  (auto_start_eliot-camera)
    └─ aucune node ROS2 détectée
  CONTAINER  voiture_complete          [REDÉMARRAGE]  (integration_ws_eliot-voiture)
    └─ aucune node ROS2 détectée
  CONTAINER  eliot_arduino_bridge      [ACTIF]  (eliot_arduino_bridge-arduino_bridge)
    ├─ NODE  /arduino_bridge                          [ACTIF]
    └─ NODE  /nav_tunnel_pid_node                     [ACTIF]

━━━━━━━━━━━━━━━━━━━━━━━━━━━━━━━━━━━━━━━━━━━━━━━━━━━━━━━━━━━━
[2026-04-29  09:30:34]
  CONTAINER  objective_ardinghelli     [ÉTEINT]  (eliot_arduino_bridge-arduino_bridge:latest)
    └─ aucune node ROS2 détectée
  CONTAINER  docker_cmdvel             [ACTIF]  (auto_start_eliot-navigation)
    ├─ NODE  /nav_tunnel_pid_node                     [ACTIF]
    └─ NODE  /arduino_bridge                          [ACTIF]
  CONTAINER  node_controller           [CRÉÉ]  (auto_start_eliot-node_controller)
    └─ aucune node ROS2 détectée
  CONTAINER  covaciel_camera           [CRÉÉ]  (auto_start_eliot-camera)
    └─ aucune node ROS2 détectée
  CONTAINER  voiture_complete          [REDÉMARRAGE]  (integration_ws_eliot-voiture)
    └─ aucune node ROS2 détectée
  CONTAINER  eliot_arduino_bridge      [ACTIF]  (eliot_arduino_bridge-arduino_bridge)
    ├─ NODE  /arduino_bridge                          [ACTIF]
    └─ NODE  /nav_tunnel_pid_node                     [ACTIF]

━━━━━━━━━━━━━━━━━━━━━━━━━━━━━━━━━━━━━━━━━━━━━━━━━━━━━━━━━━━━
[2026-04-29  09:30:40]
  CONTAINER  objective_ardinghelli     [ÉTEINT]  (eliot_arduino_bridge-arduino_bridge:latest)
    └─ aucune node ROS2 détectée
  CONTAINER  docker_cmdvel             [ACTIF]  (auto_start_eliot-navigation)
    ├─ NODE  /nav_tunnel_pid_node                     [ACTIF]
    └─ NODE  /arduino_bridge                          [ACTIF]
  CONTAINER  node_controller           [CRÉÉ]  (auto_start_eliot-node_controller)
    └─ aucune node ROS2 détectée
  CONTAINER  covaciel_camera           [CRÉÉ]  (auto_start_eliot-camera)
    └─ aucune node ROS2 détectée
  CONTAINER  voiture_complete          [REDÉMARRAGE]  (integration_ws_eliot-voiture)
    └─ aucune node ROS2 détectée
  CONTAINER  eliot_arduino_bridge      [ACTIF]  (eliot_arduino_bridge-arduino_bridge)
    ├─ NODE  /arduino_bridge                          [ACTIF]
    └─ NODE  /nav_tunnel_pid_node                     [ACTIF]

━━━━━━━━━━━━━━━━━━━━━━━━━━━━━━━━━━━━━━━━━━━━━━━━━━━━━━━━━━━━
[2026-04-29  09:30:46]
  CONTAINER  objective_ardinghelli     [ÉTEINT]  (eliot_arduino_bridge-arduino_bridge:latest)
    └─ aucune node ROS2 détectée
  CONTAINER  docker_cmdvel             [ACTIF]  (auto_start_eliot-navigation)
    ├─ NODE  /nav_tunnel_pid_node                     [ACTIF]
    └─ NODE  /arduino_bridge                          [ACTIF]
  CONTAINER  node_controller           [CRÉÉ]  (auto_start_eliot-node_controller)
    └─ aucune node ROS2 détectée
  CONTAINER  covaciel_camera           [CRÉÉ]  (auto_start_eliot-camera)
    └─ aucune node ROS2 détectée
  CONTAINER  voiture_complete          [REDÉMARRAGE]  (integration_ws_eliot-voiture)
    └─ aucune node ROS2 détectée
  CONTAINER  eliot_arduino_bridge      [ACTIF]  (eliot_arduino_bridge-arduino_bridge)
    ├─ NODE  /arduino_bridge                          [ACTIF]
    └─ NODE  /nav_tunnel_pid_node                     [ACTIF]

━━━━━━━━━━━━━━━━━━━━━━━━━━━━━━━━━━━━━━━━━━━━━━━━━━━━━━━━━━━━
[2026-04-29  09:30:52]
  CONTAINER  objective_ardinghelli     [ÉTEINT]  (eliot_arduino_bridge-arduino_bridge:latest)
    └─ aucune node ROS2 détectée
  CONTAINER  docker_cmdvel             [ACTIF]  (auto_start_eliot-navigation)
    ├─ NODE  /nav_tunnel_pid_node                     [ACTIF]
    └─ NODE  /arduino_bridge                          [ACTIF]
  CONTAINER  node_controller           [CRÉÉ]  (auto_start_eliot-node_controller)
    └─ aucune node ROS2 détectée
  CONTAINER  covaciel_camera           [CRÉÉ]  (auto_start_eliot-camera)
    └─ aucune node ROS2 détectée
  CONTAINER  voiture_complete          [REDÉMARRAGE]  (integration_ws_eliot-voiture)
    └─ aucune node ROS2 détectée
  CONTAINER  eliot_arduino_bridge      [ACTIF]  (eliot_arduino_bridge-arduino_bridge)
    ├─ NODE  /arduino_bridge                          [ACTIF]
    └─ NODE  /nav_tunnel_pid_node                     [ACTIF]

━━━━━━━━━━━━━━━━━━━━━━━━━━━━━━━━━━━━━━━━━━━━━━━━━━━━━━━━━━━━
[2026-04-29  09:30:58]
  CONTAINER  objective_ardinghelli     [ÉTEINT]  (eliot_arduino_bridge-arduino_bridge:latest)
    └─ aucune node ROS2 détectée
  CONTAINER  docker_cmdvel             [ACTIF]  (auto_start_eliot-navigation)
    ├─ NODE  /nav_tunnel_pid_node                     [ACTIF]
    └─ NODE  /arduino_bridge                          [ACTIF]
  CONTAINER  node_controller           [CRÉÉ]  (auto_start_eliot-node_controller)
    └─ aucune node ROS2 détectée
  CONTAINER  covaciel_camera           [CRÉÉ]  (auto_start_eliot-camera)
    └─ aucune node ROS2 détectée
  CONTAINER  voiture_complete          [REDÉMARRAGE]  (integration_ws_eliot-voiture)
    └─ aucune node ROS2 détectée
  CONTAINER  eliot_arduino_bridge      [ACTIF]  (eliot_arduino_bridge-arduino_bridge)
    ├─ NODE  /arduino_bridge                          [ACTIF]
    └─ NODE  /nav_tunnel_pid_node                     [ACTIF]

━━━━━━━━━━━━━━━━━━━━━━━━━━━━━━━━━━━━━━━━━━━━━━━━━━━━━━━━━━━━
[2026-04-29  09:31:04]
  CONTAINER  objective_ardinghelli     [ÉTEINT]  (eliot_arduino_bridge-arduino_bridge:latest)
    └─ aucune node ROS2 détectée
  CONTAINER  docker_cmdvel             [ACTIF]  (auto_start_eliot-navigation)
    ├─ NODE  /nav_tunnel_pid_node                     [ACTIF]
    └─ NODE  /arduino_bridge                          [ACTIF]
  CONTAINER  node_controller           [CRÉÉ]  (auto_start_eliot-node_controller)
    └─ aucune node ROS2 détectée
  CONTAINER  covaciel_camera           [CRÉÉ]  (auto_start_eliot-camera)
    └─ aucune node ROS2 détectée
  CONTAINER  voiture_complete          [REDÉMARRAGE]  (integration_ws_eliot-voiture)
    └─ aucune node ROS2 détectée
  CONTAINER  eliot_arduino_bridge      [ACTIF]  (eliot_arduino_bridge-arduino_bridge)
    ├─ NODE  /arduino_bridge                          [ACTIF]
    └─ NODE  /nav_tunnel_pid_node                     [ACTIF]

━━━━━━━━━━━━━━━━━━━━━━━━━━━━━━━━━━━━━━━━━━━━━━━━━━━━━━━━━━━━
[2026-04-29  09:31:10]
  CONTAINER  objective_ardinghelli     [ÉTEINT]  (eliot_arduino_bridge-arduino_bridge:latest)
    └─ aucune node ROS2 détectée
  CONTAINER  docker_cmdvel             [ACTIF]  (auto_start_eliot-navigation)
    ├─ NODE  /nav_tunnel_pid_node                     [ACTIF]
    └─ NODE  /arduino_bridge                          [ACTIF]
  CONTAINER  node_controller           [CRÉÉ]  (auto_start_eliot-node_controller)
    └─ aucune node ROS2 détectée
  CONTAINER  covaciel_camera           [CRÉÉ]  (auto_start_eliot-camera)
    └─ aucune node ROS2 détectée
  CONTAINER  voiture_complete          [REDÉMARRAGE]  (integration_ws_eliot-voiture)
    └─ aucune node ROS2 détectée
  CONTAINER  eliot_arduino_bridge      [ACTIF]  (eliot_arduino_bridge-arduino_bridge)
    ├─ NODE  /arduino_bridge                          [ACTIF]
    └─ NODE  /nav_tunnel_pid_node                     [ACTIF]

━━━━━━━━━━━━━━━━━━━━━━━━━━━━━━━━━━━━━━━━━━━━━━━━━━━━━━━━━━━━
[2026-04-29  09:31:16]
  CONTAINER  objective_ardinghelli     [ÉTEINT]  (eliot_arduino_bridge-arduino_bridge:latest)
    └─ aucune node ROS2 détectée
  CONTAINER  docker_cmdvel             [ACTIF]  (auto_start_eliot-navigation)
    ├─ NODE  /nav_tunnel_pid_node                     [ACTIF]
    └─ NODE  /arduino_bridge                          [ACTIF]
  CONTAINER  node_controller           [CRÉÉ]  (auto_start_eliot-node_controller)
    └─ aucune node ROS2 détectée
  CONTAINER  covaciel_camera           [CRÉÉ]  (auto_start_eliot-camera)
    └─ aucune node ROS2 détectée
  CONTAINER  voiture_complete          [REDÉMARRAGE]  (integration_ws_eliot-voiture)
    └─ aucune node ROS2 détectée
  CONTAINER  eliot_arduino_bridge      [ACTIF]  (eliot_arduino_bridge-arduino_bridge)
    ├─ NODE  /arduino_bridge                          [ACTIF]
    └─ NODE  /nav_tunnel_pid_node                     [ACTIF]

━━━━━━━━━━━━━━━━━━━━━━━━━━━━━━━━━━━━━━━━━━━━━━━━━━━━━━━━━━━━
[2026-04-29  09:31:22]
  CONTAINER  objective_ardinghelli     [ÉTEINT]  (eliot_arduino_bridge-arduino_bridge:latest)
    └─ aucune node ROS2 détectée
  CONTAINER  docker_cmdvel             [ACTIF]  (auto_start_eliot-navigation)
    ├─ NODE  /nav_tunnel_pid_node                     [ACTIF]
    └─ NODE  /arduino_bridge                          [ACTIF]
  CONTAINER  node_controller           [CRÉÉ]  (auto_start_eliot-node_controller)
    └─ aucune node ROS2 détectée
  CONTAINER  covaciel_camera           [CRÉÉ]  (auto_start_eliot-camera)
    └─ aucune node ROS2 détectée
  CONTAINER  voiture_complete          [REDÉMARRAGE]  (integration_ws_eliot-voiture)
    └─ aucune node ROS2 détectée
  CONTAINER  eliot_arduino_bridge      [ACTIF]  (eliot_arduino_bridge-arduino_bridge)
    ├─ NODE  /arduino_bridge                          [ACTIF]
    └─ NODE  /nav_tunnel_pid_node                     [ACTIF]

━━━━━━━━━━━━━━━━━━━━━━━━━━━━━━━━━━━━━━━━━━━━━━━━━━━━━━━━━━━━
[2026-04-29  09:31:28]
  CONTAINER  objective_ardinghelli     [ÉTEINT]  (eliot_arduino_bridge-arduino_bridge:latest)
    └─ aucune node ROS2 détectée
  CONTAINER  docker_cmdvel             [ACTIF]  (auto_start_eliot-navigation)
    ├─ NODE  /nav_tunnel_pid_node                     [ACTIF]
    └─ NODE  /arduino_bridge                          [ACTIF]
  CONTAINER  node_controller           [CRÉÉ]  (auto_start_eliot-node_controller)
    └─ aucune node ROS2 détectée
  CONTAINER  covaciel_camera           [CRÉÉ]  (auto_start_eliot-camera)
    └─ aucune node ROS2 détectée
  CONTAINER  voiture_complete          [REDÉMARRAGE]  (integration_ws_eliot-voiture)
    └─ aucune node ROS2 détectée
  CONTAINER  eliot_arduino_bridge      [ACTIF]  (eliot_arduino_bridge-arduino_bridge)
    ├─ NODE  /arduino_bridge                          [ACTIF]
    └─ NODE  /nav_tunnel_pid_node                     [ACTIF]

━━━━━━━━━━━━━━━━━━━━━━━━━━━━━━━━━━━━━━━━━━━━━━━━━━━━━━━━━━━━
[2026-04-29  09:31:34]
  CONTAINER  objective_ardinghelli     [ÉTEINT]  (eliot_arduino_bridge-arduino_bridge:latest)
    └─ aucune node ROS2 détectée
  CONTAINER  docker_cmdvel             [ACTIF]  (auto_start_eliot-navigation)
    ├─ NODE  /nav_tunnel_pid_node                     [ACTIF]
    └─ NODE  /arduino_bridge                          [ACTIF]
  CONTAINER  node_controller           [CRÉÉ]  (auto_start_eliot-node_controller)
    └─ aucune node ROS2 détectée
  CONTAINER  covaciel_camera           [CRÉÉ]  (auto_start_eliot-camera)
    └─ aucune node ROS2 détectée
  CONTAINER  voiture_complete          [REDÉMARRAGE]  (integration_ws_eliot-voiture)
    └─ aucune node ROS2 détectée
  CONTAINER  eliot_arduino_bridge      [ACTIF]  (eliot_arduino_bridge-arduino_bridge)
    ├─ NODE  /arduino_bridge                          [ACTIF]
    └─ NODE  /nav_tunnel_pid_node                     [ACTIF]

━━━━━━━━━━━━━━━━━━━━━━━━━━━━━━━━━━━━━━━━━━━━━━━━━━━━━━━━━━━━
[2026-04-29  09:31:40]
  CONTAINER  objective_ardinghelli     [ÉTEINT]  (eliot_arduino_bridge-arduino_bridge:latest)
    └─ aucune node ROS2 détectée
  CONTAINER  docker_cmdvel             [ACTIF]  (auto_start_eliot-navigation)
    ├─ NODE  /nav_tunnel_pid_node                     [ACTIF]
    └─ NODE  /arduino_bridge                          [ACTIF]
  CONTAINER  node_controller           [CRÉÉ]  (auto_start_eliot-node_controller)
    └─ aucune node ROS2 détectée
  CONTAINER  covaciel_camera           [CRÉÉ]  (auto_start_eliot-camera)
    └─ aucune node ROS2 détectée
  CONTAINER  voiture_complete          [REDÉMARRAGE]  (integration_ws_eliot-voiture)
    └─ aucune node ROS2 détectée
  CONTAINER  eliot_arduino_bridge      [ACTIF]  (eliot_arduino_bridge-arduino_bridge)
    ├─ NODE  /arduino_bridge                          [ACTIF]
    └─ NODE  /nav_tunnel_pid_node                     [ACTIF]

━━━━━━━━━━━━━━━━━━━━━━━━━━━━━━━━━━━━━━━━━━━━━━━━━━━━━━━━━━━━
[2026-04-29  09:31:47]
  CONTAINER  objective_ardinghelli     [ÉTEINT]  (eliot_arduino_bridge-arduino_bridge:latest)
    └─ aucune node ROS2 détectée
  CONTAINER  docker_cmdvel             [ACTIF]  (auto_start_eliot-navigation)
    ├─ NODE  /nav_tunnel_pid_node                     [ACTIF]
    └─ NODE  /arduino_bridge                          [ACTIF]
  CONTAINER  node_controller           [CRÉÉ]  (auto_start_eliot-node_controller)
    └─ aucune node ROS2 détectée
  CONTAINER  covaciel_camera           [CRÉÉ]  (auto_start_eliot-camera)
    └─ aucune node ROS2 détectée
  CONTAINER  voiture_complete          [REDÉMARRAGE]  (integration_ws_eliot-voiture)
    └─ aucune node ROS2 détectée
  CONTAINER  eliot_arduino_bridge      [ACTIF]  (eliot_arduino_bridge-arduino_bridge)
    ├─ NODE  /arduino_bridge                          [ACTIF]
    └─ NODE  /nav_tunnel_pid_node                     [ACTIF]

━━━━━━━━━━━━━━━━━━━━━━━━━━━━━━━━━━━━━━━━━━━━━━━━━━━━━━━━━━━━
[2026-04-29  09:31:53]
  CONTAINER  objective_ardinghelli     [ÉTEINT]  (eliot_arduino_bridge-arduino_bridge:latest)
    └─ aucune node ROS2 détectée
  CONTAINER  docker_cmdvel             [ACTIF]  (auto_start_eliot-navigation)
    ├─ NODE  /nav_tunnel_pid_node                     [ACTIF]
    └─ NODE  /arduino_bridge                          [ACTIF]
  CONTAINER  node_controller           [CRÉÉ]  (auto_start_eliot-node_controller)
    └─ aucune node ROS2 détectée
  CONTAINER  covaciel_camera           [CRÉÉ]  (auto_start_eliot-camera)
    └─ aucune node ROS2 détectée
  CONTAINER  voiture_complete          [REDÉMARRAGE]  (integration_ws_eliot-voiture)
    └─ aucune node ROS2 détectée
  CONTAINER  eliot_arduino_bridge      [ACTIF]  (eliot_arduino_bridge-arduino_bridge)
    ├─ NODE  /arduino_bridge                          [ACTIF]
    └─ NODE  /nav_tunnel_pid_node                     [ACTIF]

━━━━━━━━━━━━━━━━━━━━━━━━━━━━━━━━━━━━━━━━━━━━━━━━━━━━━━━━━━━━
[2026-04-29  09:31:59]
  CONTAINER  objective_ardinghelli     [ÉTEINT]  (eliot_arduino_bridge-arduino_bridge:latest)
    └─ aucune node ROS2 détectée
  CONTAINER  docker_cmdvel             [ACTIF]  (auto_start_eliot-navigation)
    ├─ NODE  /nav_tunnel_pid_node                     [ACTIF]
    └─ NODE  /arduino_bridge                          [ACTIF]
  CONTAINER  node_controller           [CRÉÉ]  (auto_start_eliot-node_controller)
    └─ aucune node ROS2 détectée
  CONTAINER  covaciel_camera           [CRÉÉ]  (auto_start_eliot-camera)
    └─ aucune node ROS2 détectée
  CONTAINER  voiture_complete          [REDÉMARRAGE]  (integration_ws_eliot-voiture)
    └─ aucune node ROS2 détectée
  CONTAINER  eliot_arduino_bridge      [ACTIF]  (eliot_arduino_bridge-arduino_bridge)
    ├─ NODE  /arduino_bridge                          [ACTIF]
    └─ NODE  /nav_tunnel_pid_node                     [ACTIF]

━━━━━━━━━━━━━━━━━━━━━━━━━━━━━━━━━━━━━━━━━━━━━━━━━━━━━━━━━━━━
[2026-04-29  09:32:05]
  CONTAINER  objective_ardinghelli     [ÉTEINT]  (eliot_arduino_bridge-arduino_bridge:latest)
    └─ aucune node ROS2 détectée
  CONTAINER  docker_cmdvel             [ACTIF]  (auto_start_eliot-navigation)
    ├─ NODE  /nav_tunnel_pid_node                     [ACTIF]
    └─ NODE  /arduino_bridge                          [ACTIF]
  CONTAINER  node_controller           [CRÉÉ]  (auto_start_eliot-node_controller)
    └─ aucune node ROS2 détectée
  CONTAINER  covaciel_camera           [CRÉÉ]  (auto_start_eliot-camera)
    └─ aucune node ROS2 détectée
  CONTAINER  voiture_complete          [REDÉMARRAGE]  (integration_ws_eliot-voiture)
    └─ aucune node ROS2 détectée
  CONTAINER  eliot_arduino_bridge      [ACTIF]  (eliot_arduino_bridge-arduino_bridge)
    ├─ NODE  /arduino_bridge                          [ACTIF]
    └─ NODE  /nav_tunnel_pid_node                     [ACTIF]

━━━━━━━━━━━━━━━━━━━━━━━━━━━━━━━━━━━━━━━━━━━━━━━━━━━━━━━━━━━━
[2026-04-29  09:32:11]
  CONTAINER  objective_ardinghelli     [ÉTEINT]  (eliot_arduino_bridge-arduino_bridge:latest)
    └─ aucune node ROS2 détectée
  CONTAINER  docker_cmdvel             [ACTIF]  (auto_start_eliot-navigation)
    ├─ NODE  /nav_tunnel_pid_node                     [ACTIF]
    └─ NODE  /arduino_bridge                          [ACTIF]
  CONTAINER  node_controller           [CRÉÉ]  (auto_start_eliot-node_controller)
    └─ aucune node ROS2 détectée
  CONTAINER  covaciel_camera           [CRÉÉ]  (auto_start_eliot-camera)
    └─ aucune node ROS2 détectée
  CONTAINER  voiture_complete          [REDÉMARRAGE]  (integration_ws_eliot-voiture)
    └─ aucune node ROS2 détectée
  CONTAINER  eliot_arduino_bridge      [ACTIF]  (eliot_arduino_bridge-arduino_bridge)
    ├─ NODE  /arduino_bridge                          [ACTIF]
    └─ NODE  /nav_tunnel_pid_node                     [ACTIF]
